2025-08-25 21:51:59 WARN  [main] org.hibernate.orm.deprecation - HHH90000025: PostgreSQLDialect does not need to be specified explicitly using 'hibernate.dialect' (remove the property setting and it will be selected by default)
2025-08-25 21:52:01 WARN  [main] o.s.b.a.o.j.JpaBaseConfiguration$JpaWebConfiguration - spring.jpa.open-in-view is enabled by default. Therefore, database queries may be performed during view rendering. Explicitly configure spring.jpa.open-in-view to disable this warning
2025-08-25 21:52:02 WARN  [main] o.s.d.repository.query.ReturnedType - No constructor parameter names discovered. Compile the affected code with '-parameters' instead or avoid its introspection: ru.bmstu.iu7.impl.QuestionTagDto
2025-08-25 22:00:50 WARN  [main] org.hibernate.orm.deprecation - HHH90000025: PostgreSQLDialect does not need to be specified explicitly using 'hibernate.dialect' (remove the property setting and it will be selected by default)
2025-08-25 22:00:52 WARN  [main] o.s.b.a.o.j.JpaBaseConfiguration$JpaWebConfiguration - spring.jpa.open-in-view is enabled by default. Therefore, database queries may be performed during view rendering. Explicitly configure spring.jpa.open-in-view to disable this warning
2025-08-25 22:00:53 WARN  [main] o.s.d.repository.query.ReturnedType - No constructor parameter names discovered. Compile the affected code with '-parameters' instead or avoid its introspection: ru.bmstu.iu7.impl.QuestionTagDto
2025-08-25 22:02:26 INFO  [main] ru.bmstu.iu7.Main - Starting Main using Java 23.0.1 with PID 30396 (D:\Projects\PPO_f\PPO_f\app_cli\build\classes\java\main started by sidya in D:\Projects\PPO_f\PPO_f)
2025-08-25 22:02:26 DEBUG [main] ru.bmstu.iu7.Main - Running with Spring Boot v3.4.5, Spring v6.2.6
2025-08-25 22:02:26 INFO  [main] ru.bmstu.iu7.Main - No active profile set, falling back to 1 default profile: "default"
2025-08-25 22:02:26 DEBUG [main] o.s.boot.SpringApplication - Loading source class ru.bmstu.iu7.Main
2025-08-25 22:02:26 DEBUG [main] o.s.b.w.s.c.AnnotationConfigServletWebServerApplicationContext - Refreshing org.springframework.boot.web.servlet.context.AnnotationConfigServletWebServerApplicationContext@593e824f
2025-08-25 22:02:26 DEBUG [main] o.s.b.f.s.DefaultListableBeanFactory - Creating shared instance of singleton bean 'org.springframework.context.annotation.internalConfigurationAnnotationProcessor'
2025-08-25 22:02:26 DEBUG [main] o.s.b.f.s.DefaultListableBeanFactory - Creating shared instance of singleton bean 'org.springframework.boot.autoconfigure.internalCachingMetadataReaderFactory'
2025-08-25 22:02:26 DEBUG [main] o.s.c.a.ClassPathBeanDefinitionScanner - Ignored because not a concrete top-level class: URL [jar:file:/D:/Projects/PPO_f/PPO_f/DB/build/libs/DB-1.0-SNAPSHOT.jar!/ru/bmstu/iu7/impl/SpringExtendedAnswerRepository.class]
2025-08-25 22:02:26 DEBUG [main] o.s.c.a.ClassPathBeanDefinitionScanner - Ignored because not a concrete top-level class: URL [jar:file:/D:/Projects/PPO_f/PPO_f/DB/build/libs/DB-1.0-SNAPSHOT.jar!/ru/bmstu/iu7/impl/SpringInformationRepository.class]
2025-08-25 22:02:26 DEBUG [main] o.s.c.a.ClassPathBeanDefinitionScanner - Ignored because not a concrete top-level class: URL [jar:file:/D:/Projects/PPO_f/PPO_f/DB/build/libs/DB-1.0-SNAPSHOT.jar!/ru/bmstu/iu7/impl/SpringQuestionRepository.class]
2025-08-25 22:02:26 DEBUG [main] o.s.c.a.ClassPathBeanDefinitionScanner - Ignored because not a concrete top-level class: URL [jar:file:/D:/Projects/PPO_f/PPO_f/DB/build/libs/DB-1.0-SNAPSHOT.jar!/ru/bmstu/iu7/impl/SpringQuestionnaireRepository.class]
2025-08-25 22:02:26 DEBUG [main] o.s.c.a.ClassPathBeanDefinitionScanner - Ignored because not a concrete top-level class: URL [jar:file:/D:/Projects/PPO_f/PPO_f/DB/build/libs/DB-1.0-SNAPSHOT.jar!/ru/bmstu/iu7/impl/SpringReqCacheRepository.class]
2025-08-25 22:02:26 DEBUG [main] o.s.c.a.ClassPathBeanDefinitionScanner - Ignored because not a concrete top-level class: URL [jar:file:/D:/Projects/PPO_f/PPO_f/DB/build/libs/DB-1.0-SNAPSHOT.jar!/ru/bmstu/iu7/impl/SpringTagRepository.class]
2025-08-25 22:02:26 DEBUG [main] o.s.c.a.ClassPathBeanDefinitionScanner - Ignored because not a concrete top-level class: URL [jar:file:/D:/Projects/PPO_f/PPO_f/DB/build/libs/DB-1.0-SNAPSHOT.jar!/ru/bmstu/iu7/impl/SpringUserRepository.class]
2025-08-25 22:02:26 DEBUG [main] o.s.c.a.ClassPathBeanDefinitionScanner - Ignored because not a concrete top-level class: URL [jar:file:/D:/Projects/PPO_f/PPO_f/DB/build/libs/DB-1.0-SNAPSHOT.jar!/ru/bmstu/iu7/impl/SpringVariantAnswerRepository.class]
2025-08-25 22:02:27 INFO  [main] o.s.d.r.c.RepositoryConfigurationDelegate - Bootstrapping Spring Data JPA repositories in DEFAULT mode.
2025-08-25 22:02:27 DEBUG [main] o.s.b.f.s.DefaultListableBeanFactory - Creating shared instance of singleton bean 'org.springframework.boot.autoconfigure.AutoConfigurationPackages'
2025-08-25 22:02:27 DEBUG [main] o.s.b.a.AutoConfigurationPackages - @EnableAutoConfiguration was declared on a class in the package 'ru.bmstu.iu7'. Automatic @Repository and @Entity scanning is enabled.
2025-08-25 22:02:27 DEBUG [main] o.s.d.r.c.RepositoryConfigurationDelegate - Scanning for JPA repositories in packages ru.bmstu.iu7.
2025-08-25 22:02:27 DEBUG [main] o.s.d.r.c.RepositoryComponentProvider - Identified candidate component class: URL [jar:file:/D:/Projects/PPO_f/PPO_f/DB/build/libs/DB-1.0-SNAPSHOT.jar!/ru/bmstu/iu7/impl/SpringExtendedAnswerRepository.class]
2025-08-25 22:02:27 DEBUG [main] o.s.d.r.c.RepositoryComponentProvider - Identified candidate component class: URL [jar:file:/D:/Projects/PPO_f/PPO_f/DB/build/libs/DB-1.0-SNAPSHOT.jar!/ru/bmstu/iu7/impl/SpringInformationRepository.class]
2025-08-25 22:02:27 DEBUG [main] o.s.d.r.c.RepositoryComponentProvider - Identified candidate component class: URL [jar:file:/D:/Projects/PPO_f/PPO_f/DB/build/libs/DB-1.0-SNAPSHOT.jar!/ru/bmstu/iu7/impl/SpringQuestionRepository.class]
2025-08-25 22:02:27 DEBUG [main] o.s.d.r.c.RepositoryComponentProvider - Identified candidate component class: URL [jar:file:/D:/Projects/PPO_f/PPO_f/DB/build/libs/DB-1.0-SNAPSHOT.jar!/ru/bmstu/iu7/impl/SpringQuestionnaireRepository.class]
2025-08-25 22:02:27 DEBUG [main] o.s.d.r.c.RepositoryComponentProvider - Identified candidate component class: URL [jar:file:/D:/Projects/PPO_f/PPO_f/DB/build/libs/DB-1.0-SNAPSHOT.jar!/ru/bmstu/iu7/impl/SpringReqCacheRepository.class]
2025-08-25 22:02:27 DEBUG [main] o.s.d.r.c.RepositoryComponentProvider - Identified candidate component class: URL [jar:file:/D:/Projects/PPO_f/PPO_f/DB/build/libs/DB-1.0-SNAPSHOT.jar!/ru/bmstu/iu7/impl/SpringTagRepository.class]
2025-08-25 22:02:27 DEBUG [main] o.s.d.r.c.RepositoryComponentProvider - Identified candidate component class: URL [jar:file:/D:/Projects/PPO_f/PPO_f/DB/build/libs/DB-1.0-SNAPSHOT.jar!/ru/bmstu/iu7/impl/SpringUserRepository.class]
2025-08-25 22:02:27 DEBUG [main] o.s.d.r.c.RepositoryComponentProvider - Identified candidate component class: URL [jar:file:/D:/Projects/PPO_f/PPO_f/DB/build/libs/DB-1.0-SNAPSHOT.jar!/ru/bmstu/iu7/impl/SpringVariantAnswerRepository.class]
2025-08-25 22:02:27 INFO  [main] o.s.d.r.c.RepositoryConfigurationDelegate - Finished Spring Data repository scanning in 56 ms. Found 8 JPA repository interfaces.
2025-08-25 22:02:27 DEBUG [main] o.s.b.f.s.DefaultListableBeanFactory - Creating shared instance of singleton bean 'propertySourcesPlaceholderConfigurer'
2025-08-25 22:02:27 DEBUG [main] o.s.b.f.s.DefaultListableBeanFactory - Creating shared instance of singleton bean 'emBeanDefinitionRegistrarPostProcessor'
2025-08-25 22:02:27 DEBUG [main] o.s.b.f.s.DefaultListableBeanFactory - Creating shared instance of singleton bean 'org.springframework.boot.sql.init.dependency.DatabaseInitializationDependencyConfigurer$DependsOnDatabaseInitializationPostProcessor'
2025-08-25 22:02:27 DEBUG [main] o.s.b.f.s.DefaultListableBeanFactory - Creating shared instance of singleton bean 'org.springframework.context.event.internalEventListenerProcessor'
2025-08-25 22:02:27 DEBUG [main] o.s.b.f.s.DefaultListableBeanFactory - Creating shared instance of singleton bean 'preserveErrorControllerTargetClassPostProcessor'
2025-08-25 22:02:27 DEBUG [main] o.s.b.f.s.DefaultListableBeanFactory - Creating shared instance of singleton bean 'org.springframework.context.event.internalEventListenerFactory'
2025-08-25 22:02:27 DEBUG [main] o.s.b.f.s.DefaultListableBeanFactory - Creating shared instance of singleton bean 'org.springframework.transaction.config.internalTransactionalEventListenerFactory'
2025-08-25 22:02:27 DEBUG [main] o.s.b.f.s.DefaultListableBeanFactory - Creating shared instance of singleton bean 'org.springframework.context.annotation.internalAutowiredAnnotationProcessor'
2025-08-25 22:02:27 DEBUG [main] o.s.b.f.s.DefaultListableBeanFactory - Creating shared instance of singleton bean 'org.springframework.context.annotation.internalCommonAnnotationProcessor'
2025-08-25 22:02:27 DEBUG [main] o.s.b.f.s.DefaultListableBeanFactory - Creating shared instance of singleton bean 'org.springframework.context.annotation.internalPersistenceAnnotationProcessor'
2025-08-25 22:02:27 DEBUG [main] o.s.b.f.s.DefaultListableBeanFactory - Creating shared instance of singleton bean 'org.springframework.boot.context.properties.ConfigurationPropertiesBindingPostProcessor'
2025-08-25 22:02:27 DEBUG [main] o.s.b.f.s.DefaultListableBeanFactory - Creating shared instance of singleton bean 'org.springframework.boot.context.internalConfigurationPropertiesBinder'
2025-08-25 22:02:27 DEBUG [main] o.s.b.f.s.DefaultListableBeanFactory - Creating shared instance of singleton bean 'jdbcConnectionDetailsHikariBeanPostProcessor'
2025-08-25 22:02:27 DEBUG [main] o.s.b.f.s.DefaultListableBeanFactory - Creating shared instance of singleton bean 'org.springframework.aop.config.internalAutoProxyCreator'
2025-08-25 22:02:27 DEBUG [main] o.s.b.f.s.DefaultListableBeanFactory - Creating shared instance of singleton bean 'persistenceExceptionTranslationPostProcessor'
2025-08-25 22:02:27 DEBUG [main] o.s.b.f.s.DefaultListableBeanFactory - Autowiring by type from bean name 'persistenceExceptionTranslationPostProcessor' via factory method to bean named 'environment'
2025-08-25 22:02:27 DEBUG [main] o.s.b.f.s.DefaultListableBeanFactory - Creating shared instance of singleton bean 'webServerFactoryCustomizerBeanPostProcessor'
2025-08-25 22:02:27 DEBUG [main] o.s.b.f.s.DefaultListableBeanFactory - Creating shared instance of singleton bean 'errorPageRegistrarBeanPostProcessor'
2025-08-25 22:02:27 DEBUG [main] o.s.b.f.s.DefaultListableBeanFactory - Creating shared instance of singleton bean 'projectingArgumentResolverBeanPostProcessor'
2025-08-25 22:02:27 DEBUG [main] o.s.b.f.s.DefaultListableBeanFactory - Creating shared instance of singleton bean 'org.springframework.transaction.config.internalTransactionAdvisor'
2025-08-25 22:02:27 DEBUG [main] o.s.b.f.s.DefaultListableBeanFactory - Creating shared instance of singleton bean 'org.springframework.transaction.annotation.ProxyTransactionManagementConfiguration'
2025-08-25 22:02:27 DEBUG [main] o.s.b.f.s.DefaultListableBeanFactory - Creating shared instance of singleton bean 'transactionAttributeSource'
2025-08-25 22:02:27 DEBUG [main] o.s.b.f.s.DefaultListableBeanFactory - Creating shared instance of singleton bean 'transactionInterceptor'
2025-08-25 22:02:27 DEBUG [main] o.s.b.f.s.DefaultListableBeanFactory - Autowiring by type from bean name 'transactionInterceptor' via factory method to bean named 'transactionAttributeSource'
2025-08-25 22:02:27 DEBUG [main] o.s.b.f.s.DefaultListableBeanFactory - Autowiring by type from bean name 'org.springframework.transaction.config.internalTransactionAdvisor' via factory method to bean named 'transactionAttributeSource'
2025-08-25 22:02:27 DEBUG [main] o.s.b.f.s.DefaultListableBeanFactory - Autowiring by type from bean name 'org.springframework.transaction.config.internalTransactionAdvisor' via factory method to bean named 'transactionInterceptor'
2025-08-25 22:02:27 DEBUG [main] o.s.u.c.s.UiApplicationContextUtils - Unable to locate ThemeSource with name 'themeSource': using default [org.springframework.ui.context.support.ResourceBundleThemeSource@3481ff98]
2025-08-25 22:02:27 DEBUG [main] o.s.b.f.s.DefaultListableBeanFactory - Creating shared instance of singleton bean 'tomcatServletWebServerFactory'
2025-08-25 22:02:27 DEBUG [main] o.s.b.f.s.DefaultListableBeanFactory - Creating shared instance of singleton bean 'org.springframework.boot.autoconfigure.web.servlet.ServletWebServerFactoryConfiguration$EmbeddedTomcat'
2025-08-25 22:02:27 DEBUG [main] o.s.b.f.s.DefaultListableBeanFactory - Creating shared instance of singleton bean 'websocketServletWebServerCustomizer'
2025-08-25 22:02:27 DEBUG [main] o.s.b.f.s.DefaultListableBeanFactory - Creating shared instance of singleton bean 'org.springframework.boot.autoconfigure.websocket.servlet.WebSocketServletAutoConfiguration$TomcatWebSocketConfiguration'
2025-08-25 22:02:27 DEBUG [main] o.s.b.f.s.DefaultListableBeanFactory - Creating shared instance of singleton bean 'servletWebServerFactoryCustomizer'
2025-08-25 22:02:27 DEBUG [main] o.s.b.f.s.DefaultListableBeanFactory - Creating shared instance of singleton bean 'org.springframework.boot.autoconfigure.web.servlet.ServletWebServerFactoryAutoConfiguration'
2025-08-25 22:02:27 DEBUG [main] o.s.b.f.s.DefaultListableBeanFactory - Creating shared instance of singleton bean 'server-org.springframework.boot.autoconfigure.web.ServerProperties'
2025-08-25 22:02:27 DEBUG [main] o.s.b.f.s.DefaultListableBeanFactory - Creating shared instance of singleton bean 'org.springframework.boot.context.properties.BoundConfigurationProperties'
2025-08-25 22:02:27 DEBUG [main] o.s.b.f.s.DefaultListableBeanFactory - Autowiring by type from bean name 'servletWebServerFactoryCustomizer' via factory method to bean named 'server-org.springframework.boot.autoconfigure.web.ServerProperties'
2025-08-25 22:02:27 DEBUG [main] o.s.b.f.s.DefaultListableBeanFactory - Creating shared instance of singleton bean 'sslBundleRegistry'
2025-08-25 22:02:27 DEBUG [main] o.s.b.f.s.DefaultListableBeanFactory - Creating shared instance of singleton bean 'org.springframework.boot.autoconfigure.ssl.SslAutoConfiguration'
2025-08-25 22:02:27 DEBUG [main] o.s.b.f.s.DefaultListableBeanFactory - Creating shared instance of singleton bean 'spring.ssl-org.springframework.boot.autoconfigure.ssl.SslProperties'
2025-08-25 22:02:27 DEBUG [main] o.s.b.f.s.DefaultListableBeanFactory - Autowiring by type from bean name 'org.springframework.boot.autoconfigure.ssl.SslAutoConfiguration' via constructor to bean named 'org.springframework.boot.web.servlet.context.AnnotationConfigServletWebServerApplicationContext@593e824f'
2025-08-25 22:02:27 DEBUG [main] o.s.b.f.s.DefaultListableBeanFactory - Autowiring by type from bean name 'org.springframework.boot.autoconfigure.ssl.SslAutoConfiguration' via constructor to bean named 'spring.ssl-org.springframework.boot.autoconfigure.ssl.SslProperties'
2025-08-25 22:02:27 DEBUG [main] o.s.b.f.s.DefaultListableBeanFactory - Creating shared instance of singleton bean 'sslPropertiesSslBundleRegistrar'
2025-08-25 22:02:27 DEBUG [main] o.s.b.f.s.DefaultListableBeanFactory - Creating shared instance of singleton bean 'fileWatcher'
2025-08-25 22:02:27 DEBUG [main] o.s.b.f.s.DefaultListableBeanFactory - Autowiring by type from bean name 'sslPropertiesSslBundleRegistrar' via factory method to bean named 'fileWatcher'
2025-08-25 22:02:27 DEBUG [main] o.s.b.f.s.DefaultListableBeanFactory - Creating shared instance of singleton bean 'tomcatServletWebServerFactoryCustomizer'
2025-08-25 22:02:27 DEBUG [main] o.s.b.f.s.DefaultListableBeanFactory - Autowiring by type from bean name 'tomcatServletWebServerFactoryCustomizer' via factory method to bean named 'server-org.springframework.boot.autoconfigure.web.ServerProperties'
2025-08-25 22:02:27 DEBUG [main] o.s.b.f.s.DefaultListableBeanFactory - Creating shared instance of singleton bean 'tomcatWebServerFactoryCustomizer'
2025-08-25 22:02:27 DEBUG [main] o.s.b.f.s.DefaultListableBeanFactory - Creating shared instance of singleton bean 'org.springframework.boot.autoconfigure.web.embedded.EmbeddedWebServerFactoryCustomizerAutoConfiguration$TomcatWebServerFactoryCustomizerConfiguration'
2025-08-25 22:02:27 DEBUG [main] o.s.b.f.s.DefaultListableBeanFactory - Autowiring by type from bean name 'tomcatWebServerFactoryCustomizer' via factory method to bean named 'environment'
2025-08-25 22:02:27 DEBUG [main] o.s.b.f.s.DefaultListableBeanFactory - Autowiring by type from bean name 'tomcatWebServerFactoryCustomizer' via factory method to bean named 'server-org.springframework.boot.autoconfigure.web.ServerProperties'
2025-08-25 22:02:27 DEBUG [main] o.s.b.f.s.DefaultListableBeanFactory - Creating shared instance of singleton bean 'localeCharsetMappingsCustomizer'
2025-08-25 22:02:27 DEBUG [main] o.s.b.f.s.DefaultListableBeanFactory - Creating shared instance of singleton bean 'org.springframework.boot.autoconfigure.web.servlet.HttpEncodingAutoConfiguration'
2025-08-25 22:02:27 DEBUG [main] o.s.b.f.s.DefaultListableBeanFactory - Autowiring by type from bean name 'org.springframework.boot.autoconfigure.web.servlet.HttpEncodingAutoConfiguration' via constructor to bean named 'server-org.springframework.boot.autoconfigure.web.ServerProperties'
2025-08-25 22:02:27 DEBUG [main] o.a.c.core.AprLifecycleListener - The Apache Tomcat Native library could not be found using names [tcnative-2, libtcnative-2, tcnative-1, libtcnative-1] on the java.library.path [C:\Program Files\Java\jdk-23\bin;C:\Windows\Sun\Java\bin;C:\Windows\system32;C:\Windows;D:\Program\virtual_pro\bin\;C:\Program Files\Common Files\Oracle\Java\javapath;C:\Program Files (x86)\Common Files\Oracle\Java\java8path;C:\Program Files (x86)\Common Files\Oracle\Java\javapath;C:\Windows\System32\HWAudioDriver;C:\Windows\system32;C:\Windows;C:\Windows\System32\Wbem;C:\Windows\System32\WindowsPowerShell\v1.0\;C:\Windows\System32\OpenSSH\;C:\Users\Administrator\AppData\Local\Microsoft\WindowsApps;C:\Program Files\dotnet\;C:\Program Files (x86)\Windows Kits\10\Windows Performance Toolkit\;C:\Users\sidya\AppData\Local\Programs\MiKTeX\bin\x64;C:\Program Files\Git\cmd;C:\Program Files\PostgreSQL\17\bin;;C:\Program Files (x86)\Steel Bank Common Lisp\;C:\ProgramData\chocolatey\bin;C:\Program Files\swipl\bin;C:\Program Files\Docker\Docker\resources\bin;C:\Program Files\nodejs\;C:\Users\sidya\AppData\Local\Programs\Python\Python313\Scripts\;C:\Users\sidya\AppData\Local\Programs\Python\Python313\;C:\Users\sidya\AppData\Local\Programs\Python\Launcher\;C:\Users\sidya\AppData\Local\Microsoft\WindowsApps;C:\Users\sidya\.dotnet\tools;C:\Users\sidya\AppData\Local\Programs\Microsoft VS Code\bin;C:\Users\sidya\AppData\Local\Programs\MiKTeX\miktex\bin\x64\;C:\Users\sidya\AppData\Local\Programs\MiKTeX_1\miktex\bin\x64\;C:\Users\sidya\AppData\Local\JetBrains\Toolbox\scripts;C:\Users\sidya\AppData\Local\Programs\Ollama;C:\Users\sidya\AppData\Roaming\npm;.]. The errors reported were [Can't load library: D:\Projects\PPO_f\PPO_f\bin\tcnative-2.dll, Can't load library: D:\Projects\PPO_f\PPO_f\bin\libtcnative-2.dll, Can't load library: D:\Projects\PPO_f\PPO_f\bin\tcnative-1.dll, Can't load library: D:\Projects\PPO_f\PPO_f\bin\libtcnative-1.dll, no tcnative-2 in java.library.path: C:\Program Files\Java\jdk-23\bin;C:\Windows\Sun\Java\bin;C:\Windows\system32;C:\Windows;D:\Program\virtual_pro\bin\;C:\Program Files\Common Files\Oracle\Java\javapath;C:\Program Files (x86)\Common Files\Oracle\Java\java8path;C:\Program Files (x86)\Common Files\Oracle\Java\javapath;C:\Windows\System32\HWAudioDriver;C:\Windows\system32;C:\Windows;C:\Windows\System32\Wbem;C:\Windows\System32\WindowsPowerShell\v1.0\;C:\Windows\System32\OpenSSH\;C:\Users\Administrator\AppData\Local\Microsoft\WindowsApps;C:\Program Files\dotnet\;C:\Program Files (x86)\Windows Kits\10\Windows Performance Toolkit\;C:\Users\sidya\AppData\Local\Programs\MiKTeX\bin\x64;C:\Program Files\Git\cmd;C:\Program Files\PostgreSQL\17\bin;;C:\Program Files (x86)\Steel Bank Common Lisp\;C:\ProgramData\chocolatey\bin;C:\Program Files\swipl\bin;C:\Program Files\Docker\Docker\resources\bin;C:\Program Files\nodejs\;C:\Users\sidya\AppData\Local\Programs\Python\Python313\Scripts\;C:\Users\sidya\AppData\Local\Programs\Python\Python313\;C:\Users\sidya\AppData\Local\Programs\Python\Launcher\;C:\Users\sidya\AppData\Local\Microsoft\WindowsApps;C:\Users\sidya\.dotnet\tools;C:\Users\sidya\AppData\Local\Programs\Microsoft VS Code\bin;C:\Users\sidya\AppData\Local\Programs\MiKTeX\miktex\bin\x64\;C:\Users\sidya\AppData\Local\Programs\MiKTeX_1\miktex\bin\x64\;C:\Users\sidya\AppData\Local\JetBrains\Toolbox\scripts;C:\Users\sidya\AppData\Local\Programs\Ollama;C:\Users\sidya\AppData\Roaming\npm;., no libtcnative-2 in java.library.path: C:\Program Files\Java\jdk-23\bin;C:\Windows\Sun\Java\bin;C:\Windows\system32;C:\Windows;D:\Program\virtual_pro\bin\;C:\Program Files\Common Files\Oracle\Java\javapath;C:\Program Files (x86)\Common Files\Oracle\Java\java8path;C:\Program Files (x86)\Common Files\Oracle\Java\javapath;C:\Windows\System32\HWAudioDriver;C:\Windows\system32;C:\Windows;C:\Windows\System32\Wbem;C:\Windows\System32\WindowsPowerShell\v1.0\;C:\Windows\System32\OpenSSH\;C:\Users\Administrator\AppData\Local\Microsoft\WindowsApps;C:\Program Files\dotnet\;C:\Program Files (x86)\Windows Kits\10\Windows Performance Toolkit\;C:\Users\sidya\AppData\Local\Programs\MiKTeX\bin\x64;C:\Program Files\Git\cmd;C:\Program Files\PostgreSQL\17\bin;;C:\Program Files (x86)\Steel Bank Common Lisp\;C:\ProgramData\chocolatey\bin;C:\Program Files\swipl\bin;C:\Program Files\Docker\Docker\resources\bin;C:\Program Files\nodejs\;C:\Users\sidya\AppData\Local\Programs\Python\Python313\Scripts\;C:\Users\sidya\AppData\Local\Programs\Python\Python313\;C:\Users\sidya\AppData\Local\Programs\Python\Launcher\;C:\Users\sidya\AppData\Local\Microsoft\WindowsApps;C:\Users\sidya\.dotnet\tools;C:\Users\sidya\AppData\Local\Programs\Microsoft VS Code\bin;C:\Users\sidya\AppData\Local\Programs\MiKTeX\miktex\bin\x64\;C:\Users\sidya\AppData\Local\Programs\MiKTeX_1\miktex\bin\x64\;C:\Users\sidya\AppData\Local\JetBrains\Toolbox\scripts;C:\Users\sidya\AppData\Local\Programs\Ollama;C:\Users\sidya\AppData\Roaming\npm;., no tcnative-1 in java.library.path: C:\Program Files\Java\jdk-23\bin;C:\Windows\Sun\Java\bin;C:\Windows\system32;C:\Windows;D:\Program\virtual_pro\bin\;C:\Program Files\Common Files\Oracle\Java\javapath;C:\Program Files (x86)\Common Files\Oracle\Java\java8path;C:\Program Files (x86)\Common Files\Oracle\Java\javapath;C:\Windows\System32\HWAudioDriver;C:\Windows\system32;C:\Windows;C:\Windows\System32\Wbem;C:\Windows\System32\WindowsPowerShell\v1.0\;C:\Windows\System32\OpenSSH\;C:\Users\Administrator\AppData\Local\Microsoft\WindowsApps;C:\Program Files\dotnet\;C:\Program Files (x86)\Windows Kits\10\Windows Performance Toolkit\;C:\Users\sidya\AppData\Local\Programs\MiKTeX\bin\x64;C:\Program Files\Git\cmd;C:\Program Files\PostgreSQL\17\bin;;C:\Program Files (x86)\Steel Bank Common Lisp\;C:\ProgramData\chocolatey\bin;C:\Program Files\swipl\bin;C:\Program Files\Docker\Docker\resources\bin;C:\Program Files\nodejs\;C:\Users\sidya\AppData\Local\Programs\Python\Python313\Scripts\;C:\Users\sidya\AppData\Local\Programs\Python\Python313\;C:\Users\sidya\AppData\Local\Programs\Python\Launcher\;C:\Users\sidya\AppData\Local\Microsoft\WindowsApps;C:\Users\sidya\.dotnet\tools;C:\Users\sidya\AppData\Local\Programs\Microsoft VS Code\bin;C:\Users\sidya\AppData\Local\Programs\MiKTeX\miktex\bin\x64\;C:\Users\sidya\AppData\Local\Programs\MiKTeX_1\miktex\bin\x64\;C:\Users\sidya\AppData\Local\JetBrains\Toolbox\scripts;C:\Users\sidya\AppData\Local\Programs\Ollama;C:\Users\sidya\AppData\Roaming\npm;., no libtcnative-1 in java.library.path: C:\Program Files\Java\jdk-23\bin;C:\Windows\Sun\Java\bin;C:\Windows\system32;C:\Windows;D:\Program\virtual_pro\bin\;C:\Program Files\Common Files\Oracle\Java\javapath;C:\Program Files (x86)\Common Files\Oracle\Java\java8path;C:\Program Files (x86)\Common Files\Oracle\Java\javapath;C:\Windows\System32\HWAudioDriver;C:\Windows\system32;C:\Windows;C:\Windows\System32\Wbem;C:\Windows\System32\WindowsPowerShell\v1.0\;C:\Windows\System32\OpenSSH\;C:\Users\Administrator\AppData\Local\Microsoft\WindowsApps;C:\Program Files\dotnet\;C:\Program Files (x86)\Windows Kits\10\Windows Performance Toolkit\;C:\Users\sidya\AppData\Local\Programs\MiKTeX\bin\x64;C:\Program Files\Git\cmd;C:\Program Files\PostgreSQL\17\bin;;C:\Program Files (x86)\Steel Bank Common Lisp\;C:\ProgramData\chocolatey\bin;C:\Program Files\swipl\bin;C:\Program Files\Docker\Docker\resources\bin;C:\Program Files\nodejs\;C:\Users\sidya\AppData\Local\Programs\Python\Python313\Scripts\;C:\Users\sidya\AppData\Local\Programs\Python\Python313\;C:\Users\sidya\AppData\Local\Programs\Python\Launcher\;C:\Users\sidya\AppData\Local\Microsoft\WindowsApps;C:\Users\sidya\.dotnet\tools;C:\Users\sidya\AppData\Local\Programs\Microsoft VS Code\bin;C:\Users\sidya\AppData\Local\Programs\MiKTeX\miktex\bin\x64\;C:\Users\sidya\AppData\Local\Programs\MiKTeX_1\miktex\bin\x64\;C:\Users\sidya\AppData\Local\JetBrains\Toolbox\scripts;C:\Users\sidya\AppData\Local\Programs\Ollama;C:\Users\sidya\AppData\Roaming\npm;.]
org.apache.tomcat.jni.LibraryNotFoundError: Can't load library: D:\Projects\PPO_f\PPO_f\bin\tcnative-2.dll, Can't load library: D:\Projects\PPO_f\PPO_f\bin\libtcnative-2.dll, Can't load library: D:\Projects\PPO_f\PPO_f\bin\tcnative-1.dll, Can't load library: D:\Projects\PPO_f\PPO_f\bin\libtcnative-1.dll, no tcnative-2 in java.library.path: C:\Program Files\Java\jdk-23\bin;C:\Windows\Sun\Java\bin;C:\Windows\system32;C:\Windows;D:\Program\virtual_pro\bin\;C:\Program Files\Common Files\Oracle\Java\javapath;C:\Program Files (x86)\Common Files\Oracle\Java\java8path;C:\Program Files (x86)\Common Files\Oracle\Java\javapath;C:\Windows\System32\HWAudioDriver;C:\Windows\system32;C:\Windows;C:\Windows\System32\Wbem;C:\Windows\System32\WindowsPowerShell\v1.0\;C:\Windows\System32\OpenSSH\;C:\Users\Administrator\AppData\Local\Microsoft\WindowsApps;C:\Program Files\dotnet\;C:\Program Files (x86)\Windows Kits\10\Windows Performance Toolkit\;C:\Users\sidya\AppData\Local\Programs\MiKTeX\bin\x64;C:\Program Files\Git\cmd;C:\Program Files\PostgreSQL\17\bin;;C:\Program Files (x86)\Steel Bank Common Lisp\;C:\ProgramData\chocolatey\bin;C:\Program Files\swipl\bin;C:\Program Files\Docker\Docker\resources\bin;C:\Program Files\nodejs\;C:\Users\sidya\AppData\Local\Programs\Python\Python313\Scripts\;C:\Users\sidya\AppData\Local\Programs\Python\Python313\;C:\Users\sidya\AppData\Local\Programs\Python\Launcher\;C:\Users\sidya\AppData\Local\Microsoft\WindowsApps;C:\Users\sidya\.dotnet\tools;C:\Users\sidya\AppData\Local\Programs\Microsoft VS Code\bin;C:\Users\sidya\AppData\Local\Programs\MiKTeX\miktex\bin\x64\;C:\Users\sidya\AppData\Local\Programs\MiKTeX_1\miktex\bin\x64\;C:\Users\sidya\AppData\Local\JetBrains\Toolbox\scripts;C:\Users\sidya\AppData\Local\Programs\Ollama;C:\Users\sidya\AppData\Roaming\npm;., no libtcnative-2 in java.library.path: C:\Program Files\Java\jdk-23\bin;C:\Windows\Sun\Java\bin;C:\Windows\system32;C:\Windows;D:\Program\virtual_pro\bin\;C:\Program Files\Common Files\Oracle\Java\javapath;C:\Program Files (x86)\Common Files\Oracle\Java\java8path;C:\Program Files (x86)\Common Files\Oracle\Java\javapath;C:\Windows\System32\HWAudioDriver;C:\Windows\system32;C:\Windows;C:\Windows\System32\Wbem;C:\Windows\System32\WindowsPowerShell\v1.0\;C:\Windows\System32\OpenSSH\;C:\Users\Administrator\AppData\Local\Microsoft\WindowsApps;C:\Program Files\dotnet\;C:\Program Files (x86)\Windows Kits\10\Windows Performance Toolkit\;C:\Users\sidya\AppData\Local\Programs\MiKTeX\bin\x64;C:\Program Files\Git\cmd;C:\Program Files\PostgreSQL\17\bin;;C:\Program Files (x86)\Steel Bank Common Lisp\;C:\ProgramData\chocolatey\bin;C:\Program Files\swipl\bin;C:\Program Files\Docker\Docker\resources\bin;C:\Program Files\nodejs\;C:\Users\sidya\AppData\Local\Programs\Python\Python313\Scripts\;C:\Users\sidya\AppData\Local\Programs\Python\Python313\;C:\Users\sidya\AppData\Local\Programs\Python\Launcher\;C:\Users\sidya\AppData\Local\Microsoft\WindowsApps;C:\Users\sidya\.dotnet\tools;C:\Users\sidya\AppData\Local\Programs\Microsoft VS Code\bin;C:\Users\sidya\AppData\Local\Programs\MiKTeX\miktex\bin\x64\;C:\Users\sidya\AppData\Local\Programs\MiKTeX_1\miktex\bin\x64\;C:\Users\sidya\AppData\Local\JetBrains\Toolbox\scripts;C:\Users\sidya\AppData\Local\Programs\Ollama;C:\Users\sidya\AppData\Roaming\npm;., no tcnative-1 in java.library.path: C:\Program Files\Java\jdk-23\bin;C:\Windows\Sun\Java\bin;C:\Windows\system32;C:\Windows;D:\Program\virtual_pro\bin\;C:\Program Files\Common Files\Oracle\Java\javapath;C:\Program Files (x86)\Common Files\Oracle\Java\java8path;C:\Program Files (x86)\Common Files\Oracle\Java\javapath;C:\Windows\System32\HWAudioDriver;C:\Windows\system32;C:\Windows;C:\Windows\System32\Wbem;C:\Windows\System32\WindowsPowerShell\v1.0\;C:\Windows\System32\OpenSSH\;C:\Users\Administrator\AppData\Local\Microsoft\WindowsApps;C:\Program Files\dotnet\;C:\Program Files (x86)\Windows Kits\10\Windows Performance Toolkit\;C:\Users\sidya\AppData\Local\Programs\MiKTeX\bin\x64;C:\Program Files\Git\cmd;C:\Program Files\PostgreSQL\17\bin;;C:\Program Files (x86)\Steel Bank Common Lisp\;C:\ProgramData\chocolatey\bin;C:\Program Files\swipl\bin;C:\Program Files\Docker\Docker\resources\bin;C:\Program Files\nodejs\;C:\Users\sidya\AppData\Local\Programs\Python\Python313\Scripts\;C:\Users\sidya\AppData\Local\Programs\Python\Python313\;C:\Users\sidya\AppData\Local\Programs\Python\Launcher\;C:\Users\sidya\AppData\Local\Microsoft\WindowsApps;C:\Users\sidya\.dotnet\tools;C:\Users\sidya\AppData\Local\Programs\Microsoft VS Code\bin;C:\Users\sidya\AppData\Local\Programs\MiKTeX\miktex\bin\x64\;C:\Users\sidya\AppData\Local\Programs\MiKTeX_1\miktex\bin\x64\;C:\Users\sidya\AppData\Local\JetBrains\Toolbox\scripts;C:\Users\sidya\AppData\Local\Programs\Ollama;C:\Users\sidya\AppData\Roaming\npm;., no libtcnative-1 in java.library.path: C:\Program Files\Java\jdk-23\bin;C:\Windows\Sun\Java\bin;C:\Windows\system32;C:\Windows;D:\Program\virtual_pro\bin\;C:\Program Files\Common Files\Oracle\Java\javapath;C:\Program Files (x86)\Common Files\Oracle\Java\java8path;C:\Program Files (x86)\Common Files\Oracle\Java\javapath;C:\Windows\System32\HWAudioDriver;C:\Windows\system32;C:\Windows;C:\Windows\System32\Wbem;C:\Windows\System32\WindowsPowerShell\v1.0\;C:\Windows\System32\OpenSSH\;C:\Users\Administrator\AppData\Local\Microsoft\WindowsApps;C:\Program Files\dotnet\;C:\Program Files (x86)\Windows Kits\10\Windows Performance Toolkit\;C:\Users\sidya\AppData\Local\Programs\MiKTeX\bin\x64;C:\Program Files\Git\cmd;C:\Program Files\PostgreSQL\17\bin;;C:\Program Files (x86)\Steel Bank Common Lisp\;C:\ProgramData\chocolatey\bin;C:\Program Files\swipl\bin;C:\Program Files\Docker\Docker\resources\bin;C:\Program Files\nodejs\;C:\Users\sidya\AppData\Local\Programs\Python\Python313\Scripts\;C:\Users\sidya\AppData\Local\Programs\Python\Python313\;C:\Users\sidya\AppData\Local\Programs\Python\Launcher\;C:\Users\sidya\AppData\Local\Microsoft\WindowsApps;C:\Users\sidya\.dotnet\tools;C:\Users\sidya\AppData\Local\Programs\Microsoft VS Code\bin;C:\Users\sidya\AppData\Local\Programs\MiKTeX\miktex\bin\x64\;C:\Users\sidya\AppData\Local\Programs\MiKTeX_1\miktex\bin\x64\;C:\Users\sidya\AppData\Local\JetBrains\Toolbox\scripts;C:\Users\sidya\AppData\Local\Programs\Ollama;C:\Users\sidya\AppData\Roaming\npm;.
	at org.apache.tomcat.jni.Library.<init>(Library.java:91)
	at org.apache.tomcat.jni.Library.initialize(Library.java:147)
	at org.apache.catalina.core.AprLifecycleListener.init(AprLifecycleListener.java:211)
	at org.apache.catalina.core.AprLifecycleListener.isAprAvailable(AprLifecycleListener.java:113)
	at org.springframework.boot.autoconfigure.web.servlet.TomcatServletWebServerFactoryCustomizer.isAprAvailable(TomcatServletWebServerFactoryCustomizer.java:90)
	at org.springframework.boot.autoconfigure.web.servlet.TomcatServletWebServerFactoryCustomizer.getUseApr(TomcatServletWebServerFactoryCustomizer.java:81)
	at org.springframework.boot.autoconfigure.web.servlet.TomcatServletWebServerFactoryCustomizer.customize(TomcatServletWebServerFactoryCustomizer.java:63)
	at org.springframework.boot.autoconfigure.web.servlet.TomcatServletWebServerFactoryCustomizer.customize(TomcatServletWebServerFactoryCustomizer.java:38)
	at org.springframework.boot.web.server.WebServerFactoryCustomizerBeanPostProcessor.lambda$postProcessBeforeInitialization$0(WebServerFactoryCustomizerBeanPostProcessor.java:72)
	at org.springframework.boot.util.LambdaSafe$Callbacks.lambda$invoke$0(LambdaSafe.java:287)
	at org.springframework.boot.util.LambdaSafe$LambdaSafeCallback.invoke(LambdaSafe.java:159)
	at org.springframework.boot.util.LambdaSafe$Callbacks.lambda$invoke$1(LambdaSafe.java:286)
	at java.base/java.util.ArrayList.forEach(ArrayList.java:1597)
	at java.base/java.util.Collections$UnmodifiableCollection.forEach(Collections.java:1117)
	at org.springframework.boot.util.LambdaSafe$Callbacks.invoke(LambdaSafe.java:286)
	at org.springframework.boot.web.server.WebServerFactoryCustomizerBeanPostProcessor.postProcessBeforeInitialization(WebServerFactoryCustomizerBeanPostProcessor.java:72)
	at org.springframework.boot.web.server.WebServerFactoryCustomizerBeanPostProcessor.postProcessBeforeInitialization(WebServerFactoryCustomizerBeanPostProcessor.java:58)
	at org.springframework.beans.factory.support.AbstractAutowireCapableBeanFactory.applyBeanPostProcessorsBeforeInitialization(AbstractAutowireCapableBeanFactory.java:429)
	at org.springframework.beans.factory.support.AbstractAutowireCapableBeanFactory.initializeBean(AbstractAutowireCapableBeanFactory.java:1810)
	at org.springframework.beans.factory.support.AbstractAutowireCapableBeanFactory.doCreateBean(AbstractAutowireCapableBeanFactory.java:607)
	at org.springframework.beans.factory.support.AbstractAutowireCapableBeanFactory.createBean(AbstractAutowireCapableBeanFactory.java:529)
	at org.springframework.beans.factory.support.AbstractBeanFactory.lambda$doGetBean$0(AbstractBeanFactory.java:339)
	at org.springframework.beans.factory.support.DefaultSingletonBeanRegistry.getSingleton(DefaultSingletonBeanRegistry.java:371)
	at org.springframework.beans.factory.support.AbstractBeanFactory.doGetBean(AbstractBeanFactory.java:337)
	at org.springframework.beans.factory.support.AbstractBeanFactory.getBean(AbstractBeanFactory.java:207)
	at org.springframework.boot.web.servlet.context.ServletWebServerApplicationContext.getWebServerFactory(ServletWebServerApplicationContext.java:228)
	at org.springframework.boot.web.servlet.context.ServletWebServerApplicationContext.createWebServer(ServletWebServerApplicationContext.java:191)
	at org.springframework.boot.web.servlet.context.ServletWebServerApplicationContext.onRefresh(ServletWebServerApplicationContext.java:167)
	at org.springframework.context.support.AbstractApplicationContext.refresh(AbstractApplicationContext.java:621)
	at org.springframework.boot.web.servlet.context.ServletWebServerApplicationContext.refresh(ServletWebServerApplicationContext.java:146)
	at org.springframework.boot.SpringApplication.refresh(SpringApplication.java:753)
	at org.springframework.boot.SpringApplication.refreshContext(SpringApplication.java:439)
	at org.springframework.boot.SpringApplication.run(SpringApplication.java:318)
	at org.springframework.boot.SpringApplication.run(SpringApplication.java:1362)
	at org.springframework.boot.SpringApplication.run(SpringApplication.java:1351)
	at ru.bmstu.iu7.Main.main(Main.java:529)
2025-08-25 22:02:27 DEBUG [main] o.s.b.f.s.DefaultListableBeanFactory - Creating shared instance of singleton bean 'errorPageCustomizer'
2025-08-25 22:02:27 DEBUG [main] o.s.b.f.s.DefaultListableBeanFactory - Creating shared instance of singleton bean 'org.springframework.boot.autoconfigure.web.servlet.error.ErrorMvcAutoConfiguration'
2025-08-25 22:02:27 DEBUG [main] o.s.b.f.s.DefaultListableBeanFactory - Autowiring by type from bean name 'org.springframework.boot.autoconfigure.web.servlet.error.ErrorMvcAutoConfiguration' via constructor to bean named 'server-org.springframework.boot.autoconfigure.web.ServerProperties'
2025-08-25 22:02:27 DEBUG [main] o.s.b.f.s.DefaultListableBeanFactory - Creating shared instance of singleton bean 'dispatcherServletRegistration'
2025-08-25 22:02:27 DEBUG [main] o.s.b.f.s.DefaultListableBeanFactory - Creating shared instance of singleton bean 'org.springframework.boot.autoconfigure.web.servlet.DispatcherServletAutoConfiguration$DispatcherServletRegistrationConfiguration'
2025-08-25 22:02:27 DEBUG [main] o.s.b.f.s.DefaultListableBeanFactory - Creating shared instance of singleton bean 'dispatcherServlet'
2025-08-25 22:02:27 DEBUG [main] o.s.b.f.s.DefaultListableBeanFactory - Creating shared instance of singleton bean 'org.springframework.boot.autoconfigure.web.servlet.DispatcherServletAutoConfiguration$DispatcherServletConfiguration'
2025-08-25 22:02:27 DEBUG [main] o.s.b.f.s.DefaultListableBeanFactory - Creating shared instance of singleton bean 'spring.mvc-org.springframework.boot.autoconfigure.web.servlet.WebMvcProperties'
2025-08-25 22:02:27 DEBUG [main] o.s.b.f.s.DefaultListableBeanFactory - Autowiring by type from bean name 'dispatcherServlet' via factory method to bean named 'spring.mvc-org.springframework.boot.autoconfigure.web.servlet.WebMvcProperties'
2025-08-25 22:02:27 DEBUG [main] o.s.b.f.s.DefaultListableBeanFactory - Autowiring by type from bean name 'dispatcherServletRegistration' via factory method to bean named 'dispatcherServlet'
2025-08-25 22:02:27 DEBUG [main] o.s.b.f.s.DefaultListableBeanFactory - Autowiring by type from bean name 'dispatcherServletRegistration' via factory method to bean named 'spring.mvc-org.springframework.boot.autoconfigure.web.servlet.WebMvcProperties'
2025-08-25 22:02:27 DEBUG [main] o.s.b.f.s.DefaultListableBeanFactory - Creating shared instance of singleton bean 'multipartConfigElement'
2025-08-25 22:02:27 DEBUG [main] o.s.b.f.s.DefaultListableBeanFactory - Creating shared instance of singleton bean 'org.springframework.boot.autoconfigure.web.servlet.MultipartAutoConfiguration'
2025-08-25 22:02:27 DEBUG [main] o.s.b.f.s.DefaultListableBeanFactory - Creating shared instance of singleton bean 'spring.servlet.multipart-org.springframework.boot.autoconfigure.web.servlet.MultipartProperties'
2025-08-25 22:02:27 DEBUG [main] o.s.b.f.s.DefaultListableBeanFactory - Autowiring by type from bean name 'org.springframework.boot.autoconfigure.web.servlet.MultipartAutoConfiguration' via constructor to bean named 'spring.servlet.multipart-org.springframework.boot.autoconfigure.web.servlet.MultipartProperties'
2025-08-25 22:02:27 DEBUG [main] o.s.b.f.s.DefaultListableBeanFactory - Autowiring by type from bean name 'errorPageCustomizer' via factory method to bean named 'dispatcherServletRegistration'
2025-08-25 22:02:28 DEBUG [main] o.apache.catalina.core.ContainerBase - Add container child [StandardHost[localhost]] to container [StandardEngine[Tomcat]]
2025-08-25 22:02:28 DEBUG [main] o.s.b.w.e.t.TomcatServletWebServerFactory - Code archive: C:\Users\sidya\.gradle\caches\modules-2\files-2.1\org.springframework.boot\spring-boot\3.4.5\414fcf9f9e0ccb961243d8f36ef8ad6d4040e745\spring-boot-3.4.5.jar
2025-08-25 22:02:28 DEBUG [main] o.s.b.w.e.t.TomcatServletWebServerFactory - Code archive: C:\Users\sidya\.gradle\caches\modules-2\files-2.1\org.springframework.boot\spring-boot\3.4.5\414fcf9f9e0ccb961243d8f36ef8ad6d4040e745\spring-boot-3.4.5.jar
2025-08-25 22:02:28 DEBUG [main] o.s.b.w.e.t.TomcatServletWebServerFactory - None of the document roots [src/main/webapp, public, static] point to a directory and will be ignored.
2025-08-25 22:02:28 DEBUG [main] o.apache.catalina.core.ContainerBase - Add container child [TomcatEmbeddedContext[]] to container [StandardEngine[Tomcat].StandardHost[localhost]]
2025-08-25 22:02:28 INFO  [main] o.s.b.w.e.tomcat.TomcatWebServer - Tomcat initialized with port 9099 (http)
2025-08-25 22:02:28 DEBUG [main] o.apache.catalina.util.LifecycleBase - Setting state for [StandardServer[-1]] to [INITIALIZING]
2025-08-25 22:02:28 DEBUG [main] o.apache.catalina.util.LifecycleBase - Setting state for [org.apache.catalina.deploy.NamingResourcesImpl@3b7c80c6] to [INITIALIZING]
2025-08-25 22:02:28 DEBUG [main] o.apache.catalina.util.LifecycleBase - Setting state for [org.apache.catalina.deploy.NamingResourcesImpl@3b7c80c6] to [INITIALIZED]
2025-08-25 22:02:28 DEBUG [main] o.apache.catalina.util.LifecycleBase - Setting state for [StandardService[Tomcat]] to [INITIALIZING]
2025-08-25 22:02:28 DEBUG [main] o.apache.catalina.util.LifecycleBase - Setting state for [StandardEngine[Tomcat]] to [INITIALIZING]
2025-08-25 22:02:28 DEBUG [main] o.apache.catalina.util.LifecycleBase - Setting state for [StandardEngine[Tomcat]] to [INITIALIZED]
2025-08-25 22:02:28 DEBUG [main] o.apache.catalina.util.LifecycleBase - Setting state for [org.apache.catalina.mapper.MapperListener@5438c17a] to [INITIALIZING]
2025-08-25 22:02:28 DEBUG [main] o.apache.catalina.util.LifecycleBase - Setting state for [org.apache.catalina.mapper.MapperListener@5438c17a] to [INITIALIZED]
2025-08-25 22:02:28 DEBUG [main] o.apache.catalina.util.LifecycleBase - Setting state for [Connector["http-nio-127.0.0.1-9099"]] to [INITIALIZING]
2025-08-25 22:02:28 INFO  [main] o.a.coyote.http11.Http11NioProtocol - Initializing ProtocolHandler ["http-nio-127.0.0.1-9099"]
2025-08-25 22:02:28 DEBUG [main] o.apache.catalina.util.LifecycleBase - Setting state for [Connector["http-nio-127.0.0.1-9099"]] to [INITIALIZED]
2025-08-25 22:02:28 DEBUG [main] o.apache.catalina.util.LifecycleBase - Setting state for [StandardService[Tomcat]] to [INITIALIZED]
2025-08-25 22:02:28 DEBUG [main] o.apache.catalina.util.LifecycleBase - Setting state for [StandardServer[-1]] to [INITIALIZED]
2025-08-25 22:02:28 DEBUG [main] o.apache.catalina.util.LifecycleBase - Setting state for [StandardServer[-1]] to [STARTING_PREP]
2025-08-25 22:02:28 DEBUG [main] o.apache.catalina.util.LifecycleBase - Setting state for [StandardServer[-1]] to [STARTING]
2025-08-25 22:02:28 DEBUG [main] o.apache.catalina.util.LifecycleBase - Setting state for [org.apache.catalina.deploy.NamingResourcesImpl@3b7c80c6] to [STARTING_PREP]
2025-08-25 22:02:28 DEBUG [main] o.apache.catalina.util.LifecycleBase - Setting state for [org.apache.catalina.deploy.NamingResourcesImpl@3b7c80c6] to [STARTING]
2025-08-25 22:02:28 DEBUG [main] o.apache.catalina.util.LifecycleBase - Setting state for [org.apache.catalina.deploy.NamingResourcesImpl@3b7c80c6] to [STARTED]
2025-08-25 22:02:28 DEBUG [main] o.apache.catalina.util.LifecycleBase - Setting state for [StandardService[Tomcat]] to [STARTING_PREP]
2025-08-25 22:02:28 INFO  [main] o.a.catalina.core.StandardService - Starting service [Tomcat]
2025-08-25 22:02:28 DEBUG [main] o.apache.catalina.util.LifecycleBase - Setting state for [StandardService[Tomcat]] to [STARTING]
2025-08-25 22:02:28 DEBUG [main] o.apache.catalina.util.LifecycleBase - Setting state for [StandardEngine[Tomcat]] to [STARTING_PREP]
2025-08-25 22:02:28 INFO  [main] o.a.catalina.core.StandardEngine - Starting Servlet engine: [Apache Tomcat/10.1.40]
2025-08-25 22:02:28 DEBUG [main] o.apache.catalina.util.LifecycleBase - Setting state for [SimpleRealm[StandardEngine[Tomcat]]] to [INITIALIZING]
2025-08-25 22:02:28 DEBUG [main] o.apache.catalina.util.LifecycleBase - Setting state for [SimpleRealm[StandardEngine[Tomcat]]] to [INITIALIZED]
2025-08-25 22:02:28 DEBUG [main] o.apache.catalina.util.LifecycleBase - Setting state for [SimpleRealm[StandardEngine[Tomcat]]] to [STARTING_PREP]
2025-08-25 22:02:28 DEBUG [main] o.apache.catalina.util.LifecycleBase - Setting state for [SimpleRealm[StandardEngine[Tomcat]]] to [STARTING]
2025-08-25 22:02:28 DEBUG [main] o.apache.catalina.util.LifecycleBase - Setting state for [SimpleRealm[StandardEngine[Tomcat]]] to [STARTED]
2025-08-25 22:02:28 DEBUG [main] o.apache.catalina.util.LifecycleBase - Setting state for [StandardEngine[Tomcat].StandardHost[localhost]] to [INITIALIZING]
2025-08-25 22:02:28 DEBUG [main] o.apache.catalina.util.LifecycleBase - Setting state for [StandardEngine[Tomcat].StandardHost[localhost]] to [INITIALIZED]
2025-08-25 22:02:28 DEBUG [main] o.apache.catalina.util.LifecycleBase - Setting state for [StandardEngine[Tomcat].StandardHost[localhost]] to [STARTING_PREP]
2025-08-25 22:02:28 DEBUG [main] o.apache.catalina.util.LifecycleBase - Setting state for [StandardEngine[Tomcat].StandardHost[localhost].TomcatEmbeddedContext[]] to [INITIALIZING]
2025-08-25 22:02:28 DEBUG [main] o.apache.catalina.util.LifecycleBase - Setting state for [StandardEngine[Tomcat].StandardHost[localhost].TomcatEmbeddedContext[]] to [INITIALIZED]
2025-08-25 22:02:28 DEBUG [main] o.apache.catalina.util.LifecycleBase - Setting state for [StandardEngine[Tomcat].StandardHost[localhost].TomcatEmbeddedContext[]] to [STARTING_PREP]
2025-08-25 22:02:28 DEBUG [main] o.apache.catalina.util.LifecycleBase - Setting state for [org.apache.catalina.webresources.StandardRoot@c02670f] to [INITIALIZING]
2025-08-25 22:02:28 DEBUG [main] o.apache.catalina.util.LifecycleBase - Setting state for [org.apache.catalina.webresources.StandardRoot@c02670f] to [INITIALIZED]
2025-08-25 22:02:28 DEBUG [main] o.apache.catalina.util.LifecycleBase - Setting state for [org.apache.catalina.webresources.StandardRoot@c02670f] to [STARTING_PREP]
2025-08-25 22:02:28 DEBUG [main] o.apache.catalina.util.LifecycleBase - Setting state for [org.apache.catalina.webresources.DirResourceSet@9accff0] to [INITIALIZING]
2025-08-25 22:02:28 DEBUG [main] o.apache.catalina.util.LifecycleBase - Setting state for [org.apache.catalina.webresources.DirResourceSet@9accff0] to [INITIALIZED]
2025-08-25 22:02:28 DEBUG [main] o.apache.catalina.util.LifecycleBase - Setting state for [org.apache.catalina.webresources.DirResourceSet@9accff0] to [STARTING_PREP]
2025-08-25 22:02:28 DEBUG [main] o.apache.catalina.util.LifecycleBase - Setting state for [org.apache.catalina.webresources.DirResourceSet@9accff0] to [STARTING]
2025-08-25 22:02:28 DEBUG [main] o.apache.catalina.util.LifecycleBase - Setting state for [org.apache.catalina.webresources.DirResourceSet@9accff0] to [STARTED]
2025-08-25 22:02:28 DEBUG [main] o.apache.catalina.util.LifecycleBase - Setting state for [org.apache.catalina.webresources.StandardRoot@c02670f] to [STARTING]
2025-08-25 22:02:28 DEBUG [main] o.apache.catalina.util.LifecycleBase - Setting state for [org.apache.catalina.webresources.StandardRoot@c02670f] to [STARTED]
2025-08-25 22:02:28 DEBUG [main] o.apache.catalina.util.LifecycleBase - Setting state for [WebappLoader[StandardEngine[Tomcat].StandardHost[localhost].TomcatEmbeddedContext[]]] to [INITIALIZING]
2025-08-25 22:02:28 DEBUG [main] o.apache.catalina.util.LifecycleBase - Setting state for [WebappLoader[StandardEngine[Tomcat].StandardHost[localhost].TomcatEmbeddedContext[]]] to [INITIALIZED]
2025-08-25 22:02:28 DEBUG [main] o.apache.catalina.util.LifecycleBase - Setting state for [WebappLoader[StandardEngine[Tomcat].StandardHost[localhost].TomcatEmbeddedContext[]]] to [STARTING_PREP]
2025-08-25 22:02:28 DEBUG [main] o.a.catalina.loader.WebappLoader - Starting this Loader
2025-08-25 22:02:28 DEBUG [main] o.apache.catalina.webresources.Cache - Increased cache size by [531] for item [org.apache.catalina.webresources.CachedResource@41b64020] at [/WEB-INF/classes] making total cache size [531]
2025-08-25 22:02:28 DEBUG [main] o.apache.catalina.util.LifecycleBase - Setting state for [WebappLoader[StandardEngine[Tomcat].StandardHost[localhost].TomcatEmbeddedContext[]]] to [STARTING]
2025-08-25 22:02:28 DEBUG [main] o.apache.catalina.util.LifecycleBase - Setting state for [WebappLoader[StandardEngine[Tomcat].StandardHost[localhost].TomcatEmbeddedContext[]]] to [STARTED]
2025-08-25 22:02:28 DEBUG [main] o.apache.catalina.util.LifecycleBase - Setting state for [StandardPipeline[StandardEngine[Tomcat].StandardHost[localhost].TomcatEmbeddedContext[]]] to [INITIALIZING]
2025-08-25 22:02:28 DEBUG [main] o.apache.catalina.util.LifecycleBase - Setting state for [StandardPipeline[StandardEngine[Tomcat].StandardHost[localhost].TomcatEmbeddedContext[]]] to [INITIALIZED]
2025-08-25 22:02:28 DEBUG [main] o.apache.catalina.util.LifecycleBase - Setting state for [StandardPipeline[StandardEngine[Tomcat].StandardHost[localhost].TomcatEmbeddedContext[]]] to [STARTING_PREP]
2025-08-25 22:02:28 DEBUG [main] o.apache.catalina.util.LifecycleBase - Setting state for [NonLoginAuthenticator[StandardEngine[Tomcat].StandardHost[localhost].TomcatEmbeddedContext[]]] to [INITIALIZING]
2025-08-25 22:02:28 DEBUG [main] o.apache.catalina.util.LifecycleBase - Setting state for [NonLoginAuthenticator[StandardEngine[Tomcat].StandardHost[localhost].TomcatEmbeddedContext[]]] to [INITIALIZED]
2025-08-25 22:02:28 DEBUG [main] o.apache.catalina.util.LifecycleBase - Setting state for [NonLoginAuthenticator[StandardEngine[Tomcat].StandardHost[localhost].TomcatEmbeddedContext[]]] to [STARTING_PREP]
2025-08-25 22:02:28 DEBUG [main] o.apache.catalina.util.LifecycleBase - Setting state for [NonLoginAuthenticator[StandardEngine[Tomcat].StandardHost[localhost].TomcatEmbeddedContext[]]] to [STARTING]
2025-08-25 22:02:28 DEBUG [main] o.apache.catalina.util.LifecycleBase - Setting state for [NonLoginAuthenticator[StandardEngine[Tomcat].StandardHost[localhost].TomcatEmbeddedContext[]]] to [STARTED]
2025-08-25 22:02:28 DEBUG [main] o.apache.catalina.util.LifecycleBase - Setting state for [StandardContextValve[StandardEngine[Tomcat].StandardHost[localhost].TomcatEmbeddedContext[]]] to [INITIALIZING]
2025-08-25 22:02:28 DEBUG [main] o.apache.catalina.util.LifecycleBase - Setting state for [StandardContextValve[StandardEngine[Tomcat].StandardHost[localhost].TomcatEmbeddedContext[]]] to [INITIALIZED]
2025-08-25 22:02:28 DEBUG [main] o.apache.catalina.util.LifecycleBase - Setting state for [StandardContextValve[StandardEngine[Tomcat].StandardHost[localhost].TomcatEmbeddedContext[]]] to [STARTING_PREP]
2025-08-25 22:02:28 DEBUG [main] o.apache.catalina.util.LifecycleBase - Setting state for [StandardContextValve[StandardEngine[Tomcat].StandardHost[localhost].TomcatEmbeddedContext[]]] to [STARTING]
2025-08-25 22:02:28 DEBUG [main] o.apache.catalina.util.LifecycleBase - Setting state for [StandardContextValve[StandardEngine[Tomcat].StandardHost[localhost].TomcatEmbeddedContext[]]] to [STARTED]
2025-08-25 22:02:28 DEBUG [main] o.apache.catalina.util.LifecycleBase - Setting state for [StandardPipeline[StandardEngine[Tomcat].StandardHost[localhost].TomcatEmbeddedContext[]]] to [STARTING]
2025-08-25 22:02:28 DEBUG [main] o.apache.catalina.util.LifecycleBase - Setting state for [StandardPipeline[StandardEngine[Tomcat].StandardHost[localhost].TomcatEmbeddedContext[]]] to [STARTED]
2025-08-25 22:02:28 DEBUG [main] o.a.catalina.core.StandardContext - No manager found. Checking if cluster manager should be used. Cluster configured: [false], Application distributable: [false]
2025-08-25 22:02:28 DEBUG [main] o.a.catalina.core.StandardContext - Configured a manager of class [org.apache.catalina.session.StandardManager]
2025-08-25 22:02:28 DEBUG [main] o.apache.catalina.util.LifecycleBase - Setting state for [org.apache.catalina.deploy.NamingResourcesImpl@35d60381] to [INITIALIZING]
2025-08-25 22:02:28 DEBUG [main] o.apache.catalina.util.LifecycleBase - Setting state for [org.apache.catalina.deploy.NamingResourcesImpl@35d60381] to [INITIALIZED]
2025-08-25 22:02:28 DEBUG [main] o.apache.catalina.util.LifecycleBase - Setting state for [org.apache.catalina.deploy.NamingResourcesImpl@35d60381] to [STARTING_PREP]
2025-08-25 22:02:28 DEBUG [main] o.apache.catalina.util.LifecycleBase - Setting state for [org.apache.catalina.deploy.NamingResourcesImpl@35d60381] to [STARTING]
2025-08-25 22:02:28 DEBUG [main] o.apache.catalina.util.LifecycleBase - Setting state for [org.apache.catalina.deploy.NamingResourcesImpl@35d60381] to [STARTED]
2025-08-25 22:02:28 INFO  [main] o.a.c.c.C.[Tomcat].[localhost].[/] - Initializing Spring embedded WebApplicationContext
2025-08-25 22:02:28 DEBUG [main] o.s.b.w.s.c.ServletWebServerApplicationContext - Published root WebApplicationContext as ServletContext attribute with name [org.springframework.web.context.WebApplicationContext.ROOT]
2025-08-25 22:02:28 INFO  [main] o.s.b.w.s.c.ServletWebServerApplicationContext - Root WebApplicationContext: initialization completed in 1610 ms
2025-08-25 22:02:28 DEBUG [main] o.s.b.f.s.DefaultListableBeanFactory - Creating shared instance of singleton bean 'requestContextFilter'
2025-08-25 22:02:28 DEBUG [main] o.s.b.f.s.DefaultListableBeanFactory - Creating shared instance of singleton bean 'formContentFilter'
2025-08-25 22:02:28 DEBUG [main] o.s.b.f.s.DefaultListableBeanFactory - Creating shared instance of singleton bean 'org.springframework.boot.autoconfigure.web.servlet.WebMvcAutoConfiguration'
2025-08-25 22:02:28 DEBUG [main] o.s.b.f.s.DefaultListableBeanFactory - Creating shared instance of singleton bean 'characterEncodingFilter'
2025-08-25 22:02:28 DEBUG [main] o.s.b.w.s.ServletContextInitializerBeans - Mapping filters: characterEncodingFilter urls=[/*] order=-2147483648, formContentFilter urls=[/*] order=-9900, requestContextFilter urls=[/*] order=-105
2025-08-25 22:02:28 DEBUG [main] o.s.b.w.s.ServletContextInitializerBeans - Mapping servlets: dispatcherServlet urls=[/]
2025-08-25 22:02:28 DEBUG [main] o.apache.catalina.core.ContainerBase - Add container child [StandardWrapper[dispatcherServlet]] to container [StandardEngine[Tomcat].StandardHost[localhost].TomcatEmbeddedContext[]]
2025-08-25 22:02:28 DEBUG [main] o.apache.catalina.util.LifecycleBase - Setting state for [StandardEngine[Tomcat].StandardHost[localhost].TomcatEmbeddedContext[].StandardWrapper[dispatcherServlet]] to [INITIALIZING]
2025-08-25 22:02:28 DEBUG [main] o.apache.catalina.util.LifecycleBase - Setting state for [StandardEngine[Tomcat].StandardHost[localhost].TomcatEmbeddedContext[].StandardWrapper[dispatcherServlet]] to [INITIALIZED]
2025-08-25 22:02:28 DEBUG [main] o.apache.catalina.util.LifecycleBase - Setting state for [StandardEngine[Tomcat].StandardHost[localhost].TomcatEmbeddedContext[].StandardWrapper[dispatcherServlet]] to [STARTING_PREP]
2025-08-25 22:02:28 DEBUG [main] o.apache.catalina.util.LifecycleBase - Setting state for [StandardPipeline[StandardEngine[Tomcat].StandardHost[localhost].TomcatEmbeddedContext[].StandardWrapper[dispatcherServlet]]] to [INITIALIZING]
2025-08-25 22:02:28 DEBUG [main] o.apache.catalina.util.LifecycleBase - Setting state for [StandardPipeline[StandardEngine[Tomcat].StandardHost[localhost].TomcatEmbeddedContext[].StandardWrapper[dispatcherServlet]]] to [INITIALIZED]
2025-08-25 22:02:28 DEBUG [main] o.apache.catalina.util.LifecycleBase - Setting state for [StandardPipeline[StandardEngine[Tomcat].StandardHost[localhost].TomcatEmbeddedContext[].StandardWrapper[dispatcherServlet]]] to [STARTING_PREP]
2025-08-25 22:02:28 DEBUG [main] o.apache.catalina.util.LifecycleBase - Setting state for [StandardWrapperValve[StandardEngine[Tomcat].StandardHost[localhost].TomcatEmbeddedContext[].StandardWrapper[dispatcherServlet]]] to [INITIALIZING]
2025-08-25 22:02:28 DEBUG [main] o.apache.catalina.util.LifecycleBase - Setting state for [StandardWrapperValve[StandardEngine[Tomcat].StandardHost[localhost].TomcatEmbeddedContext[].StandardWrapper[dispatcherServlet]]] to [INITIALIZED]
2025-08-25 22:02:28 DEBUG [main] o.apache.catalina.util.LifecycleBase - Setting state for [StandardWrapperValve[StandardEngine[Tomcat].StandardHost[localhost].TomcatEmbeddedContext[].StandardWrapper[dispatcherServlet]]] to [STARTING_PREP]
2025-08-25 22:02:28 DEBUG [main] o.apache.catalina.util.LifecycleBase - Setting state for [StandardWrapperValve[StandardEngine[Tomcat].StandardHost[localhost].TomcatEmbeddedContext[].StandardWrapper[dispatcherServlet]]] to [STARTING]
2025-08-25 22:02:28 DEBUG [main] o.apache.catalina.util.LifecycleBase - Setting state for [StandardWrapperValve[StandardEngine[Tomcat].StandardHost[localhost].TomcatEmbeddedContext[].StandardWrapper[dispatcherServlet]]] to [STARTED]
2025-08-25 22:02:28 DEBUG [main] o.apache.catalina.util.LifecycleBase - Setting state for [StandardPipeline[StandardEngine[Tomcat].StandardHost[localhost].TomcatEmbeddedContext[].StandardWrapper[dispatcherServlet]]] to [STARTING]
2025-08-25 22:02:28 DEBUG [main] o.apache.catalina.util.LifecycleBase - Setting state for [StandardPipeline[StandardEngine[Tomcat].StandardHost[localhost].TomcatEmbeddedContext[].StandardWrapper[dispatcherServlet]]] to [STARTED]
2025-08-25 22:02:28 DEBUG [main] o.apache.catalina.util.LifecycleBase - Setting state for [StandardEngine[Tomcat].StandardHost[localhost].TomcatEmbeddedContext[].StandardWrapper[dispatcherServlet]] to [STARTING]
2025-08-25 22:02:28 DEBUG [main] o.apache.catalina.util.LifecycleBase - Setting state for [StandardEngine[Tomcat].StandardHost[localhost].TomcatEmbeddedContext[].StandardWrapper[dispatcherServlet]] to [STARTED]
2025-08-25 22:02:28 DEBUG [main] o.apache.catalina.util.LifecycleBase - Setting state for [StandardManager[StandardEngine[Tomcat].StandardHost[localhost].TomcatEmbeddedContext[]]] to [INITIALIZING]
2025-08-25 22:02:28 DEBUG [main] o.apache.catalina.util.LifecycleBase - Setting state for [StandardManager[StandardEngine[Tomcat].StandardHost[localhost].TomcatEmbeddedContext[]]] to [INITIALIZED]
2025-08-25 22:02:28 DEBUG [main] o.apache.catalina.util.LifecycleBase - Setting state for [StandardManager[StandardEngine[Tomcat].StandardHost[localhost].TomcatEmbeddedContext[]]] to [STARTING_PREP]
2025-08-25 22:02:28 DEBUG [main] o.apache.catalina.util.LifecycleBase - Setting state for [org.springframework.boot.web.embedded.tomcat.LazySessionIdGenerator@52d3fafd] to [INITIALIZING]
2025-08-25 22:02:28 DEBUG [main] o.apache.catalina.util.LifecycleBase - Setting state for [org.springframework.boot.web.embedded.tomcat.LazySessionIdGenerator@52d3fafd] to [INITIALIZED]
2025-08-25 22:02:28 DEBUG [main] o.apache.catalina.util.LifecycleBase - Setting state for [org.springframework.boot.web.embedded.tomcat.LazySessionIdGenerator@52d3fafd] to [STARTING_PREP]
2025-08-25 22:02:28 DEBUG [main] o.apache.catalina.util.LifecycleBase - Setting state for [org.springframework.boot.web.embedded.tomcat.LazySessionIdGenerator@52d3fafd] to [STARTING]
2025-08-25 22:02:28 DEBUG [main] o.apache.catalina.util.LifecycleBase - Setting state for [org.springframework.boot.web.embedded.tomcat.LazySessionIdGenerator@52d3fafd] to [STARTED]
2025-08-25 22:02:28 DEBUG [main] o.apache.catalina.util.LifecycleBase - Setting state for [StandardManager[StandardEngine[Tomcat].StandardHost[localhost].TomcatEmbeddedContext[]]] to [STARTING]
2025-08-25 22:02:28 DEBUG [main] o.apache.catalina.util.LifecycleBase - Setting state for [StandardManager[StandardEngine[Tomcat].StandardHost[localhost].TomcatEmbeddedContext[]]] to [STARTED]
2025-08-25 22:02:28 DEBUG [main] o.s.b.w.s.f.OrderedRequestContextFilter - Filter 'requestContextFilter' configured for use
2025-08-25 22:02:28 DEBUG [main] o.s.b.w.s.f.OrderedCharacterEncodingFilter - Filter 'characterEncodingFilter' configured for use
2025-08-25 22:02:28 DEBUG [main] o.s.b.w.s.f.OrderedFormContentFilter - Filter 'formContentFilter' configured for use
2025-08-25 22:02:28 DEBUG [main] o.apache.catalina.util.LifecycleBase - Setting state for [StandardEngine[Tomcat].StandardHost[localhost].TomcatEmbeddedContext[]] to [STARTING]
2025-08-25 22:02:28 DEBUG [main] o.apache.catalina.util.LifecycleBase - Setting state for [StandardEngine[Tomcat].StandardHost[localhost].TomcatEmbeddedContext[]] to [STARTED]
2025-08-25 22:02:28 DEBUG [main] o.apache.catalina.util.LifecycleBase - Setting state for [StandardPipeline[StandardEngine[Tomcat].StandardHost[localhost]]] to [INITIALIZING]
2025-08-25 22:02:28 DEBUG [main] o.apache.catalina.util.LifecycleBase - Setting state for [StandardPipeline[StandardEngine[Tomcat].StandardHost[localhost]]] to [INITIALIZED]
2025-08-25 22:02:28 DEBUG [main] o.apache.catalina.util.LifecycleBase - Setting state for [StandardPipeline[StandardEngine[Tomcat].StandardHost[localhost]]] to [STARTING_PREP]
2025-08-25 22:02:28 DEBUG [main] o.apache.catalina.util.LifecycleBase - Setting state for [ErrorReportValve[StandardEngine[Tomcat].StandardHost[localhost]]] to [INITIALIZING]
2025-08-25 22:02:28 DEBUG [main] o.apache.catalina.util.LifecycleBase - Setting state for [ErrorReportValve[StandardEngine[Tomcat].StandardHost[localhost]]] to [INITIALIZED]
2025-08-25 22:02:28 DEBUG [main] o.apache.catalina.util.LifecycleBase - Setting state for [ErrorReportValve[StandardEngine[Tomcat].StandardHost[localhost]]] to [STARTING_PREP]
2025-08-25 22:02:28 DEBUG [main] o.apache.catalina.util.LifecycleBase - Setting state for [ErrorReportValve[StandardEngine[Tomcat].StandardHost[localhost]]] to [STARTING]
2025-08-25 22:02:28 DEBUG [main] o.apache.catalina.util.LifecycleBase - Setting state for [ErrorReportValve[StandardEngine[Tomcat].StandardHost[localhost]]] to [STARTED]
2025-08-25 22:02:28 DEBUG [main] o.apache.catalina.util.LifecycleBase - Setting state for [StandardHostValve[StandardEngine[Tomcat].StandardHost[localhost]]] to [INITIALIZING]
2025-08-25 22:02:28 DEBUG [main] o.apache.catalina.util.LifecycleBase - Setting state for [StandardHostValve[StandardEngine[Tomcat].StandardHost[localhost]]] to [INITIALIZED]
2025-08-25 22:02:28 DEBUG [main] o.apache.catalina.util.LifecycleBase - Setting state for [StandardHostValve[StandardEngine[Tomcat].StandardHost[localhost]]] to [STARTING_PREP]
2025-08-25 22:02:28 DEBUG [main] o.apache.catalina.util.LifecycleBase - Setting state for [StandardHostValve[StandardEngine[Tomcat].StandardHost[localhost]]] to [STARTING]
2025-08-25 22:02:28 DEBUG [main] o.apache.catalina.util.LifecycleBase - Setting state for [StandardHostValve[StandardEngine[Tomcat].StandardHost[localhost]]] to [STARTED]
2025-08-25 22:02:28 DEBUG [main] o.apache.catalina.util.LifecycleBase - Setting state for [StandardPipeline[StandardEngine[Tomcat].StandardHost[localhost]]] to [STARTING]
2025-08-25 22:02:28 DEBUG [main] o.apache.catalina.util.LifecycleBase - Setting state for [StandardPipeline[StandardEngine[Tomcat].StandardHost[localhost]]] to [STARTED]
2025-08-25 22:02:28 DEBUG [main] o.apache.catalina.util.LifecycleBase - Setting state for [StandardEngine[Tomcat].StandardHost[localhost]] to [STARTING]
2025-08-25 22:02:28 DEBUG [main] o.apache.catalina.util.LifecycleBase - Setting state for [StandardEngine[Tomcat].StandardHost[localhost]] to [STARTED]
2025-08-25 22:02:28 DEBUG [main] o.apache.catalina.util.LifecycleBase - Setting state for [StandardPipeline[StandardEngine[Tomcat]]] to [INITIALIZING]
2025-08-25 22:02:28 DEBUG [main] o.apache.catalina.util.LifecycleBase - Setting state for [StandardPipeline[StandardEngine[Tomcat]]] to [INITIALIZED]
2025-08-25 22:02:28 DEBUG [main] o.apache.catalina.util.LifecycleBase - Setting state for [StandardPipeline[StandardEngine[Tomcat]]] to [STARTING_PREP]
2025-08-25 22:02:28 DEBUG [main] o.apache.catalina.util.LifecycleBase - Setting state for [StandardEngineValve[StandardEngine[Tomcat]]] to [INITIALIZING]
2025-08-25 22:02:28 DEBUG [main] o.apache.catalina.util.LifecycleBase - Setting state for [StandardEngineValve[StandardEngine[Tomcat]]] to [INITIALIZED]
2025-08-25 22:02:28 DEBUG [main] o.apache.catalina.util.LifecycleBase - Setting state for [StandardEngineValve[StandardEngine[Tomcat]]] to [STARTING_PREP]
2025-08-25 22:02:28 DEBUG [main] o.apache.catalina.util.LifecycleBase - Setting state for [StandardEngineValve[StandardEngine[Tomcat]]] to [STARTING]
2025-08-25 22:02:28 DEBUG [main] o.apache.catalina.util.LifecycleBase - Setting state for [StandardEngineValve[StandardEngine[Tomcat]]] to [STARTED]
2025-08-25 22:02:28 DEBUG [main] o.apache.catalina.util.LifecycleBase - Setting state for [StandardPipeline[StandardEngine[Tomcat]]] to [STARTING]
2025-08-25 22:02:28 DEBUG [main] o.apache.catalina.util.LifecycleBase - Setting state for [StandardPipeline[StandardEngine[Tomcat]]] to [STARTED]
2025-08-25 22:02:28 DEBUG [main] o.apache.catalina.util.LifecycleBase - Setting state for [StandardEngine[Tomcat]] to [STARTING]
2025-08-25 22:02:28 DEBUG [main] o.apache.catalina.util.LifecycleBase - Setting state for [StandardEngine[Tomcat]] to [STARTED]
2025-08-25 22:02:28 DEBUG [main] o.apache.catalina.util.LifecycleBase - Setting state for [org.apache.catalina.mapper.MapperListener@5438c17a] to [STARTING_PREP]
2025-08-25 22:02:28 DEBUG [main] o.apache.catalina.util.LifecycleBase - Setting state for [org.apache.catalina.mapper.MapperListener@5438c17a] to [STARTING]
2025-08-25 22:02:28 DEBUG [main] org.apache.catalina.mapper.Mapper - Registered host [localhost]
2025-08-25 22:02:28 DEBUG [main] o.a.catalina.mapper.MapperListener - Register Wrapper [dispatcherServlet] in Context [] for service [StandardService[Tomcat]]
2025-08-25 22:02:28 DEBUG [main] o.a.catalina.mapper.MapperListener - Register Context [] for service [StandardService[Tomcat]]
2025-08-25 22:02:28 DEBUG [main] o.a.catalina.mapper.MapperListener - Register host [localhost] at domain [null] for service [StandardService[Tomcat]]
2025-08-25 22:02:28 DEBUG [main] o.apache.catalina.util.LifecycleBase - Setting state for [org.apache.catalina.mapper.MapperListener@5438c17a] to [STARTED]
2025-08-25 22:02:28 DEBUG [main] o.apache.catalina.util.LifecycleBase - Setting state for [StandardService[Tomcat]] to [STARTED]
2025-08-25 22:02:28 DEBUG [main] o.apache.catalina.util.LifecycleBase - Setting state for [StandardServer[-1]] to [STARTED]
2025-08-25 22:02:28 DEBUG [main] o.s.b.f.s.DefaultListableBeanFactory - Creating shared instance of singleton bean 'dataSourceScriptDatabaseInitializer'
2025-08-25 22:02:28 DEBUG [main] o.s.b.f.s.DefaultListableBeanFactory - Creating shared instance of singleton bean 'org.springframework.boot.autoconfigure.sql.init.DataSourceInitializationConfiguration'
2025-08-25 22:02:28 DEBUG [main] o.s.b.f.s.DefaultListableBeanFactory - Creating shared instance of singleton bean 'dataSource'
2025-08-25 22:02:28 DEBUG [main] o.s.b.f.s.DefaultListableBeanFactory - Creating shared instance of singleton bean 'org.springframework.boot.autoconfigure.jdbc.DataSourceConfiguration$Hikari'
2025-08-25 22:02:28 DEBUG [main] o.s.b.f.s.DefaultListableBeanFactory - Creating shared instance of singleton bean 'spring.datasource-org.springframework.boot.autoconfigure.jdbc.DataSourceProperties'
2025-08-25 22:02:28 DEBUG [main] o.s.b.f.s.DefaultListableBeanFactory - Creating shared instance of singleton bean 'jdbcConnectionDetails'
2025-08-25 22:02:28 DEBUG [main] o.s.b.f.s.DefaultListableBeanFactory - Creating shared instance of singleton bean 'org.springframework.boot.autoconfigure.jdbc.DataSourceAutoConfiguration$PooledDataSourceConfiguration'
2025-08-25 22:02:28 DEBUG [main] o.s.b.f.s.DefaultListableBeanFactory - Autowiring by type from bean name 'jdbcConnectionDetails' via factory method to bean named 'spring.datasource-org.springframework.boot.autoconfigure.jdbc.DataSourceProperties'
2025-08-25 22:02:28 DEBUG [main] o.s.b.f.s.DefaultListableBeanFactory - Autowiring by type from bean name 'dataSource' via factory method to bean named 'spring.datasource-org.springframework.boot.autoconfigure.jdbc.DataSourceProperties'
2025-08-25 22:02:28 DEBUG [main] o.s.b.f.s.DefaultListableBeanFactory - Autowiring by type from bean name 'dataSource' via factory method to bean named 'jdbcConnectionDetails'
2025-08-25 22:02:28 DEBUG [main] o.s.b.f.s.DefaultListableBeanFactory - Autowiring by type from bean name 'dataSource' via factory method to bean named 'environment'
2025-08-25 22:02:28 DEBUG [main] com.zaxxer.hikari.HikariConfig - Driver class org.postgresql.Driver found in Thread context class loader jdk.internal.loader.ClassLoaders$AppClassLoader@5a07e868
2025-08-25 22:02:28 DEBUG [main] o.s.b.f.s.DefaultListableBeanFactory - Creating shared instance of singleton bean 'spring.sql.init-org.springframework.boot.autoconfigure.sql.init.SqlInitializationProperties'
2025-08-25 22:02:28 DEBUG [main] o.s.b.f.s.DefaultListableBeanFactory - Autowiring by type from bean name 'dataSourceScriptDatabaseInitializer' via factory method to bean named 'dataSource'
2025-08-25 22:02:28 DEBUG [main] o.s.b.f.s.DefaultListableBeanFactory - Autowiring by type from bean name 'dataSourceScriptDatabaseInitializer' via factory method to bean named 'spring.sql.init-org.springframework.boot.autoconfigure.sql.init.SqlInitializationProperties'
2025-08-25 22:02:28 DEBUG [main] o.s.b.f.s.DefaultListableBeanFactory - Creating shared instance of singleton bean 'entityManagerFactory'
2025-08-25 22:02:28 DEBUG [main] o.s.b.f.s.DefaultListableBeanFactory - Creating shared instance of singleton bean 'org.springframework.boot.autoconfigure.orm.jpa.HibernateJpaConfiguration'
2025-08-25 22:02:28 DEBUG [main] o.s.b.f.s.DefaultListableBeanFactory - Creating shared instance of singleton bean 'spring.jpa-org.springframework.boot.autoconfigure.orm.jpa.JpaProperties'
2025-08-25 22:02:28 DEBUG [main] o.s.b.f.s.DefaultListableBeanFactory - Creating shared instance of singleton bean 'spring.jpa.hibernate-org.springframework.boot.autoconfigure.orm.jpa.HibernateProperties'
2025-08-25 22:02:28 DEBUG [main] o.s.b.f.s.DefaultListableBeanFactory - Autowiring by type from bean name 'org.springframework.boot.autoconfigure.orm.jpa.HibernateJpaConfiguration' via constructor to bean named 'dataSource'
2025-08-25 22:02:28 DEBUG [main] o.s.b.f.s.DefaultListableBeanFactory - Autowiring by type from bean name 'org.springframework.boot.autoconfigure.orm.jpa.HibernateJpaConfiguration' via constructor to bean named 'spring.jpa-org.springframework.boot.autoconfigure.orm.jpa.JpaProperties'
2025-08-25 22:02:28 DEBUG [main] o.s.b.f.s.DefaultListableBeanFactory - Autowiring by type from bean name 'org.springframework.boot.autoconfigure.orm.jpa.HibernateJpaConfiguration' via constructor to bean named 'org.springframework.beans.factory.support.DefaultListableBeanFactory@7cc9ce8'
2025-08-25 22:02:28 DEBUG [main] o.s.b.f.s.DefaultListableBeanFactory - Autowiring by type from bean name 'org.springframework.boot.autoconfigure.orm.jpa.HibernateJpaConfiguration' via constructor to bean named 'spring.jpa.hibernate-org.springframework.boot.autoconfigure.orm.jpa.HibernateProperties'
2025-08-25 22:02:28 DEBUG [main] o.s.b.f.s.DefaultListableBeanFactory - Creating shared instance of singleton bean 'hikariPoolDataSourceMetadataProvider'
2025-08-25 22:02:28 DEBUG [main] o.s.b.f.s.DefaultListableBeanFactory - Creating shared instance of singleton bean 'org.springframework.boot.autoconfigure.jdbc.metadata.DataSourcePoolMetadataProvidersConfiguration$HikariPoolDataSourceMetadataProviderConfiguration'
2025-08-25 22:02:28 DEBUG [main] o.s.b.f.s.DefaultListableBeanFactory - Creating shared instance of singleton bean 'entityManagerFactoryBuilder'
2025-08-25 22:02:28 DEBUG [main] o.s.b.f.s.DefaultListableBeanFactory - Creating shared instance of singleton bean 'jpaVendorAdapter'
2025-08-25 22:02:28 DEBUG [main] org.jboss.logging - Logging Provider: org.jboss.logging.Slf4jLoggerProvider found via system property
2025-08-25 22:02:28 DEBUG [main] o.s.b.f.s.DefaultListableBeanFactory - Autowiring by type from bean name 'entityManagerFactoryBuilder' via factory method to bean named 'jpaVendorAdapter'
2025-08-25 22:02:28 DEBUG [main] o.s.b.f.s.DefaultListableBeanFactory - Creating shared instance of singleton bean 'persistenceManagedTypes'
2025-08-25 22:02:28 DEBUG [main] o.s.b.f.s.DefaultListableBeanFactory - Autowiring by type from bean name 'persistenceManagedTypes' via factory method to bean named 'org.springframework.beans.factory.support.DefaultListableBeanFactory@7cc9ce8'
2025-08-25 22:02:28 DEBUG [main] o.s.b.f.s.DefaultListableBeanFactory - Autowiring by type from bean name 'persistenceManagedTypes' via factory method to bean named 'org.springframework.boot.web.servlet.context.AnnotationConfigServletWebServerApplicationContext@593e824f'
2025-08-25 22:02:28 DEBUG [main] o.s.b.f.s.DefaultListableBeanFactory - Autowiring by type from bean name 'entityManagerFactory' via factory method to bean named 'entityManagerFactoryBuilder'
2025-08-25 22:02:28 DEBUG [main] o.s.b.f.s.DefaultListableBeanFactory - Autowiring by type from bean name 'entityManagerFactory' via factory method to bean named 'persistenceManagedTypes'
2025-08-25 22:02:28 DEBUG [main] o.s.o.j.LocalContainerEntityManagerFactoryBean - Building JPA container EntityManagerFactory for persistence unit 'default'
2025-08-25 22:02:28 DEBUG [main] o.h.jpa.internal.util.LogHelper - PersistenceUnitInfo [
	name: default
	persistence provider classname: null
	classloader: jdk.internal.loader.ClassLoaders$AppClassLoader@5a07e868
	excludeUnlistedClasses: true
	JTA datasource: null
	Non JTA datasource: HikariDataSource (null)
	Transaction type: RESOURCE_LOCAL
	PU root URL: file:/D:/Projects/PPO_f/PPO_f/DB/build/libs/DB-1.0-SNAPSHOT.jar
	Shared Cache Mode: UNSPECIFIED
	Validation Mode: AUTO
	Jar files URLs []
	Managed classes names [
		ru.bmstu.iu7.impl.model.ExtendedAnswer
		ru.bmstu.iu7.impl.model.Information
		ru.bmstu.iu7.impl.model.Question
		ru.bmstu.iu7.impl.model.Questionnaire
		ru.bmstu.iu7.impl.model.ReqCache
		ru.bmstu.iu7.impl.model.Tag
		ru.bmstu.iu7.impl.model.User
		ru.bmstu.iu7.impl.model.VariantAnswer]
	Mapping files names []
	Properties []
2025-08-25 22:02:28 DEBUG [main] o.h.i.internal.IntegratorServiceImpl - Adding Integrator [org.hibernate.boot.beanvalidation.BeanValidationIntegrator].
2025-08-25 22:02:28 DEBUG [main] o.h.i.internal.IntegratorServiceImpl - Adding Integrator [org.hibernate.cache.internal.CollectionCacheInvalidator].
2025-08-25 22:02:28 INFO  [main] org.hibernate.Version - HHH000412: Hibernate ORM core version 6.6.13.Final
2025-08-25 22:02:28 DEBUG [main] org.hibernate.cfg.Environment - HHH000206: 'hibernate.properties' not found
2025-08-25 22:02:28 DEBUG [main] org.hibernate.orm.idgen.factory - Registering IdentifierGenerator strategy [uuid2] -> [org.hibernate.id.UUIDGenerator]
2025-08-25 22:02:28 DEBUG [main] org.hibernate.orm.idgen.factory - Registering IdentifierGenerator strategy [guid] -> [org.hibernate.id.GUIDGenerator]
2025-08-25 22:02:28 DEBUG [main] org.hibernate.orm.idgen.factory - Registering IdentifierGenerator strategy [uuid] -> [org.hibernate.id.UUIDHexGenerator]
2025-08-25 22:02:28 DEBUG [main] org.hibernate.orm.idgen.factory - Registering IdentifierGenerator strategy [uuid.hex] -> [org.hibernate.id.UUIDHexGenerator]
2025-08-25 22:02:28 DEBUG [main] org.hibernate.orm.idgen.factory - Registering IdentifierGenerator strategy [assigned] -> [org.hibernate.id.Assigned]
2025-08-25 22:02:28 DEBUG [main] org.hibernate.orm.idgen.factory - Registering IdentifierGenerator strategy [identity] -> [org.hibernate.id.IdentityGenerator]
2025-08-25 22:02:28 DEBUG [main] org.hibernate.orm.idgen.factory - Registering IdentifierGenerator strategy [select] -> [org.hibernate.id.SelectGenerator]
2025-08-25 22:02:28 DEBUG [main] org.hibernate.orm.idgen.factory - Registering IdentifierGenerator strategy [sequence] -> [org.hibernate.id.enhanced.SequenceStyleGenerator]
2025-08-25 22:02:28 DEBUG [main] org.hibernate.orm.idgen.factory - Registering IdentifierGenerator strategy [increment] -> [org.hibernate.id.IncrementGenerator]
2025-08-25 22:02:28 DEBUG [main] org.hibernate.orm.idgen.factory - Registering IdentifierGenerator strategy [foreign] -> [org.hibernate.id.ForeignGenerator]
2025-08-25 22:02:28 DEBUG [main] org.hibernate.orm.idgen.factory - Registering IdentifierGenerator strategy [enhanced-sequence] -> [org.hibernate.id.enhanced.SequenceStyleGenerator]
2025-08-25 22:02:28 DEBUG [main] org.hibernate.orm.idgen.factory - Registering IdentifierGenerator strategy [enhanced-table] -> [org.hibernate.id.enhanced.TableGenerator]
2025-08-25 22:02:28 DEBUG [main] o.h.c.i.RegionFactoryInitiator - Cannot default RegionFactory based on registered strategies as `[]` RegionFactory strategies were registered
2025-08-25 22:02:28 INFO  [main] o.h.c.i.RegionFactoryInitiator - HHH000026: Second-level cache disabled
2025-08-25 22:02:28 DEBUG [main] o.hibernate.type.BasicTypeRegistry - Adding type registration boolean -> org.hibernate.type.BasicTypeReference@437281c5
2025-08-25 22:02:28 DEBUG [main] o.hibernate.type.BasicTypeRegistry - Adding type registration boolean -> org.hibernate.type.BasicTypeReference@437281c5
2025-08-25 22:02:28 DEBUG [main] o.hibernate.type.BasicTypeRegistry - Adding type registration java.lang.Boolean -> org.hibernate.type.BasicTypeReference@437281c5
2025-08-25 22:02:28 DEBUG [main] o.hibernate.type.BasicTypeRegistry - Adding type registration numeric_boolean -> org.hibernate.type.BasicTypeReference@787178b1
2025-08-25 22:02:28 DEBUG [main] o.hibernate.type.BasicTypeRegistry - Adding type registration org.hibernate.type.NumericBooleanConverter -> org.hibernate.type.BasicTypeReference@787178b1
2025-08-25 22:02:28 DEBUG [main] o.hibernate.type.BasicTypeRegistry - Adding type registration true_false -> org.hibernate.type.BasicTypeReference@24a4e2c5
2025-08-25 22:02:28 DEBUG [main] o.hibernate.type.BasicTypeRegistry - Adding type registration org.hibernate.type.TrueFalseConverter -> org.hibernate.type.BasicTypeReference@24a4e2c5
2025-08-25 22:02:28 DEBUG [main] o.hibernate.type.BasicTypeRegistry - Adding type registration yes_no -> org.hibernate.type.BasicTypeReference@27da994b
2025-08-25 22:02:28 DEBUG [main] o.hibernate.type.BasicTypeRegistry - Adding type registration org.hibernate.type.YesNoConverter -> org.hibernate.type.BasicTypeReference@27da994b
2025-08-25 22:02:28 DEBUG [main] o.hibernate.type.BasicTypeRegistry - Adding type registration byte -> org.hibernate.type.BasicTypeReference@70f148dc
2025-08-25 22:02:28 DEBUG [main] o.hibernate.type.BasicTypeRegistry - Adding type registration byte -> org.hibernate.type.BasicTypeReference@70f148dc
2025-08-25 22:02:28 DEBUG [main] o.hibernate.type.BasicTypeRegistry - Adding type registration java.lang.Byte -> org.hibernate.type.BasicTypeReference@70f148dc
2025-08-25 22:02:28 DEBUG [main] o.hibernate.type.BasicTypeRegistry - Adding type registration binary -> org.hibernate.type.BasicTypeReference@3360283
2025-08-25 22:02:28 DEBUG [main] o.hibernate.type.BasicTypeRegistry - Adding type registration byte[] -> org.hibernate.type.BasicTypeReference@3360283
2025-08-25 22:02:28 DEBUG [main] o.hibernate.type.BasicTypeRegistry - Adding type registration [B -> org.hibernate.type.BasicTypeReference@3360283
2025-08-25 22:02:28 DEBUG [main] o.hibernate.type.BasicTypeRegistry - Adding type registration binary_wrapper -> org.hibernate.type.BasicTypeReference@77aea
2025-08-25 22:02:28 DEBUG [main] o.hibernate.type.BasicTypeRegistry - Adding type registration wrapper-binary -> org.hibernate.type.BasicTypeReference@77aea
2025-08-25 22:02:28 DEBUG [main] o.hibernate.type.BasicTypeRegistry - Adding type registration image -> org.hibernate.type.BasicTypeReference@73e4bb60
2025-08-25 22:02:28 DEBUG [main] o.hibernate.type.BasicTypeRegistry - Adding type registration blob -> org.hibernate.type.BasicTypeReference@9a9aa68
2025-08-25 22:02:28 DEBUG [main] o.hibernate.type.BasicTypeRegistry - Adding type registration java.sql.Blob -> org.hibernate.type.BasicTypeReference@9a9aa68
2025-08-25 22:02:28 DEBUG [main] o.hibernate.type.BasicTypeRegistry - Adding type registration materialized_blob -> org.hibernate.type.BasicTypeReference@3a3883c4
2025-08-25 22:02:28 DEBUG [main] o.hibernate.type.BasicTypeRegistry - Adding type registration materialized_blob_wrapper -> org.hibernate.type.BasicTypeReference@1537e43
2025-08-25 22:02:28 DEBUG [main] o.hibernate.type.BasicTypeRegistry - Adding type registration short -> org.hibernate.type.BasicTypeReference@573aeab2
2025-08-25 22:02:28 DEBUG [main] o.hibernate.type.BasicTypeRegistry - Adding type registration short -> org.hibernate.type.BasicTypeReference@573aeab2
2025-08-25 22:02:28 DEBUG [main] o.hibernate.type.BasicTypeRegistry - Adding type registration java.lang.Short -> org.hibernate.type.BasicTypeReference@573aeab2
2025-08-25 22:02:28 DEBUG [main] o.hibernate.type.BasicTypeRegistry - Adding type registration integer -> org.hibernate.type.BasicTypeReference@1304e0d7
2025-08-25 22:02:28 DEBUG [main] o.hibernate.type.BasicTypeRegistry - Adding type registration int -> org.hibernate.type.BasicTypeReference@1304e0d7
2025-08-25 22:02:28 DEBUG [main] o.hibernate.type.BasicTypeRegistry - Adding type registration java.lang.Integer -> org.hibernate.type.BasicTypeReference@1304e0d7
2025-08-25 22:02:28 DEBUG [main] o.hibernate.type.BasicTypeRegistry - Adding type registration long -> org.hibernate.type.BasicTypeReference@6ddc67d0
2025-08-25 22:02:28 DEBUG [main] o.hibernate.type.BasicTypeRegistry - Adding type registration long -> org.hibernate.type.BasicTypeReference@6ddc67d0
2025-08-25 22:02:28 DEBUG [main] o.hibernate.type.BasicTypeRegistry - Adding type registration java.lang.Long -> org.hibernate.type.BasicTypeReference@6ddc67d0
2025-08-25 22:02:28 DEBUG [main] o.hibernate.type.BasicTypeRegistry - Adding type registration float -> org.hibernate.type.BasicTypeReference@7767bd4e
2025-08-25 22:02:28 DEBUG [main] o.hibernate.type.BasicTypeRegistry - Adding type registration float -> org.hibernate.type.BasicTypeReference@7767bd4e
2025-08-25 22:02:28 DEBUG [main] o.hibernate.type.BasicTypeRegistry - Adding type registration java.lang.Float -> org.hibernate.type.BasicTypeReference@7767bd4e
2025-08-25 22:02:28 DEBUG [main] o.hibernate.type.BasicTypeRegistry - Adding type registration double -> org.hibernate.type.BasicTypeReference@7708b66a
2025-08-25 22:02:28 DEBUG [main] o.hibernate.type.BasicTypeRegistry - Adding type registration double -> org.hibernate.type.BasicTypeReference@7708b66a
2025-08-25 22:02:28 DEBUG [main] o.hibernate.type.BasicTypeRegistry - Adding type registration java.lang.Double -> org.hibernate.type.BasicTypeReference@7708b66a
2025-08-25 22:02:28 DEBUG [main] o.hibernate.type.BasicTypeRegistry - Adding type registration big_integer -> org.hibernate.type.BasicTypeReference@433ef204
2025-08-25 22:02:28 DEBUG [main] o.hibernate.type.BasicTypeRegistry - Adding type registration java.math.BigInteger -> org.hibernate.type.BasicTypeReference@433ef204
2025-08-25 22:02:28 DEBUG [main] o.hibernate.type.BasicTypeRegistry - Adding type registration big_decimal -> org.hibernate.type.BasicTypeReference@4dd2ef54
2025-08-25 22:02:28 DEBUG [main] o.hibernate.type.BasicTypeRegistry - Adding type registration java.math.BigDecimal -> org.hibernate.type.BasicTypeReference@4dd2ef54
2025-08-25 22:02:28 DEBUG [main] o.hibernate.type.BasicTypeRegistry - Adding type registration character -> org.hibernate.type.BasicTypeReference@795b66d
2025-08-25 22:02:28 DEBUG [main] o.hibernate.type.BasicTypeRegistry - Adding type registration char -> org.hibernate.type.BasicTypeReference@795b66d
2025-08-25 22:02:28 DEBUG [main] o.hibernate.type.BasicTypeRegistry - Adding type registration java.lang.Character -> org.hibernate.type.BasicTypeReference@795b66d
2025-08-25 22:02:28 DEBUG [main] o.hibernate.type.BasicTypeRegistry - Adding type registration character_nchar -> org.hibernate.type.BasicTypeReference@359ceb13
2025-08-25 22:02:28 DEBUG [main] o.hibernate.type.BasicTypeRegistry - Adding type registration string -> org.hibernate.type.BasicTypeReference@1068176
2025-08-25 22:02:28 DEBUG [main] o.hibernate.type.BasicTypeRegistry - Adding type registration java.lang.String -> org.hibernate.type.BasicTypeReference@1068176
2025-08-25 22:02:28 DEBUG [main] o.hibernate.type.BasicTypeRegistry - Adding type registration nstring -> org.hibernate.type.BasicTypeReference@5bf4764d
2025-08-25 22:02:28 DEBUG [main] o.hibernate.type.BasicTypeRegistry - Adding type registration characters -> org.hibernate.type.BasicTypeReference@71789580
2025-08-25 22:02:28 DEBUG [main] o.hibernate.type.BasicTypeRegistry - Adding type registration char[] -> org.hibernate.type.BasicTypeReference@71789580
2025-08-25 22:02:28 DEBUG [main] o.hibernate.type.BasicTypeRegistry - Adding type registration [C -> org.hibernate.type.BasicTypeReference@71789580
2025-08-25 22:02:28 DEBUG [main] o.hibernate.type.BasicTypeRegistry - Adding type registration wrapper-characters -> org.hibernate.type.BasicTypeReference@23ee2ccf
2025-08-25 22:02:28 DEBUG [main] o.hibernate.type.BasicTypeRegistry - Adding type registration text -> org.hibernate.type.BasicTypeReference@165614f5
2025-08-25 22:02:28 DEBUG [main] o.hibernate.type.BasicTypeRegistry - Adding type registration ntext -> org.hibernate.type.BasicTypeReference@6e685e6c
2025-08-25 22:02:28 DEBUG [main] o.hibernate.type.BasicTypeRegistry - Adding type registration clob -> org.hibernate.type.BasicTypeReference@5b0902b4
2025-08-25 22:02:28 DEBUG [main] o.hibernate.type.BasicTypeRegistry - Adding type registration java.sql.Clob -> org.hibernate.type.BasicTypeReference@5b0902b4
2025-08-25 22:02:28 DEBUG [main] o.hibernate.type.BasicTypeRegistry - Adding type registration nclob -> org.hibernate.type.BasicTypeReference@9d3d54e
2025-08-25 22:02:28 DEBUG [main] o.hibernate.type.BasicTypeRegistry - Adding type registration java.sql.NClob -> org.hibernate.type.BasicTypeReference@9d3d54e
2025-08-25 22:02:28 DEBUG [main] o.hibernate.type.BasicTypeRegistry - Adding type registration materialized_clob -> org.hibernate.type.BasicTypeReference@2f04993d
2025-08-25 22:02:28 DEBUG [main] o.hibernate.type.BasicTypeRegistry - Adding type registration materialized_clob_char_array -> org.hibernate.type.BasicTypeReference@333398f
2025-08-25 22:02:28 DEBUG [main] o.hibernate.type.BasicTypeRegistry - Adding type registration materialized_clob_character_array -> org.hibernate.type.BasicTypeReference@103c97ff
2025-08-25 22:02:28 DEBUG [main] o.hibernate.type.BasicTypeRegistry - Adding type registration materialized_nclob -> org.hibernate.type.BasicTypeReference@7d25913
2025-08-25 22:02:28 DEBUG [main] o.hibernate.type.BasicTypeRegistry - Adding type registration materialized_nclob_character_array -> org.hibernate.type.BasicTypeReference@c14e5a5
2025-08-25 22:02:28 DEBUG [main] o.hibernate.type.BasicTypeRegistry - Adding type registration materialized_nclob_char_array -> org.hibernate.type.BasicTypeReference@16f15ae9
2025-08-25 22:02:28 DEBUG [main] o.hibernate.type.BasicTypeRegistry - Adding type registration Duration -> org.hibernate.type.BasicTypeReference@6206b4a7
2025-08-25 22:02:28 DEBUG [main] o.hibernate.type.BasicTypeRegistry - Adding type registration java.time.Duration -> org.hibernate.type.BasicTypeReference@6206b4a7
2025-08-25 22:02:28 DEBUG [main] o.hibernate.type.BasicTypeRegistry - Adding type registration LocalDateTime -> org.hibernate.type.BasicTypeReference@77896335
2025-08-25 22:02:28 DEBUG [main] o.hibernate.type.BasicTypeRegistry - Adding type registration java.time.LocalDateTime -> org.hibernate.type.BasicTypeReference@77896335
2025-08-25 22:02:28 DEBUG [main] o.hibernate.type.BasicTypeRegistry - Adding type registration LocalDate -> org.hibernate.type.BasicTypeReference@5c1b89ac
2025-08-25 22:02:28 DEBUG [main] o.hibernate.type.BasicTypeRegistry - Adding type registration java.time.LocalDate -> org.hibernate.type.BasicTypeReference@5c1b89ac
2025-08-25 22:02:28 DEBUG [main] o.hibernate.type.BasicTypeRegistry - Adding type registration LocalTime -> org.hibernate.type.BasicTypeReference@40a1b6d4
2025-08-25 22:02:28 DEBUG [main] o.hibernate.type.BasicTypeRegistry - Adding type registration java.time.LocalTime -> org.hibernate.type.BasicTypeReference@40a1b6d4
2025-08-25 22:02:28 DEBUG [main] o.hibernate.type.BasicTypeRegistry - Adding type registration OffsetDateTime -> org.hibernate.type.BasicTypeReference@175581eb
2025-08-25 22:02:28 DEBUG [main] o.hibernate.type.BasicTypeRegistry - Adding type registration java.time.OffsetDateTime -> org.hibernate.type.BasicTypeReference@175581eb
2025-08-25 22:02:28 DEBUG [main] o.hibernate.type.BasicTypeRegistry - Adding type registration OffsetDateTimeWithTimezone -> org.hibernate.type.BasicTypeReference@2b79c8ff
2025-08-25 22:02:28 DEBUG [main] o.hibernate.type.BasicTypeRegistry - Adding type registration OffsetDateTimeWithoutTimezone -> org.hibernate.type.BasicTypeReference@2baf72d5
2025-08-25 22:02:28 DEBUG [main] o.hibernate.type.BasicTypeRegistry - Adding type registration OffsetTime -> org.hibernate.type.BasicTypeReference@66756662
2025-08-25 22:02:28 DEBUG [main] o.hibernate.type.BasicTypeRegistry - Adding type registration java.time.OffsetTime -> org.hibernate.type.BasicTypeReference@66756662
2025-08-25 22:02:28 DEBUG [main] o.hibernate.type.BasicTypeRegistry - Adding type registration OffsetTimeUtc -> org.hibernate.type.BasicTypeReference@5d14e99e
2025-08-25 22:02:28 DEBUG [main] o.hibernate.type.BasicTypeRegistry - Adding type registration OffsetTimeWithTimezone -> org.hibernate.type.BasicTypeReference@38cfecf3
2025-08-25 22:02:28 DEBUG [main] o.hibernate.type.BasicTypeRegistry - Adding type registration OffsetTimeWithoutTimezone -> org.hibernate.type.BasicTypeReference@682618e5
2025-08-25 22:02:28 DEBUG [main] o.hibernate.type.BasicTypeRegistry - Adding type registration ZonedDateTime -> org.hibernate.type.BasicTypeReference@25ad25f5
2025-08-25 22:02:28 DEBUG [main] o.hibernate.type.BasicTypeRegistry - Adding type registration java.time.ZonedDateTime -> org.hibernate.type.BasicTypeReference@25ad25f5
2025-08-25 22:02:28 DEBUG [main] o.hibernate.type.BasicTypeRegistry - Adding type registration ZonedDateTimeWithTimezone -> org.hibernate.type.BasicTypeReference@5f0f70c7
2025-08-25 22:02:28 DEBUG [main] o.hibernate.type.BasicTypeRegistry - Adding type registration ZonedDateTimeWithoutTimezone -> org.hibernate.type.BasicTypeReference@1860a7a1
2025-08-25 22:02:28 DEBUG [main] o.hibernate.type.BasicTypeRegistry - Adding type registration date -> org.hibernate.type.BasicTypeReference@40d96578
2025-08-25 22:02:28 DEBUG [main] o.hibernate.type.BasicTypeRegistry - Adding type registration java.sql.Date -> org.hibernate.type.BasicTypeReference@40d96578
2025-08-25 22:02:28 DEBUG [main] o.hibernate.type.BasicTypeRegistry - Adding type registration time -> org.hibernate.type.BasicTypeReference@c97721b
2025-08-25 22:02:28 DEBUG [main] o.hibernate.type.BasicTypeRegistry - Adding type registration java.sql.Time -> org.hibernate.type.BasicTypeReference@c97721b
2025-08-25 22:02:28 DEBUG [main] o.hibernate.type.BasicTypeRegistry - Adding type registration timestamp -> org.hibernate.type.BasicTypeReference@283ab206
2025-08-25 22:02:28 DEBUG [main] o.hibernate.type.BasicTypeRegistry - Adding type registration java.sql.Timestamp -> org.hibernate.type.BasicTypeReference@283ab206
2025-08-25 22:02:28 DEBUG [main] o.hibernate.type.BasicTypeRegistry - Adding type registration java.util.Date -> org.hibernate.type.BasicTypeReference@283ab206
2025-08-25 22:02:28 DEBUG [main] o.hibernate.type.BasicTypeRegistry - Adding type registration calendar -> org.hibernate.type.BasicTypeReference@35fa450f
2025-08-25 22:02:28 DEBUG [main] o.hibernate.type.BasicTypeRegistry - Adding type registration java.util.Calendar -> org.hibernate.type.BasicTypeReference@35fa450f
2025-08-25 22:02:28 DEBUG [main] o.hibernate.type.BasicTypeRegistry - Adding type registration java.util.GregorianCalendar -> org.hibernate.type.BasicTypeReference@35fa450f
2025-08-25 22:02:28 DEBUG [main] o.hibernate.type.BasicTypeRegistry - Adding type registration calendar_date -> org.hibernate.type.BasicTypeReference@3e03046d
2025-08-25 22:02:28 DEBUG [main] o.hibernate.type.BasicTypeRegistry - Adding type registration calendar_time -> org.hibernate.type.BasicTypeReference@9b3be1c
2025-08-25 22:02:28 DEBUG [main] o.hibernate.type.BasicTypeRegistry - Adding type registration instant -> org.hibernate.type.BasicTypeReference@74e497ae
2025-08-25 22:02:28 DEBUG [main] o.hibernate.type.BasicTypeRegistry - Adding type registration java.time.Instant -> org.hibernate.type.BasicTypeReference@74e497ae
2025-08-25 22:02:28 DEBUG [main] o.hibernate.type.BasicTypeRegistry - Adding type registration uuid -> org.hibernate.type.BasicTypeReference@13516600
2025-08-25 22:02:28 DEBUG [main] o.hibernate.type.BasicTypeRegistry - Adding type registration java.util.UUID -> org.hibernate.type.BasicTypeReference@13516600
2025-08-25 22:02:28 DEBUG [main] o.hibernate.type.BasicTypeRegistry - Adding type registration pg-uuid -> org.hibernate.type.BasicTypeReference@13516600
2025-08-25 22:02:28 DEBUG [main] o.hibernate.type.BasicTypeRegistry - Adding type registration uuid-binary -> org.hibernate.type.BasicTypeReference@35d7386b
2025-08-25 22:02:28 DEBUG [main] o.hibernate.type.BasicTypeRegistry - Adding type registration uuid-char -> org.hibernate.type.BasicTypeReference@21002393
2025-08-25 22:02:28 DEBUG [main] o.hibernate.type.BasicTypeRegistry - Adding type registration class -> org.hibernate.type.BasicTypeReference@718989fa
2025-08-25 22:02:28 DEBUG [main] o.hibernate.type.BasicTypeRegistry - Adding type registration java.lang.Class -> org.hibernate.type.BasicTypeReference@718989fa
2025-08-25 22:02:28 DEBUG [main] o.hibernate.type.BasicTypeRegistry - Adding type registration currency -> org.hibernate.type.BasicTypeReference@69f080ad
2025-08-25 22:02:28 DEBUG [main] o.hibernate.type.BasicTypeRegistry - Adding type registration Currency -> org.hibernate.type.BasicTypeReference@69f080ad
2025-08-25 22:02:28 DEBUG [main] o.hibernate.type.BasicTypeRegistry - Adding type registration java.util.Currency -> org.hibernate.type.BasicTypeReference@69f080ad
2025-08-25 22:02:28 DEBUG [main] o.hibernate.type.BasicTypeRegistry - Adding type registration locale -> org.hibernate.type.BasicTypeReference@45d4421d
2025-08-25 22:02:28 DEBUG [main] o.hibernate.type.BasicTypeRegistry - Adding type registration java.util.Locale -> org.hibernate.type.BasicTypeReference@45d4421d
2025-08-25 22:02:28 DEBUG [main] o.hibernate.type.BasicTypeRegistry - Adding type registration serializable -> org.hibernate.type.BasicTypeReference@782fd504
2025-08-25 22:02:28 DEBUG [main] o.hibernate.type.BasicTypeRegistry - Adding type registration java.io.Serializable -> org.hibernate.type.BasicTypeReference@782fd504
2025-08-25 22:02:28 DEBUG [main] o.hibernate.type.BasicTypeRegistry - Adding type registration timezone -> org.hibernate.type.BasicTypeReference@1537c744
2025-08-25 22:02:28 DEBUG [main] o.hibernate.type.BasicTypeRegistry - Adding type registration java.util.TimeZone -> org.hibernate.type.BasicTypeReference@1537c744
2025-08-25 22:02:28 DEBUG [main] o.hibernate.type.BasicTypeRegistry - Adding type registration ZoneOffset -> org.hibernate.type.BasicTypeReference@37314843
2025-08-25 22:02:28 DEBUG [main] o.hibernate.type.BasicTypeRegistry - Adding type registration java.time.ZoneOffset -> org.hibernate.type.BasicTypeReference@37314843
2025-08-25 22:02:28 DEBUG [main] o.hibernate.type.BasicTypeRegistry - Adding type registration url -> org.hibernate.type.BasicTypeReference@50122012
2025-08-25 22:02:28 DEBUG [main] o.hibernate.type.BasicTypeRegistry - Adding type registration java.net.URL -> org.hibernate.type.BasicTypeReference@50122012
2025-08-25 22:02:28 DEBUG [main] o.hibernate.type.BasicTypeRegistry - Adding type registration vector -> org.hibernate.type.BasicTypeReference@569348e1
2025-08-25 22:02:28 DEBUG [main] o.hibernate.type.BasicTypeRegistry - Adding type registration float_vector -> org.hibernate.type.BasicTypeReference@7db5b890
2025-08-25 22:02:28 DEBUG [main] o.hibernate.type.BasicTypeRegistry - Adding type registration double_vector -> org.hibernate.type.BasicTypeReference@407b8435
2025-08-25 22:02:28 DEBUG [main] o.hibernate.type.BasicTypeRegistry - Adding type registration byte_vector -> org.hibernate.type.BasicTypeReference@1282e98
2025-08-25 22:02:28 DEBUG [main] o.hibernate.type.BasicTypeRegistry - Adding type registration row_version -> org.hibernate.type.BasicTypeReference@4db0ba1c
2025-08-25 22:02:28 DEBUG [main] o.hibernate.type.BasicTypeRegistry - Adding type registration object -> org.hibernate.type.JavaObjectType@23ad2d17
2025-08-25 22:02:28 DEBUG [main] o.hibernate.type.BasicTypeRegistry - Adding type registration java.lang.Object -> org.hibernate.type.JavaObjectType@23ad2d17
2025-08-25 22:02:28 DEBUG [main] o.hibernate.type.BasicTypeRegistry - Adding type registration null -> org.hibernate.type.NullType@20a3e10c
2025-08-25 22:02:28 DEBUG [main] o.hibernate.type.BasicTypeRegistry - Adding type registration imm_date -> org.hibernate.type.BasicTypeReference@426c0486
2025-08-25 22:02:28 DEBUG [main] o.hibernate.type.BasicTypeRegistry - Adding type registration imm_time -> org.hibernate.type.BasicTypeReference@5e2a6991
2025-08-25 22:02:28 DEBUG [main] o.hibernate.type.BasicTypeRegistry - Adding type registration imm_timestamp -> org.hibernate.type.BasicTypeReference@5002fde9
2025-08-25 22:02:28 DEBUG [main] o.hibernate.type.BasicTypeRegistry - Adding type registration imm_calendar -> org.hibernate.type.BasicTypeReference@6f96dd64
2025-08-25 22:02:28 DEBUG [main] o.hibernate.type.BasicTypeRegistry - Adding type registration imm_calendar_date -> org.hibernate.type.BasicTypeReference@4d7cac24
2025-08-25 22:02:28 DEBUG [main] o.hibernate.type.BasicTypeRegistry - Adding type registration imm_calendar_time -> org.hibernate.type.BasicTypeReference@409732fb
2025-08-25 22:02:28 DEBUG [main] o.hibernate.type.BasicTypeRegistry - Adding type registration imm_binary -> org.hibernate.type.BasicTypeReference@73d62b5
2025-08-25 22:02:28 DEBUG [main] o.hibernate.type.BasicTypeRegistry - Adding type registration imm_serializable -> org.hibernate.type.BasicTypeReference@5e99e2cb
2025-08-25 22:02:28 DEBUG [main] o.h.b.internal.BootstrapContextImpl - Injecting JPA temp ClassLoader [org.springframework.instrument.classloading.SimpleThrowawayClassLoader@48567727] into BootstrapContext; was [null]
2025-08-25 22:02:28 DEBUG [main] o.h.b.internal.ClassLoaderAccessImpl - ClassLoaderAccessImpl#injectTempClassLoader(org.springframework.instrument.classloading.SimpleThrowawayClassLoader@48567727) [was null]
2025-08-25 22:02:28 DEBUG [main] o.h.b.internal.BootstrapContextImpl - Injecting ScanEnvironment [org.hibernate.jpa.boot.internal.StandardJpaScanEnvironmentImpl@3c33fcf8] into BootstrapContext; was [null]
2025-08-25 22:02:28 DEBUG [main] o.h.b.internal.BootstrapContextImpl - Injecting ScanOptions [org.hibernate.boot.archive.scan.internal.StandardScanOptions@dada335] into BootstrapContext; was [org.hibernate.boot.archive.scan.internal.StandardScanOptions@716f94c1]
2025-08-25 22:02:28 DEBUG [main] o.h.j.b.i.PersistenceUnitInfoDescriptor - Pushing class transformers for PU named 'default' on loading classloader jdk.internal.loader.ClassLoaders$AppClassLoader@5a07e868
2025-08-25 22:02:28 INFO  [main] o.s.o.j.p.SpringPersistenceUnitInfo - No LoadTimeWeaver setup: ignoring JPA class transformer
2025-08-25 22:02:28 DEBUG [main] o.h.b.internal.BootstrapContextImpl - Injecting JPA temp ClassLoader [null] into BootstrapContext; was [org.springframework.instrument.classloading.SimpleThrowawayClassLoader@48567727]
2025-08-25 22:02:28 DEBUG [main] o.h.b.internal.ClassLoaderAccessImpl - ClassLoaderAccessImpl#injectTempClassLoader(null) [was org.springframework.instrument.classloading.SimpleThrowawayClassLoader@48567727]
2025-08-25 22:02:28 DEBUG [main] com.zaxxer.hikari.HikariConfig - HikariPool-1 - configuration:
2025-08-25 22:02:28 DEBUG [main] com.zaxxer.hikari.HikariConfig - allowPoolSuspension.............false
2025-08-25 22:02:28 DEBUG [main] com.zaxxer.hikari.HikariConfig - autoCommit......................true
2025-08-25 22:02:28 DEBUG [main] com.zaxxer.hikari.HikariConfig - catalog.........................none
2025-08-25 22:02:28 DEBUG [main] com.zaxxer.hikari.HikariConfig - connectionInitSql...............none
2025-08-25 22:02:28 DEBUG [main] com.zaxxer.hikari.HikariConfig - connectionTestQuery.............none
2025-08-25 22:02:28 DEBUG [main] com.zaxxer.hikari.HikariConfig - connectionTimeout...............30000
2025-08-25 22:02:28 DEBUG [main] com.zaxxer.hikari.HikariConfig - dataSource......................none
2025-08-25 22:02:28 DEBUG [main] com.zaxxer.hikari.HikariConfig - dataSourceClassName.............none
2025-08-25 22:02:28 DEBUG [main] com.zaxxer.hikari.HikariConfig - dataSourceJNDI..................none
2025-08-25 22:02:28 DEBUG [main] com.zaxxer.hikari.HikariConfig - dataSourceProperties............{password=<masked>}
2025-08-25 22:02:28 DEBUG [main] com.zaxxer.hikari.HikariConfig - driverClassName................."org.postgresql.Driver"
2025-08-25 22:02:28 DEBUG [main] com.zaxxer.hikari.HikariConfig - exceptionOverrideClassName......none
2025-08-25 22:02:28 DEBUG [main] com.zaxxer.hikari.HikariConfig - healthCheckProperties...........{}
2025-08-25 22:02:28 DEBUG [main] com.zaxxer.hikari.HikariConfig - healthCheckRegistry.............none
2025-08-25 22:02:28 DEBUG [main] com.zaxxer.hikari.HikariConfig - idleTimeout.....................600000
2025-08-25 22:02:28 DEBUG [main] com.zaxxer.hikari.HikariConfig - initializationFailTimeout.......1
2025-08-25 22:02:28 DEBUG [main] com.zaxxer.hikari.HikariConfig - isolateInternalQueries..........false
2025-08-25 22:02:28 DEBUG [main] com.zaxxer.hikari.HikariConfig - jdbcUrl.........................jdbc:postgresql://localhost:5432/postgres
2025-08-25 22:02:28 DEBUG [main] com.zaxxer.hikari.HikariConfig - keepaliveTime...................0
2025-08-25 22:02:28 DEBUG [main] com.zaxxer.hikari.HikariConfig - leakDetectionThreshold..........0
2025-08-25 22:02:28 DEBUG [main] com.zaxxer.hikari.HikariConfig - maxLifetime.....................1800000
2025-08-25 22:02:28 DEBUG [main] com.zaxxer.hikari.HikariConfig - maximumPoolSize.................10
2025-08-25 22:02:28 DEBUG [main] com.zaxxer.hikari.HikariConfig - metricRegistry..................none
2025-08-25 22:02:28 DEBUG [main] com.zaxxer.hikari.HikariConfig - metricsTrackerFactory...........none
2025-08-25 22:02:28 DEBUG [main] com.zaxxer.hikari.HikariConfig - minimumIdle.....................10
2025-08-25 22:02:28 DEBUG [main] com.zaxxer.hikari.HikariConfig - password........................<masked>
2025-08-25 22:02:28 DEBUG [main] com.zaxxer.hikari.HikariConfig - poolName........................"HikariPool-1"
2025-08-25 22:02:28 DEBUG [main] com.zaxxer.hikari.HikariConfig - readOnly........................false
2025-08-25 22:02:28 DEBUG [main] com.zaxxer.hikari.HikariConfig - registerMbeans..................false
2025-08-25 22:02:28 DEBUG [main] com.zaxxer.hikari.HikariConfig - scheduledExecutor...............none
2025-08-25 22:02:28 DEBUG [main] com.zaxxer.hikari.HikariConfig - schema..........................none
2025-08-25 22:02:28 DEBUG [main] com.zaxxer.hikari.HikariConfig - threadFactory...................internal
2025-08-25 22:02:28 DEBUG [main] com.zaxxer.hikari.HikariConfig - transactionIsolation............default
2025-08-25 22:02:28 DEBUG [main] com.zaxxer.hikari.HikariConfig - username........................"postgres"
2025-08-25 22:02:28 DEBUG [main] com.zaxxer.hikari.HikariConfig - validationTimeout...............5000
2025-08-25 22:02:28 INFO  [main] com.zaxxer.hikari.HikariDataSource - HikariPool-1 - Starting...
2025-08-25 22:02:28 DEBUG [main] org.postgresql.Driver - Loading driver configuration via classloader jdk.internal.loader.ClassLoaders$AppClassLoader@5a07e868
2025-08-25 22:02:28 DEBUG [main] org.postgresql.Driver - Connecting with URL: jdbc:postgresql://localhost:5432/postgres
2025-08-25 22:02:29 DEBUG [main] org.postgresql.jdbc.PgConnection - PostgreSQL JDBC Driver 42.7.5
2025-08-25 22:02:29 DEBUG [main] org.postgresql.jdbc.PgConnection -   setDefaultFetchSize = 0
2025-08-25 22:02:29 DEBUG [main] org.postgresql.jdbc.PgConnection -   setPrepareThreshold = 5
2025-08-25 22:02:29 DEBUG [main] o.p.core.v3.ConnectionFactoryImpl - Trying to establish a protocol version 3 connection to localhost:5432
2025-08-25 22:02:29 DEBUG [main] o.p.core.v3.ConnectionFactoryImpl - Receive Buffer Size is 65,536
2025-08-25 22:02:29 DEBUG [main] o.p.core.v3.ConnectionFactoryImpl - Send Buffer Size is 65,536
2025-08-25 22:02:29 INFO  [main] com.zaxxer.hikari.pool.HikariPool - HikariPool-1 - Added connection org.postgresql.jdbc.PgConnection@11180750
2025-08-25 22:02:29 INFO  [main] com.zaxxer.hikari.HikariDataSource - HikariPool-1 - Start completed.
2025-08-25 22:02:29 DEBUG [main] o.h.e.j.e.i.JdbcEnvironmentInitiator - Database ->
	   name : PostgreSQL
	version : 17.1
	  major : 17
	  minor : 1
2025-08-25 22:02:29 DEBUG [main] o.h.e.j.e.i.JdbcEnvironmentInitiator - Driver ->
	   name : PostgreSQL JDBC Driver
	version : 42.7.5
	  major : 42
	  minor : 7
2025-08-25 22:02:29 DEBUG [main] o.h.e.j.e.i.JdbcEnvironmentInitiator - JDBC version : 4.2
2025-08-25 22:02:29 WARN  [main] org.hibernate.orm.deprecation - HHH90000025: PostgreSQLDialect does not need to be specified explicitly using 'hibernate.dialect' (remove the property setting and it will be selected by default)
2025-08-25 22:02:29 DEBUG [main] org.hibernate.orm.dialect - HHH035001: Using dialect: org.hibernate.dialect.PostgreSQLDialect, version: 17.1
2025-08-25 22:02:29 DEBUG [main] o.h.e.j.e.s.IdentifierHelperBuilder - JDBC driver metadata reported database stores quoted identifiers in neither upper, lower nor mixed case
2025-08-25 22:02:29 DEBUG [main] org.hibernate.orm.jdbc.lob - HHH10010004: Disabling contextual LOB creation as Dialect reported it is not supported
2025-08-25 22:02:29 INFO  [main] o.hibernate.orm.connections.pooling - HHH10001005: Database info:
	Database JDBC URL [Connecting through datasource 'HikariDataSource (HikariPool-1)']
	Database driver: undefined/unknown
	Database version: 17.1
	Autocommit mode: undefined/unknown
	Isolation level: undefined/unknown
	Minimum pool size: undefined/unknown
	Maximum pool size: undefined/unknown
2025-08-25 22:02:29 DEBUG [main] o.h.t.d.sql.spi.DdlTypeRegistry - addDescriptor(2003, org.hibernate.type.descriptor.sql.internal.ArrayDdlTypeImpl@70ee9d31) replaced previous registration(org.hibernate.type.descriptor.sql.internal.ArrayDdlTypeImpl@1a01ffff)
2025-08-25 22:02:29 DEBUG [main] o.h.t.d.sql.spi.DdlTypeRegistry - addDescriptor(6, org.hibernate.type.descriptor.sql.internal.CapacityDependentDdlType@a99c42c) replaced previous registration(org.hibernate.type.descriptor.sql.internal.DdlTypeImpl@2fa879ed)
2025-08-25 22:02:29 DEBUG [main] o.h.t.d.jdbc.spi.JdbcTypeRegistry - addDescriptor(2004, BlobTypeDescriptor(BLOB_BINDING)) replaced previous registration(BlobTypeDescriptor(DEFAULT))
2025-08-25 22:02:29 DEBUG [main] o.h.t.d.jdbc.spi.JdbcTypeRegistry - addDescriptor(2005, ClobTypeDescriptor(CLOB_BINDING)) replaced previous registration(ClobTypeDescriptor(DEFAULT))
2025-08-25 22:02:29 DEBUG [main] o.hibernate.type.BasicTypeRegistry - Adding type registration JAVA_OBJECT -> org.hibernate.type.JavaObjectType@26270b77
2025-08-25 22:02:29 DEBUG [main] o.hibernate.type.BasicTypeRegistry - Adding type registration java.lang.Object -> org.hibernate.type.JavaObjectType@26270b77
2025-08-25 22:02:29 DEBUG [main] o.hibernate.type.BasicTypeRegistry - Type registration key [java.lang.Object] overrode previous entry : `org.hibernate.type.JavaObjectType@23ad2d17`
2025-08-25 22:02:29 DEBUG [main] o.hibernate.type.BasicTypeRegistry - Adding type registration org.hibernate.type.DurationType -> basicType@1(java.time.Duration,3015)
2025-08-25 22:02:29 DEBUG [main] o.hibernate.type.BasicTypeRegistry - Adding type registration Duration -> basicType@1(java.time.Duration,3015)
2025-08-25 22:02:29 DEBUG [main] o.hibernate.type.BasicTypeRegistry - Adding type registration java.time.Duration -> basicType@1(java.time.Duration,3015)
2025-08-25 22:02:29 DEBUG [main] o.hibernate.type.BasicTypeRegistry - Adding type registration org.hibernate.type.OffsetDateTimeType -> basicType@2(java.time.OffsetDateTime,3003)
2025-08-25 22:02:29 DEBUG [main] o.hibernate.type.BasicTypeRegistry - Adding type registration OffsetDateTime -> basicType@2(java.time.OffsetDateTime,3003)
2025-08-25 22:02:29 DEBUG [main] o.hibernate.type.BasicTypeRegistry - Adding type registration java.time.OffsetDateTime -> basicType@2(java.time.OffsetDateTime,3003)
2025-08-25 22:02:29 DEBUG [main] o.hibernate.type.BasicTypeRegistry - Adding type registration org.hibernate.type.ZonedDateTimeType -> basicType@3(java.time.ZonedDateTime,3003)
2025-08-25 22:02:29 DEBUG [main] o.hibernate.type.BasicTypeRegistry - Adding type registration ZonedDateTime -> basicType@3(java.time.ZonedDateTime,3003)
2025-08-25 22:02:29 DEBUG [main] o.hibernate.type.BasicTypeRegistry - Adding type registration java.time.ZonedDateTime -> basicType@3(java.time.ZonedDateTime,3003)
2025-08-25 22:02:29 DEBUG [main] o.hibernate.type.BasicTypeRegistry - Adding type registration org.hibernate.type.OffsetTimeType -> basicType@4(java.time.OffsetTime,3007)
2025-08-25 22:02:29 DEBUG [main] o.hibernate.type.BasicTypeRegistry - Adding type registration OffsetTime -> basicType@4(java.time.OffsetTime,3007)
2025-08-25 22:02:29 DEBUG [main] o.hibernate.type.BasicTypeRegistry - Adding type registration java.time.OffsetTime -> basicType@4(java.time.OffsetTime,3007)
2025-08-25 22:02:29 DEBUG [main] o.h.type.spi.TypeConfiguration$Scope - Scoping TypeConfiguration [org.hibernate.type.spi.TypeConfiguration@5341641d] to MetadataBuildingContext [org.hibernate.boot.internal.MetadataBuildingContextRootImpl@241d1052]
2025-08-25 22:02:29 DEBUG [HikariPool-1 housekeeper] com.zaxxer.hikari.pool.HikariPool - HikariPool-1 - Pool stats (total=1, active=0, idle=1, waiting=0)
2025-08-25 22:02:29 DEBUG [HikariPool-1 connection adder] org.postgresql.Driver - Connecting with URL: jdbc:postgresql://localhost:5432/postgres
2025-08-25 22:02:29 DEBUG [HikariPool-1 connection adder] org.postgresql.jdbc.PgConnection - PostgreSQL JDBC Driver 42.7.5
2025-08-25 22:02:29 DEBUG [HikariPool-1 connection adder] org.postgresql.jdbc.PgConnection -   setDefaultFetchSize = 0
2025-08-25 22:02:29 DEBUG [HikariPool-1 connection adder] org.postgresql.jdbc.PgConnection -   setPrepareThreshold = 5
2025-08-25 22:02:29 DEBUG [HikariPool-1 connection adder] o.p.core.v3.ConnectionFactoryImpl - Trying to establish a protocol version 3 connection to localhost:5432
2025-08-25 22:02:29 DEBUG [HikariPool-1 connection adder] o.p.core.v3.ConnectionFactoryImpl - Receive Buffer Size is 65,536
2025-08-25 22:02:29 DEBUG [HikariPool-1 connection adder] o.p.core.v3.ConnectionFactoryImpl - Send Buffer Size is 65,536
2025-08-25 22:02:29 DEBUG [main] o.h.boot.model.relational.Namespace - Created database namespace [logicalName=Name{catalog=null, schema=null}, physicalName=Name{catalog=null, schema=null}]
2025-08-25 22:02:29 DEBUG [main] o.h.boot.model.internal.EntityBinder - Binding entity from annotated class: ru.bmstu.iu7.impl.model.ExtendedAnswer
2025-08-25 22:02:29 DEBUG [main] o.h.boot.model.internal.EntityBinder - Import with entity name ExtendedAnswer
2025-08-25 22:02:29 DEBUG [main] o.h.boot.model.internal.EntityBinder - Bind entity ru.bmstu.iu7.impl.model.ExtendedAnswer on table extended_answer
2025-08-25 22:02:29 DEBUG [HikariPool-1 connection adder] com.zaxxer.hikari.pool.HikariPool - HikariPool-1 - Added connection org.postgresql.jdbc.PgConnection@246b561d
2025-08-25 22:02:29 DEBUG [main] o.h.b.model.internal.AnnotatedColumn - Binding column: AnnotatedDiscriminatorColumn(column='DTYPE')
2025-08-25 22:02:29 DEBUG [main] o.h.b.model.internal.AnnotatedColumn - Binding column: AnnotatedColumn()
2025-08-25 22:02:29 DEBUG [main] o.h.b.internal.ClassLoaderAccessImpl - Not known whether passed class name [ru.bmstu.iu7.impl.model.ExtendedAnswer] is safe
2025-08-25 22:02:29 DEBUG [main] o.h.b.internal.ClassLoaderAccessImpl - No temp ClassLoader provided; using live ClassLoader for loading potentially unsafe class : ru.bmstu.iu7.impl.model.ExtendedAnswer
2025-08-25 22:02:29 DEBUG [HikariPool-1 connection adder] com.zaxxer.hikari.pool.HikariPool - HikariPool-1 - After adding stats (total=2, active=0, idle=2, waiting=0)
2025-08-25 22:02:29 DEBUG [main] o.h.b.model.internal.PropertyBinder - MetadataSourceProcessor property id with lazy=false
2025-08-25 22:02:29 DEBUG [HikariPool-1 connection adder] org.postgresql.Driver - Connecting with URL: jdbc:postgresql://localhost:5432/postgres
2025-08-25 22:02:29 DEBUG [HikariPool-1 connection adder] org.postgresql.jdbc.PgConnection - PostgreSQL JDBC Driver 42.7.5
2025-08-25 22:02:29 DEBUG [HikariPool-1 connection adder] org.postgresql.jdbc.PgConnection -   setDefaultFetchSize = 0
2025-08-25 22:02:29 DEBUG [HikariPool-1 connection adder] org.postgresql.jdbc.PgConnection -   setPrepareThreshold = 5
2025-08-25 22:02:29 DEBUG [HikariPool-1 connection adder] o.p.core.v3.ConnectionFactoryImpl - Trying to establish a protocol version 3 connection to localhost:5432
2025-08-25 22:02:29 DEBUG [HikariPool-1 connection adder] o.p.core.v3.ConnectionFactoryImpl - Receive Buffer Size is 65,536
2025-08-25 22:02:29 DEBUG [HikariPool-1 connection adder] o.p.core.v3.ConnectionFactoryImpl - Send Buffer Size is 65,536
2025-08-25 22:02:29 DEBUG [main] o.h.b.m.i.AbstractPropertyHolder - Attempting to locate auto-apply AttributeConverter for property [ru.bmstu.iu7.impl.model.ExtendedAnswer:id]
2025-08-25 22:02:29 DEBUG [main] o.h.b.m.internal.BasicValueBinder - building BasicValue for id
2025-08-25 22:02:29 DEBUG [main] org.hibernate.mapping.BasicValue - Skipping column re-registration: extended_answer.id
2025-08-25 22:02:29 DEBUG [main] o.h.b.model.internal.PropertyBinder - Building property id
2025-08-25 22:02:29 DEBUG [main] o.h.boot.model.internal.BinderHelper - #makeIdGenerator(BasicValue([Column(id)]), id, identity, , ...)
2025-08-25 22:02:29 DEBUG [main] o.h.b.model.internal.AnnotatedColumn - Binding column: AnnotatedColumn()
2025-08-25 22:02:29 DEBUG [main] o.h.b.model.internal.PropertyBinder - MetadataSourceProcessor property answer with lazy=false
2025-08-25 22:02:29 DEBUG [main] o.h.b.m.i.AbstractPropertyHolder - Attempting to locate auto-apply AttributeConverter for property [ru.bmstu.iu7.impl.model.ExtendedAnswer:answer]
2025-08-25 22:02:29 DEBUG [main] o.h.b.m.internal.BasicValueBinder - building BasicValue for answer
2025-08-25 22:02:29 DEBUG [main] org.hibernate.mapping.BasicValue - Skipping column re-registration: extended_answer.answer
2025-08-25 22:02:29 DEBUG [main] o.h.b.model.internal.PropertyBinder - Building property answer
2025-08-25 22:02:29 DEBUG [main] o.h.b.model.internal.AnnotatedColumn - Binding column: AnnotatedJoinColumn()
2025-08-25 22:02:29 DEBUG [main] o.h.b.model.internal.AnnotatedColumn - Binding column: AnnotatedColumn()
2025-08-25 22:02:29 DEBUG [main] o.h.b.model.internal.PropertyBinder - Building property question
2025-08-25 22:02:29 DEBUG [main] o.h.b.model.internal.AnnotatedColumn - Binding column: AnnotatedJoinColumn()
2025-08-25 22:02:29 DEBUG [main] o.h.b.model.internal.AnnotatedColumn - Binding column: AnnotatedColumn()
2025-08-25 22:02:29 DEBUG [main] o.h.b.model.internal.AnnotatedColumn - Binding column: IndexColumn(column='tags_ORDER')
2025-08-25 22:02:29 DEBUG [main] o.h.b.model.internal.AnnotatedColumn - Binding column: AnnotatedColumn()
2025-08-25 22:02:29 DEBUG [main] o.h.b.model.internal.AnnotatedColumn - Binding column: AnnotatedColumn(column='tags_KEY')
2025-08-25 22:02:29 DEBUG [main] o.h.b.model.internal.AnnotatedColumn - Binding column: AnnotatedJoinColumn(column='tags_KEY')
2025-08-25 22:02:29 DEBUG [main] o.h.b.model.internal.AnnotatedColumn - Binding column: AnnotatedJoinColumn()
2025-08-25 22:02:29 DEBUG [main] o.h.b.model.internal.AnnotatedColumn - Binding column: AnnotatedJoinColumn()
2025-08-25 22:02:29 DEBUG [main] o.h.b.m.internal.CollectionBinder - Collection role: ru.bmstu.iu7.impl.model.ExtendedAnswer.tags
2025-08-25 22:02:29 DEBUG [main] o.h.b.model.internal.PropertyBinder - Building property tags
2025-08-25 22:02:29 DEBUG [main] o.h.b.model.internal.AnnotatedColumn - Binding column: AnnotatedColumn()
2025-08-25 22:02:29 DEBUG [main] o.h.b.model.internal.PropertyBinder - MetadataSourceProcessor property weight with lazy=false
2025-08-25 22:02:29 DEBUG [main] o.h.b.m.i.AbstractPropertyHolder - Attempting to locate auto-apply AttributeConverter for property [ru.bmstu.iu7.impl.model.ExtendedAnswer:weight]
2025-08-25 22:02:29 DEBUG [main] o.h.b.m.internal.BasicValueBinder - building BasicValue for weight
2025-08-25 22:02:29 DEBUG [main] org.hibernate.mapping.BasicValue - Skipping column re-registration: extended_answer.weight
2025-08-25 22:02:29 DEBUG [main] o.h.b.model.internal.PropertyBinder - Building property weight
2025-08-25 22:02:29 DEBUG [main] o.h.b.r.c.i.ClassLoaderServiceImpl - HHH000194: Package not found or no package-info.java: ru.bmstu.iu7.impl.model
2025-08-25 22:02:29 DEBUG [main] o.h.boot.model.internal.EntityBinder - Binding entity from annotated class: ru.bmstu.iu7.impl.model.Information
2025-08-25 22:02:29 DEBUG [main] o.h.boot.model.internal.EntityBinder - Import with entity name Information
2025-08-25 22:02:29 DEBUG [main] o.h.boot.model.internal.EntityBinder - Bind entity ru.bmstu.iu7.impl.model.Information on table information
2025-08-25 22:02:29 DEBUG [main] o.h.b.model.internal.AnnotatedColumn - Binding column: AnnotatedDiscriminatorColumn(column='DTYPE')
2025-08-25 22:02:29 DEBUG [main] o.h.b.model.internal.AnnotatedColumn - Binding column: AnnotatedColumn()
2025-08-25 22:02:29 DEBUG [main] o.h.b.internal.ClassLoaderAccessImpl - Not known whether passed class name [ru.bmstu.iu7.impl.model.Information] is safe
2025-08-25 22:02:29 DEBUG [main] o.h.b.internal.ClassLoaderAccessImpl - No temp ClassLoader provided; using live ClassLoader for loading potentially unsafe class : ru.bmstu.iu7.impl.model.Information
2025-08-25 22:02:29 DEBUG [main] o.h.b.model.internal.PropertyBinder - MetadataSourceProcessor property id with lazy=false
2025-08-25 22:02:29 DEBUG [main] o.h.b.m.i.AbstractPropertyHolder - Attempting to locate auto-apply AttributeConverter for property [ru.bmstu.iu7.impl.model.Information:id]
2025-08-25 22:02:29 DEBUG [main] o.h.b.m.internal.BasicValueBinder - building BasicValue for id
2025-08-25 22:02:29 DEBUG [main] org.hibernate.mapping.BasicValue - Skipping column re-registration: information.id
2025-08-25 22:02:29 DEBUG [main] o.h.b.model.internal.PropertyBinder - Building property id
2025-08-25 22:02:29 DEBUG [main] o.h.boot.model.internal.BinderHelper - #makeIdGenerator(BasicValue([Column(id)]), id, identity, , ...)
2025-08-25 22:02:29 DEBUG [main] o.h.b.model.internal.AnnotatedColumn - Binding column: AnnotatedJoinColumn()
2025-08-25 22:02:29 DEBUG [main] o.h.b.model.internal.AnnotatedColumn - Binding column: AnnotatedColumn()
2025-08-25 22:02:29 DEBUG [main] o.h.b.model.internal.AnnotatedColumn - Binding column: IndexColumn(column='extended_answers_ORDER')
2025-08-25 22:02:29 DEBUG [main] o.h.b.model.internal.AnnotatedColumn - Binding column: AnnotatedColumn()
2025-08-25 22:02:29 DEBUG [main] o.h.b.model.internal.AnnotatedColumn - Binding column: AnnotatedColumn(column='extended_answers_KEY')
2025-08-25 22:02:29 DEBUG [main] o.h.b.model.internal.AnnotatedColumn - Binding column: AnnotatedJoinColumn(column='extended_answers_KEY')
2025-08-25 22:02:29 DEBUG [main] o.h.b.model.internal.AnnotatedColumn - Binding column: AnnotatedJoinColumn()
2025-08-25 22:02:29 DEBUG [main] o.h.b.model.internal.AnnotatedColumn - Binding column: AnnotatedJoinColumn()
2025-08-25 22:02:29 DEBUG [main] o.h.b.m.internal.CollectionBinder - Collection role: ru.bmstu.iu7.impl.model.Information.extended_answers
2025-08-25 22:02:29 DEBUG [main] o.h.b.model.internal.PropertyBinder - Building property extended_answers
2025-08-25 22:02:29 DEBUG [main] o.h.b.model.internal.AnnotatedColumn - Binding column: AnnotatedJoinColumn()
2025-08-25 22:02:29 DEBUG [main] o.h.b.model.internal.AnnotatedColumn - Binding column: AnnotatedColumn()
2025-08-25 22:02:29 DEBUG [main] o.h.b.model.internal.AnnotatedColumn - Binding column: IndexColumn(column='variant_answers_ORDER')
2025-08-25 22:02:29 DEBUG [main] o.h.b.model.internal.AnnotatedColumn - Binding column: AnnotatedColumn()
2025-08-25 22:02:29 DEBUG [HikariPool-1 connection adder] com.zaxxer.hikari.pool.HikariPool - HikariPool-1 - Added connection org.postgresql.jdbc.PgConnection@65565c26
2025-08-25 22:02:29 DEBUG [main] o.h.b.model.internal.AnnotatedColumn - Binding column: AnnotatedColumn(column='variant_answers_KEY')
2025-08-25 22:02:29 DEBUG [main] o.h.b.model.internal.AnnotatedColumn - Binding column: AnnotatedJoinColumn(column='variant_answers_KEY')
2025-08-25 22:02:29 DEBUG [main] o.h.b.model.internal.AnnotatedColumn - Binding column: AnnotatedJoinColumn()
2025-08-25 22:02:29 DEBUG [main] o.h.b.model.internal.AnnotatedColumn - Binding column: AnnotatedJoinColumn()
2025-08-25 22:02:29 DEBUG [main] o.h.b.m.internal.CollectionBinder - Collection role: ru.bmstu.iu7.impl.model.Information.variant_answers
2025-08-25 22:02:29 DEBUG [main] o.h.b.model.internal.PropertyBinder - Building property variant_answers
2025-08-25 22:02:29 DEBUG [main] o.h.b.r.c.i.ClassLoaderServiceImpl - HHH000194: Package not found or no package-info.java: ru.bmstu.iu7.impl.model
2025-08-25 22:02:29 DEBUG [main] o.h.boot.model.internal.EntityBinder - Binding entity from annotated class: ru.bmstu.iu7.impl.model.Question
2025-08-25 22:02:29 DEBUG [main] o.h.boot.model.internal.EntityBinder - Import with entity name Question
2025-08-25 22:02:29 DEBUG [main] o.h.boot.model.internal.EntityBinder - Bind entity ru.bmstu.iu7.impl.model.Question on table question
2025-08-25 22:02:29 DEBUG [main] o.h.b.model.internal.AnnotatedColumn - Binding column: AnnotatedDiscriminatorColumn(column='DTYPE')
2025-08-25 22:02:29 DEBUG [main] o.h.b.model.internal.AnnotatedColumn - Binding column: AnnotatedColumn()
2025-08-25 22:02:29 DEBUG [main] o.h.b.internal.ClassLoaderAccessImpl - Not known whether passed class name [ru.bmstu.iu7.impl.model.Question] is safe
2025-08-25 22:02:29 DEBUG [main] o.h.b.internal.ClassLoaderAccessImpl - No temp ClassLoader provided; using live ClassLoader for loading potentially unsafe class : ru.bmstu.iu7.impl.model.Question
2025-08-25 22:02:29 DEBUG [main] o.h.b.model.internal.PropertyBinder - MetadataSourceProcessor property id with lazy=false
2025-08-25 22:02:29 DEBUG [main] o.h.b.m.i.AbstractPropertyHolder - Attempting to locate auto-apply AttributeConverter for property [ru.bmstu.iu7.impl.model.Question:id]
2025-08-25 22:02:29 DEBUG [main] o.h.b.m.internal.BasicValueBinder - building BasicValue for id
2025-08-25 22:02:29 DEBUG [main] org.hibernate.mapping.BasicValue - Skipping column re-registration: question.id
2025-08-25 22:02:29 DEBUG [main] o.h.b.model.internal.PropertyBinder - Building property id
2025-08-25 22:02:29 DEBUG [main] o.h.boot.model.internal.BinderHelper - #makeIdGenerator(BasicValue([Column(id)]), id, identity, , ...)
2025-08-25 22:02:29 DEBUG [main] o.h.b.model.internal.AnnotatedColumn - Binding column: AnnotatedColumn()
2025-08-25 22:02:29 DEBUG [main] o.h.b.model.internal.PropertyBinder - MetadataSourceProcessor property is_extended with lazy=false
2025-08-25 22:02:29 DEBUG [main] o.h.b.m.i.AbstractPropertyHolder - Attempting to locate auto-apply AttributeConverter for property [ru.bmstu.iu7.impl.model.Question:is_extended]
2025-08-25 22:02:29 DEBUG [main] o.h.b.m.internal.BasicValueBinder - building BasicValue for is_extended
2025-08-25 22:02:29 DEBUG [main] org.hibernate.mapping.BasicValue - Skipping column re-registration: question.is_extended
2025-08-25 22:02:29 DEBUG [main] o.h.b.model.internal.PropertyBinder - Building property is_extended
2025-08-25 22:02:29 DEBUG [main] o.h.b.model.internal.AnnotatedColumn - Binding column: AnnotatedColumn()
2025-08-25 22:02:29 DEBUG [main] o.h.b.model.internal.PropertyBinder - MetadataSourceProcessor property question with lazy=false
2025-08-25 22:02:29 DEBUG [main] o.h.b.m.i.AbstractPropertyHolder - Attempting to locate auto-apply AttributeConverter for property [ru.bmstu.iu7.impl.model.Question:question]
2025-08-25 22:02:29 DEBUG [main] o.h.b.m.internal.BasicValueBinder - building BasicValue for question
2025-08-25 22:02:29 DEBUG [main] org.hibernate.mapping.BasicValue - Skipping column re-registration: question.question
2025-08-25 22:02:29 DEBUG [main] o.h.b.model.internal.PropertyBinder - Building property question
2025-08-25 22:02:29 DEBUG [main] o.h.b.model.internal.AnnotatedColumn - Binding column: AnnotatedJoinColumn()
2025-08-25 22:02:29 DEBUG [main] o.h.b.model.internal.AnnotatedColumn - Binding column: AnnotatedColumn()
2025-08-25 22:02:29 DEBUG [main] o.h.b.model.internal.AnnotatedColumn - Binding column: IndexColumn(column='tags_ORDER')
2025-08-25 22:02:29 DEBUG [main] o.h.b.model.internal.AnnotatedColumn - Binding column: AnnotatedColumn()
2025-08-25 22:02:29 DEBUG [main] o.h.b.model.internal.AnnotatedColumn - Binding column: AnnotatedColumn(column='tags_KEY')
2025-08-25 22:02:29 DEBUG [main] o.h.b.model.internal.AnnotatedColumn - Binding column: AnnotatedJoinColumn(column='tags_KEY')
2025-08-25 22:02:29 DEBUG [main] o.h.b.model.internal.AnnotatedColumn - Binding column: AnnotatedJoinColumn()
2025-08-25 22:02:29 DEBUG [main] o.h.b.model.internal.AnnotatedColumn - Binding column: AnnotatedJoinColumn()
2025-08-25 22:02:29 DEBUG [main] o.h.b.m.internal.CollectionBinder - Collection role: ru.bmstu.iu7.impl.model.Question.tags
2025-08-25 22:02:29 DEBUG [main] o.h.b.model.internal.PropertyBinder - Building property tags
2025-08-25 22:02:29 DEBUG [main] o.h.b.r.c.i.ClassLoaderServiceImpl - HHH000194: Package not found or no package-info.java: ru.bmstu.iu7.impl.model
2025-08-25 22:02:29 DEBUG [main] o.h.boot.model.internal.EntityBinder - Binding entity from annotated class: ru.bmstu.iu7.impl.model.Questionnaire
2025-08-25 22:02:29 DEBUG [main] o.h.boot.model.internal.EntityBinder - Import with entity name Questionnaire
2025-08-25 22:02:29 DEBUG [main] o.h.boot.model.internal.EntityBinder - Bind entity ru.bmstu.iu7.impl.model.Questionnaire on table questionnaire
2025-08-25 22:02:29 DEBUG [main] o.h.b.model.internal.AnnotatedColumn - Binding column: AnnotatedDiscriminatorColumn(column='DTYPE')
2025-08-25 22:02:29 DEBUG [main] o.h.b.model.internal.AnnotatedColumn - Binding column: AnnotatedColumn()
2025-08-25 22:02:29 DEBUG [main] o.h.b.internal.ClassLoaderAccessImpl - Not known whether passed class name [ru.bmstu.iu7.impl.model.Questionnaire] is safe
2025-08-25 22:02:29 DEBUG [main] o.h.b.internal.ClassLoaderAccessImpl - No temp ClassLoader provided; using live ClassLoader for loading potentially unsafe class : ru.bmstu.iu7.impl.model.Questionnaire
2025-08-25 22:02:29 DEBUG [main] o.h.b.model.internal.PropertyBinder - MetadataSourceProcessor property id with lazy=false
2025-08-25 22:02:29 DEBUG [main] o.h.b.m.i.AbstractPropertyHolder - Attempting to locate auto-apply AttributeConverter for property [ru.bmstu.iu7.impl.model.Questionnaire:id]
2025-08-25 22:02:29 DEBUG [main] o.h.b.m.internal.BasicValueBinder - building BasicValue for id
2025-08-25 22:02:29 DEBUG [main] org.hibernate.mapping.BasicValue - Skipping column re-registration: questionnaire.id
2025-08-25 22:02:29 DEBUG [main] o.h.b.model.internal.PropertyBinder - Building property id
2025-08-25 22:02:29 DEBUG [main] o.h.boot.model.internal.BinderHelper - #makeIdGenerator(BasicValue([Column(id)]), id, identity, , ...)
2025-08-25 22:02:29 DEBUG [main] o.h.b.model.internal.AnnotatedColumn - Binding column: AnnotatedJoinColumn()
2025-08-25 22:02:29 DEBUG [main] o.h.b.model.internal.AnnotatedColumn - Binding column: AnnotatedColumn()
2025-08-25 22:02:29 DEBUG [main] o.h.b.model.internal.AnnotatedColumn - Binding column: IndexColumn(column='black_list_ORDER')
2025-08-25 22:02:29 DEBUG [main] o.h.b.model.internal.AnnotatedColumn - Binding column: AnnotatedColumn()
2025-08-25 22:02:29 DEBUG [main] o.h.b.model.internal.AnnotatedColumn - Binding column: AnnotatedColumn(column='black_list_KEY')
2025-08-25 22:02:29 DEBUG [main] o.h.b.model.internal.AnnotatedColumn - Binding column: AnnotatedJoinColumn(column='black_list_KEY')
2025-08-25 22:02:29 DEBUG [main] o.h.b.model.internal.AnnotatedColumn - Binding column: AnnotatedJoinColumn()
2025-08-25 22:02:29 DEBUG [main] o.h.b.model.internal.AnnotatedColumn - Binding column: AnnotatedJoinColumn()
2025-08-25 22:02:29 DEBUG [main] o.h.b.m.internal.CollectionBinder - Collection role: ru.bmstu.iu7.impl.model.Questionnaire.black_list
2025-08-25 22:02:29 DEBUG [main] o.h.b.model.internal.PropertyBinder - Building property black_list
2025-08-25 22:02:29 DEBUG [main] o.h.b.model.internal.AnnotatedColumn - Binding column: AnnotatedColumn()
2025-08-25 22:02:29 DEBUG [main] o.h.b.model.internal.PropertyBinder - MetadataSourceProcessor property censored with lazy=false
2025-08-25 22:02:29 DEBUG [main] o.h.b.m.i.AbstractPropertyHolder - Attempting to locate auto-apply AttributeConverter for property [ru.bmstu.iu7.impl.model.Questionnaire:censored]
2025-08-25 22:02:29 DEBUG [main] o.h.b.m.internal.BasicValueBinder - building BasicValue for censored
2025-08-25 22:02:29 DEBUG [main] org.hibernate.mapping.BasicValue - Skipping column re-registration: questionnaire.censored
2025-08-25 22:02:29 DEBUG [main] o.h.b.model.internal.PropertyBinder - Building property censored
2025-08-25 22:02:29 DEBUG [main] o.h.b.model.internal.AnnotatedColumn - Binding column: AnnotatedJoinColumn()
2025-08-25 22:02:29 DEBUG [main] o.h.b.model.internal.AnnotatedColumn - Binding column: AnnotatedColumn()
2025-08-25 22:02:29 DEBUG [main] o.h.b.model.internal.AnnotatedColumn - Binding column: IndexColumn(column='fav_list_ORDER')
2025-08-25 22:02:29 DEBUG [main] o.h.b.model.internal.AnnotatedColumn - Binding column: AnnotatedColumn()
2025-08-25 22:02:29 DEBUG [main] o.h.b.model.internal.AnnotatedColumn - Binding column: AnnotatedColumn(column='fav_list_KEY')
2025-08-25 22:02:29 DEBUG [main] o.h.b.model.internal.AnnotatedColumn - Binding column: AnnotatedJoinColumn(column='fav_list_KEY')
2025-08-25 22:02:29 DEBUG [main] o.h.b.model.internal.AnnotatedColumn - Binding column: AnnotatedJoinColumn()
2025-08-25 22:02:29 DEBUG [main] o.h.b.model.internal.AnnotatedColumn - Binding column: AnnotatedJoinColumn()
2025-08-25 22:02:29 DEBUG [main] o.h.b.m.internal.CollectionBinder - Collection role: ru.bmstu.iu7.impl.model.Questionnaire.fav_list
2025-08-25 22:02:29 DEBUG [main] o.h.b.model.internal.PropertyBinder - Building property fav_list
2025-08-25 22:02:29 DEBUG [main] o.h.b.model.internal.AnnotatedColumn - Binding column: AnnotatedJoinColumn()
2025-08-25 22:02:29 DEBUG [main] o.h.b.model.internal.AnnotatedColumn - Binding column: AnnotatedColumn()
2025-08-25 22:02:29 DEBUG [main] o.h.b.model.internal.PropertyBinder - Building property information
2025-08-25 22:02:29 DEBUG [main] o.h.b.model.internal.AnnotatedColumn - Binding column: AnnotatedJoinColumn()
2025-08-25 22:02:29 DEBUG [main] o.h.b.model.internal.AnnotatedColumn - Binding column: AnnotatedColumn()
2025-08-25 22:02:29 DEBUG [main] o.h.b.model.internal.PropertyBinder - Building property search_information
2025-08-25 22:02:29 DEBUG [main] o.h.b.model.internal.AnnotatedColumn - Binding column: AnnotatedJoinColumn()
2025-08-25 22:02:29 DEBUG [main] o.h.b.model.internal.AnnotatedColumn - Binding column: AnnotatedColumn()
2025-08-25 22:02:29 DEBUG [main] o.h.b.model.internal.PropertyBinder - Building property user
2025-08-25 22:02:29 DEBUG [main] o.h.b.r.c.i.ClassLoaderServiceImpl - HHH000194: Package not found or no package-info.java: ru.bmstu.iu7.impl.model
2025-08-25 22:02:29 DEBUG [main] o.h.boot.model.internal.EntityBinder - Binding entity from annotated class: ru.bmstu.iu7.impl.model.ReqCache
2025-08-25 22:02:29 DEBUG [main] o.h.boot.model.internal.EntityBinder - Import with entity name ReqCache
2025-08-25 22:02:29 DEBUG [main] o.h.boot.model.internal.EntityBinder - Bind entity ru.bmstu.iu7.impl.model.ReqCache on table req_cache
2025-08-25 22:02:29 DEBUG [main] o.h.b.model.internal.AnnotatedColumn - Binding column: AnnotatedDiscriminatorColumn(column='DTYPE')
2025-08-25 22:02:29 DEBUG [main] o.h.b.model.internal.AnnotatedColumn - Binding column: AnnotatedColumn()
2025-08-25 22:02:29 DEBUG [main] o.h.b.internal.ClassLoaderAccessImpl - Not known whether passed class name [ru.bmstu.iu7.impl.model.ReqCache] is safe
2025-08-25 22:02:29 DEBUG [main] o.h.b.internal.ClassLoaderAccessImpl - No temp ClassLoader provided; using live ClassLoader for loading potentially unsafe class : ru.bmstu.iu7.impl.model.ReqCache
2025-08-25 22:02:29 DEBUG [main] o.h.b.model.internal.PropertyBinder - MetadataSourceProcessor property id with lazy=false
2025-08-25 22:02:29 DEBUG [main] o.h.b.m.i.AbstractPropertyHolder - Attempting to locate auto-apply AttributeConverter for property [ru.bmstu.iu7.impl.model.ReqCache:id]
2025-08-25 22:02:29 DEBUG [main] o.h.b.m.internal.BasicValueBinder - building BasicValue for id
2025-08-25 22:02:29 DEBUG [main] org.hibernate.mapping.BasicValue - Skipping column re-registration: req_cache.id
2025-08-25 22:02:29 DEBUG [main] o.h.b.model.internal.PropertyBinder - Building property id
2025-08-25 22:02:29 DEBUG [main] o.h.boot.model.internal.BinderHelper - #makeIdGenerator(BasicValue([Column(id)]), id, identity, , ...)
2025-08-25 22:02:29 DEBUG [main] o.h.b.model.internal.AnnotatedColumn - Binding column: AnnotatedColumn()
2025-08-25 22:02:29 DEBUG [main] o.h.b.model.internal.PropertyBinder - MetadataSourceProcessor property Factor with lazy=false
2025-08-25 22:02:29 DEBUG [main] o.h.b.m.i.AbstractPropertyHolder - Attempting to locate auto-apply AttributeConverter for property [ru.bmstu.iu7.impl.model.ReqCache:Factor]
2025-08-25 22:02:29 DEBUG [main] o.h.b.m.internal.BasicValueBinder - building BasicValue for Factor
2025-08-25 22:02:29 DEBUG [main] org.hibernate.mapping.BasicValue - Skipping column re-registration: req_cache.factor
2025-08-25 22:02:29 DEBUG [main] o.h.b.model.internal.PropertyBinder - Building property Factor
2025-08-25 22:02:29 DEBUG [main] o.h.b.model.internal.AnnotatedColumn - Binding column: AnnotatedJoinColumn()
2025-08-25 22:02:29 DEBUG [main] o.h.b.model.internal.AnnotatedColumn - Binding column: AnnotatedColumn()
2025-08-25 22:02:29 DEBUG [main] o.h.b.model.internal.PropertyBinder - Building property questionnaire1
2025-08-25 22:02:29 DEBUG [main] o.h.b.model.internal.AnnotatedColumn - Binding column: AnnotatedJoinColumn()
2025-08-25 22:02:29 DEBUG [main] o.h.b.model.internal.AnnotatedColumn - Binding column: AnnotatedColumn()
2025-08-25 22:02:29 DEBUG [main] o.h.b.model.internal.PropertyBinder - Building property questionnaire2
2025-08-25 22:02:29 DEBUG [main] o.h.b.r.c.i.ClassLoaderServiceImpl - HHH000194: Package not found or no package-info.java: ru.bmstu.iu7.impl.model
2025-08-25 22:02:29 DEBUG [HikariPool-1 connection adder] com.zaxxer.hikari.pool.HikariPool - HikariPool-1 - After adding stats (total=3, active=0, idle=3, waiting=0)
2025-08-25 22:02:29 DEBUG [main] o.h.boot.model.internal.EntityBinder - Binding entity from annotated class: ru.bmstu.iu7.impl.model.Tag
2025-08-25 22:02:29 DEBUG [HikariPool-1 connection adder] org.postgresql.Driver - Connecting with URL: jdbc:postgresql://localhost:5432/postgres
2025-08-25 22:02:29 DEBUG [HikariPool-1 connection adder] org.postgresql.jdbc.PgConnection - PostgreSQL JDBC Driver 42.7.5
2025-08-25 22:02:29 DEBUG [main] o.h.boot.model.internal.EntityBinder - Import with entity name Tag
2025-08-25 22:02:29 DEBUG [main] o.h.boot.model.internal.EntityBinder - Bind entity ru.bmstu.iu7.impl.model.Tag on table tag
2025-08-25 22:02:29 DEBUG [HikariPool-1 connection adder] org.postgresql.jdbc.PgConnection -   setDefaultFetchSize = 0
2025-08-25 22:02:29 DEBUG [HikariPool-1 connection adder] org.postgresql.jdbc.PgConnection -   setPrepareThreshold = 5
2025-08-25 22:02:29 DEBUG [main] o.h.b.model.internal.AnnotatedColumn - Binding column: AnnotatedDiscriminatorColumn(column='DTYPE')
2025-08-25 22:02:29 DEBUG [HikariPool-1 connection adder] o.p.core.v3.ConnectionFactoryImpl - Trying to establish a protocol version 3 connection to localhost:5432
2025-08-25 22:02:29 DEBUG [main] o.h.b.model.internal.AnnotatedColumn - Binding column: AnnotatedColumn()
2025-08-25 22:02:29 DEBUG [main] o.h.b.internal.ClassLoaderAccessImpl - Not known whether passed class name [ru.bmstu.iu7.impl.model.Tag] is safe
2025-08-25 22:02:29 DEBUG [main] o.h.b.internal.ClassLoaderAccessImpl - No temp ClassLoader provided; using live ClassLoader for loading potentially unsafe class : ru.bmstu.iu7.impl.model.Tag
2025-08-25 22:02:29 DEBUG [main] o.h.b.model.internal.PropertyBinder - MetadataSourceProcessor property id with lazy=false
2025-08-25 22:02:29 DEBUG [main] o.h.b.m.i.AbstractPropertyHolder - Attempting to locate auto-apply AttributeConverter for property [ru.bmstu.iu7.impl.model.Tag:id]
2025-08-25 22:02:29 DEBUG [main] o.h.b.m.internal.BasicValueBinder - building BasicValue for id
2025-08-25 22:02:29 DEBUG [main] org.hibernate.mapping.BasicValue - Skipping column re-registration: tag.id
2025-08-25 22:02:29 DEBUG [main] o.h.b.model.internal.PropertyBinder - Building property id
2025-08-25 22:02:29 DEBUG [HikariPool-1 connection adder] o.p.core.v3.ConnectionFactoryImpl - Receive Buffer Size is 65,536
2025-08-25 22:02:29 DEBUG [HikariPool-1 connection adder] o.p.core.v3.ConnectionFactoryImpl - Send Buffer Size is 65,536
2025-08-25 22:02:29 DEBUG [main] o.h.boot.model.internal.BinderHelper - #makeIdGenerator(BasicValue([Column(id)]), id, identity, , ...)
2025-08-25 22:02:29 DEBUG [main] o.h.b.model.internal.AnnotatedColumn - Binding column: AnnotatedColumn()
2025-08-25 22:02:29 DEBUG [main] o.h.b.model.internal.PropertyBinder - MetadataSourceProcessor property name with lazy=false
2025-08-25 22:02:29 DEBUG [main] o.h.b.m.i.AbstractPropertyHolder - Attempting to locate auto-apply AttributeConverter for property [ru.bmstu.iu7.impl.model.Tag:name]
2025-08-25 22:02:29 DEBUG [main] o.h.b.m.internal.BasicValueBinder - building BasicValue for name
2025-08-25 22:02:29 DEBUG [main] org.hibernate.mapping.BasicValue - Skipping column re-registration: tag.name
2025-08-25 22:02:29 DEBUG [main] o.h.b.model.internal.PropertyBinder - Building property name
2025-08-25 22:02:29 DEBUG [main] o.h.b.r.c.i.ClassLoaderServiceImpl - HHH000194: Package not found or no package-info.java: ru.bmstu.iu7.impl.model
2025-08-25 22:02:29 DEBUG [main] o.h.boot.model.internal.EntityBinder - Binding entity from annotated class: ru.bmstu.iu7.impl.model.User
2025-08-25 22:02:29 DEBUG [main] o.h.boot.model.internal.EntityBinder - Import with entity name User
2025-08-25 22:02:29 DEBUG [main] o.h.boot.model.internal.EntityBinder - Bind entity ru.bmstu.iu7.impl.model.User on table users
2025-08-25 22:02:29 DEBUG [main] o.h.b.model.internal.AnnotatedColumn - Binding column: AnnotatedDiscriminatorColumn(column='DTYPE')
2025-08-25 22:02:29 DEBUG [main] o.h.b.model.internal.AnnotatedColumn - Binding column: AnnotatedColumn()
2025-08-25 22:02:29 DEBUG [main] o.h.b.internal.ClassLoaderAccessImpl - Not known whether passed class name [ru.bmstu.iu7.impl.model.User] is safe
2025-08-25 22:02:29 DEBUG [main] o.h.b.internal.ClassLoaderAccessImpl - No temp ClassLoader provided; using live ClassLoader for loading potentially unsafe class : ru.bmstu.iu7.impl.model.User
2025-08-25 22:02:29 DEBUG [main] o.h.b.model.internal.PropertyBinder - MetadataSourceProcessor property id with lazy=false
2025-08-25 22:02:29 DEBUG [main] o.h.b.m.i.AbstractPropertyHolder - Attempting to locate auto-apply AttributeConverter for property [ru.bmstu.iu7.impl.model.User:id]
2025-08-25 22:02:29 DEBUG [main] o.h.b.m.internal.BasicValueBinder - building BasicValue for id
2025-08-25 22:02:29 DEBUG [main] org.hibernate.mapping.BasicValue - Skipping column re-registration: users.id
2025-08-25 22:02:29 DEBUG [main] o.h.b.model.internal.PropertyBinder - Building property id
2025-08-25 22:02:29 DEBUG [main] o.h.boot.model.internal.BinderHelper - #makeIdGenerator(BasicValue([Column(id)]), id, identity, , ...)
2025-08-25 22:02:29 DEBUG [main] o.h.b.model.internal.AnnotatedColumn - Binding column: AnnotatedColumn()
2025-08-25 22:02:29 DEBUG [main] o.h.b.model.internal.PropertyBinder - MetadataSourceProcessor property age with lazy=false
2025-08-25 22:02:29 DEBUG [main] o.h.b.m.i.AbstractPropertyHolder - Attempting to locate auto-apply AttributeConverter for property [ru.bmstu.iu7.impl.model.User:age]
2025-08-25 22:02:29 DEBUG [main] o.h.b.m.internal.BasicValueBinder - building BasicValue for age
2025-08-25 22:02:29 DEBUG [main] org.hibernate.mapping.BasicValue - Skipping column re-registration: users.age
2025-08-25 22:02:29 DEBUG [main] o.h.b.model.internal.PropertyBinder - Building property age
2025-08-25 22:02:29 DEBUG [main] o.h.b.model.internal.AnnotatedColumn - Binding column: AnnotatedColumn()
2025-08-25 22:02:29 DEBUG [main] o.h.b.model.internal.PropertyBinder - MetadataSourceProcessor property gender with lazy=false
2025-08-25 22:02:29 DEBUG [main] o.h.b.m.i.AbstractPropertyHolder - Attempting to locate auto-apply AttributeConverter for property [ru.bmstu.iu7.impl.model.User:gender]
2025-08-25 22:02:29 DEBUG [main] o.h.b.m.internal.BasicValueBinder - building BasicValue for gender
2025-08-25 22:02:29 DEBUG [main] org.hibernate.mapping.BasicValue - Skipping column re-registration: users.gender
2025-08-25 22:02:29 DEBUG [main] o.h.b.model.internal.PropertyBinder - Building property gender
2025-08-25 22:02:29 DEBUG [main] o.h.b.model.internal.AnnotatedColumn - Binding column: AnnotatedColumn()
2025-08-25 22:02:29 DEBUG [main] o.h.b.model.internal.PropertyBinder - MetadataSourceProcessor property name with lazy=false
2025-08-25 22:02:29 DEBUG [main] o.h.b.m.i.AbstractPropertyHolder - Attempting to locate auto-apply AttributeConverter for property [ru.bmstu.iu7.impl.model.User:name]
2025-08-25 22:02:29 DEBUG [main] o.h.b.m.internal.BasicValueBinder - building BasicValue for name
2025-08-25 22:02:29 DEBUG [main] org.hibernate.mapping.BasicValue - Skipping column re-registration: users.name
2025-08-25 22:02:29 DEBUG [main] o.h.b.model.internal.PropertyBinder - Building property name
2025-08-25 22:02:29 DEBUG [main] o.h.b.model.internal.AnnotatedColumn - Binding column: AnnotatedColumn()
2025-08-25 22:02:29 DEBUG [main] o.h.b.model.internal.PropertyBinder - MetadataSourceProcessor property password with lazy=false
2025-08-25 22:02:29 DEBUG [main] o.h.b.m.i.AbstractPropertyHolder - Attempting to locate auto-apply AttributeConverter for property [ru.bmstu.iu7.impl.model.User:password]
2025-08-25 22:02:29 DEBUG [main] o.h.b.m.internal.BasicValueBinder - building BasicValue for password
2025-08-25 22:02:29 DEBUG [main] org.hibernate.mapping.BasicValue - Skipping column re-registration: users.password
2025-08-25 22:02:29 DEBUG [main] o.h.b.model.internal.PropertyBinder - Building property password
2025-08-25 22:02:29 DEBUG [main] o.h.b.model.internal.AnnotatedColumn - Binding column: AnnotatedColumn()
2025-08-25 22:02:29 DEBUG [main] o.h.b.model.internal.PropertyBinder - MetadataSourceProcessor property role with lazy=false
2025-08-25 22:02:29 DEBUG [main] o.h.b.m.i.AbstractPropertyHolder - Attempting to locate auto-apply AttributeConverter for property [ru.bmstu.iu7.impl.model.User:role]
2025-08-25 22:02:29 DEBUG [main] o.h.b.m.internal.BasicValueBinder - building BasicValue for role
2025-08-25 22:02:29 DEBUG [main] org.hibernate.mapping.BasicValue - Skipping column re-registration: users.role
2025-08-25 22:02:29 DEBUG [main] o.h.b.model.internal.PropertyBinder - Building property role
2025-08-25 22:02:29 DEBUG [main] o.h.b.r.c.i.ClassLoaderServiceImpl - HHH000194: Package not found or no package-info.java: ru.bmstu.iu7.impl.model
2025-08-25 22:02:29 DEBUG [main] o.h.boot.model.internal.EntityBinder - Binding entity from annotated class: ru.bmstu.iu7.impl.model.VariantAnswer
2025-08-25 22:02:29 DEBUG [main] o.h.boot.model.internal.EntityBinder - Import with entity name VariantAnswer
2025-08-25 22:02:29 DEBUG [main] o.h.boot.model.internal.EntityBinder - Bind entity ru.bmstu.iu7.impl.model.VariantAnswer on table variant_answer
2025-08-25 22:02:29 DEBUG [main] o.h.b.model.internal.AnnotatedColumn - Binding column: AnnotatedDiscriminatorColumn(column='DTYPE')
2025-08-25 22:02:29 DEBUG [main] o.h.b.model.internal.AnnotatedColumn - Binding column: AnnotatedColumn()
2025-08-25 22:02:29 DEBUG [main] o.h.b.internal.ClassLoaderAccessImpl - Not known whether passed class name [ru.bmstu.iu7.impl.model.VariantAnswer] is safe
2025-08-25 22:02:29 DEBUG [main] o.h.b.internal.ClassLoaderAccessImpl - No temp ClassLoader provided; using live ClassLoader for loading potentially unsafe class : ru.bmstu.iu7.impl.model.VariantAnswer
2025-08-25 22:02:29 DEBUG [main] o.h.b.model.internal.PropertyBinder - MetadataSourceProcessor property id with lazy=false
2025-08-25 22:02:29 DEBUG [main] o.h.b.m.i.AbstractPropertyHolder - Attempting to locate auto-apply AttributeConverter for property [ru.bmstu.iu7.impl.model.VariantAnswer:id]
2025-08-25 22:02:29 DEBUG [main] o.h.b.m.internal.BasicValueBinder - building BasicValue for id
2025-08-25 22:02:29 DEBUG [main] org.hibernate.mapping.BasicValue - Skipping column re-registration: variant_answer.id
2025-08-25 22:02:29 DEBUG [main] o.h.b.model.internal.PropertyBinder - Building property id
2025-08-25 22:02:29 DEBUG [main] o.h.boot.model.internal.BinderHelper - #makeIdGenerator(BasicValue([Column(id)]), id, identity, , ...)
2025-08-25 22:02:29 DEBUG [main] o.h.b.model.internal.AnnotatedColumn - Binding column: AnnotatedJoinColumn()
2025-08-25 22:02:29 DEBUG [main] o.h.b.model.internal.AnnotatedColumn - Binding column: AnnotatedColumn()
2025-08-25 22:02:29 DEBUG [main] o.h.b.model.internal.PropertyBinder - Building property question
2025-08-25 22:02:29 DEBUG [main] o.h.b.model.internal.AnnotatedColumn - Binding column: AnnotatedJoinColumn()
2025-08-25 22:02:29 DEBUG [main] o.h.b.model.internal.AnnotatedColumn - Binding column: AnnotatedColumn()
2025-08-25 22:02:29 DEBUG [main] o.h.b.model.internal.PropertyBinder - Building property tag
2025-08-25 22:02:29 DEBUG [main] o.h.b.model.internal.AnnotatedColumn - Binding column: AnnotatedColumn()
2025-08-25 22:02:29 DEBUG [main] o.h.b.model.internal.PropertyBinder - MetadataSourceProcessor property weight with lazy=false
2025-08-25 22:02:29 DEBUG [main] o.h.b.m.i.AbstractPropertyHolder - Attempting to locate auto-apply AttributeConverter for property [ru.bmstu.iu7.impl.model.VariantAnswer:weight]
2025-08-25 22:02:29 DEBUG [main] o.h.b.m.internal.BasicValueBinder - building BasicValue for weight
2025-08-25 22:02:29 DEBUG [main] org.hibernate.mapping.BasicValue - Skipping column re-registration: variant_answer.weight
2025-08-25 22:02:29 DEBUG [main] o.h.b.model.internal.PropertyBinder - Building property weight
2025-08-25 22:02:29 DEBUG [main] o.h.b.r.c.i.ClassLoaderServiceImpl - HHH000194: Package not found or no package-info.java: ru.bmstu.iu7.impl.model
2025-08-25 22:02:29 DEBUG [main] o.h.b.m.internal.BasicValueBinder - Starting `BasicValueBinder#fillSimpleValue` for id
2025-08-25 22:02:29 DEBUG [main] o.h.b.m.internal.BasicValueBinder - Starting `BasicValueBinder#fillSimpleValue` for answer
2025-08-25 22:02:29 DEBUG [main] o.h.b.m.internal.BasicValueBinder - Starting `BasicValueBinder#fillSimpleValue` for weight
2025-08-25 22:02:29 DEBUG [main] o.h.b.m.internal.BasicValueBinder - Starting `BasicValueBinder#fillSimpleValue` for id
2025-08-25 22:02:29 DEBUG [main] o.h.b.m.internal.BasicValueBinder - Starting `BasicValueBinder#fillSimpleValue` for id
2025-08-25 22:02:29 DEBUG [main] o.h.b.m.internal.BasicValueBinder - Starting `BasicValueBinder#fillSimpleValue` for is_extended
2025-08-25 22:02:29 DEBUG [main] o.h.b.m.internal.BasicValueBinder - Starting `BasicValueBinder#fillSimpleValue` for question
2025-08-25 22:02:29 DEBUG [main] o.h.b.m.internal.BasicValueBinder - Starting `BasicValueBinder#fillSimpleValue` for id
2025-08-25 22:02:29 DEBUG [main] o.h.b.m.internal.BasicValueBinder - Starting `BasicValueBinder#fillSimpleValue` for censored
2025-08-25 22:02:29 DEBUG [main] o.h.b.m.internal.BasicValueBinder - Starting `BasicValueBinder#fillSimpleValue` for id
2025-08-25 22:02:29 DEBUG [main] o.h.b.m.internal.BasicValueBinder - Starting `BasicValueBinder#fillSimpleValue` for Factor
2025-08-25 22:02:29 DEBUG [main] o.h.b.m.internal.BasicValueBinder - Starting `BasicValueBinder#fillSimpleValue` for id
2025-08-25 22:02:29 DEBUG [main] o.h.b.m.internal.BasicValueBinder - Starting `BasicValueBinder#fillSimpleValue` for name
2025-08-25 22:02:29 DEBUG [main] o.h.b.m.internal.BasicValueBinder - Starting `BasicValueBinder#fillSimpleValue` for id
2025-08-25 22:02:29 DEBUG [main] o.h.b.m.internal.BasicValueBinder - Starting `BasicValueBinder#fillSimpleValue` for age
2025-08-25 22:02:29 DEBUG [main] o.h.b.m.internal.BasicValueBinder - Starting `BasicValueBinder#fillSimpleValue` for gender
2025-08-25 22:02:29 DEBUG [main] o.h.b.m.internal.BasicValueBinder - Starting `BasicValueBinder#fillSimpleValue` for name
2025-08-25 22:02:29 DEBUG [main] o.h.b.m.internal.BasicValueBinder - Starting `BasicValueBinder#fillSimpleValue` for password
2025-08-25 22:02:29 DEBUG [main] o.h.b.m.internal.BasicValueBinder - Starting `BasicValueBinder#fillSimpleValue` for role
2025-08-25 22:02:29 DEBUG [main] o.h.b.m.internal.BasicValueBinder - Starting `BasicValueBinder#fillSimpleValue` for id
2025-08-25 22:02:29 DEBUG [main] o.h.b.m.internal.BasicValueBinder - Starting `BasicValueBinder#fillSimpleValue` for weight
2025-08-25 22:02:29 DEBUG [main] org.hibernate.mapping.PrimaryKey - Forcing column [id] to be non-null as it is part of the primary key for table [extended_answer]
2025-08-25 22:02:29 DEBUG [main] org.hibernate.mapping.PrimaryKey - Forcing column [id] to be non-null as it is part of the primary key for table [information]
2025-08-25 22:02:29 DEBUG [main] org.hibernate.mapping.PrimaryKey - Forcing column [id] to be non-null as it is part of the primary key for table [question]
2025-08-25 22:02:29 DEBUG [main] org.hibernate.mapping.PrimaryKey - Forcing column [id] to be non-null as it is part of the primary key for table [questionnaire]
2025-08-25 22:02:29 DEBUG [main] org.hibernate.mapping.PrimaryKey - Forcing column [id] to be non-null as it is part of the primary key for table [req_cache]
2025-08-25 22:02:29 DEBUG [main] org.hibernate.mapping.PrimaryKey - Forcing column [id] to be non-null as it is part of the primary key for table [tag]
2025-08-25 22:02:29 DEBUG [main] org.hibernate.mapping.PrimaryKey - Forcing column [id] to be non-null as it is part of the primary key for table [users]
2025-08-25 22:02:29 DEBUG [main] org.hibernate.mapping.PrimaryKey - Forcing column [id] to be non-null as it is part of the primary key for table [variant_answer]
2025-08-25 22:02:29 DEBUG [main] o.h.b.m.i.CollectionSecondPass - Second pass for collection: ru.bmstu.iu7.impl.model.Questionnaire.fav_list
2025-08-25 22:02:29 DEBUG [main] o.h.b.m.internal.CollectionBinder - Binding a OneToMany: ru.bmstu.iu7.impl.model.Questionnaire.fav_list through an association table
2025-08-25 22:02:29 DEBUG [main] o.h.b.r.c.i.ClassLoaderServiceImpl - HHH000194: Package not found or no package-info.java: ru.bmstu.iu7.impl.model
2025-08-25 22:02:29 DEBUG [main] o.h.b.m.i.CollectionSecondPass - Mapped collection key: questionnaire_id, element: fav_list_id
2025-08-25 22:02:29 DEBUG [main] o.h.b.m.i.CollectionSecondPass - Second pass for collection: ru.bmstu.iu7.impl.model.Questionnaire.black_list
2025-08-25 22:02:29 DEBUG [main] o.h.b.m.internal.CollectionBinder - Binding a OneToMany: ru.bmstu.iu7.impl.model.Questionnaire.black_list through an association table
2025-08-25 22:02:29 DEBUG [main] o.h.b.r.c.i.ClassLoaderServiceImpl - HHH000194: Package not found or no package-info.java: ru.bmstu.iu7.impl.model
2025-08-25 22:02:29 DEBUG [main] o.h.b.m.i.CollectionSecondPass - Mapped collection key: questionnaire_id, element: black_list_id
2025-08-25 22:02:29 DEBUG [main] o.h.b.m.i.CollectionSecondPass - Second pass for collection: ru.bmstu.iu7.impl.model.Question.tags
2025-08-25 22:02:29 DEBUG [main] o.h.b.m.internal.CollectionBinder - Binding a OneToMany: ru.bmstu.iu7.impl.model.Question.tags through an association table
2025-08-25 22:02:29 DEBUG [main] o.h.b.r.c.i.ClassLoaderServiceImpl - HHH000194: Package not found or no package-info.java: ru.bmstu.iu7.impl.model
2025-08-25 22:02:29 DEBUG [main] o.h.b.m.i.CollectionSecondPass - Mapped collection key: question_id, element: tags_id
2025-08-25 22:02:29 DEBUG [main] o.h.b.m.i.CollectionSecondPass - Second pass for collection: ru.bmstu.iu7.impl.model.Information.variant_answers
2025-08-25 22:02:29 DEBUG [main] o.h.b.m.internal.CollectionBinder - Binding a OneToMany: ru.bmstu.iu7.impl.model.Information.variant_answers through an association table
2025-08-25 22:02:29 DEBUG [main] o.h.b.r.c.i.ClassLoaderServiceImpl - HHH000194: Package not found or no package-info.java: ru.bmstu.iu7.impl.model
2025-08-25 22:02:29 DEBUG [main] o.h.b.m.i.CollectionSecondPass - Mapped collection key: information_id, element: variant_answers_id
2025-08-25 22:02:29 DEBUG [main] o.h.b.m.i.CollectionSecondPass - Second pass for collection: ru.bmstu.iu7.impl.model.Information.extended_answers
2025-08-25 22:02:29 DEBUG [main] o.h.b.m.internal.CollectionBinder - Binding a OneToMany: ru.bmstu.iu7.impl.model.Information.extended_answers through an association table
2025-08-25 22:02:29 DEBUG [main] o.h.b.r.c.i.ClassLoaderServiceImpl - HHH000194: Package not found or no package-info.java: ru.bmstu.iu7.impl.model
2025-08-25 22:02:29 DEBUG [main] o.h.b.m.i.CollectionSecondPass - Mapped collection key: information_id, element: extended_answers_id
2025-08-25 22:02:29 DEBUG [main] o.h.b.m.i.CollectionSecondPass - Second pass for collection: ru.bmstu.iu7.impl.model.ExtendedAnswer.tags
2025-08-25 22:02:29 DEBUG [main] o.h.b.m.internal.CollectionBinder - Binding a OneToMany: ru.bmstu.iu7.impl.model.ExtendedAnswer.tags through an association table
2025-08-25 22:02:29 DEBUG [main] o.h.b.r.c.i.ClassLoaderServiceImpl - HHH000194: Package not found or no package-info.java: ru.bmstu.iu7.impl.model
2025-08-25 22:02:29 DEBUG [main] o.h.b.m.i.CollectionSecondPass - Mapped collection key: extended_answer_id, element: tags_id
2025-08-25 22:02:29 DEBUG [HikariPool-1 connection adder] com.zaxxer.hikari.pool.HikariPool - HikariPool-1 - Added connection org.postgresql.jdbc.PgConnection@54f99821
2025-08-25 22:02:29 DEBUG [HikariPool-1 connection adder] com.zaxxer.hikari.pool.HikariPool - HikariPool-1 - After adding stats (total=4, active=0, idle=4, waiting=0)
2025-08-25 22:02:29 DEBUG [HikariPool-1 connection adder] org.postgresql.Driver - Connecting with URL: jdbc:postgresql://localhost:5432/postgres
2025-08-25 22:02:29 DEBUG [HikariPool-1 connection adder] org.postgresql.jdbc.PgConnection - PostgreSQL JDBC Driver 42.7.5
2025-08-25 22:02:29 DEBUG [HikariPool-1 connection adder] org.postgresql.jdbc.PgConnection -   setDefaultFetchSize = 0
2025-08-25 22:02:29 DEBUG [HikariPool-1 connection adder] org.postgresql.jdbc.PgConnection -   setPrepareThreshold = 5
2025-08-25 22:02:29 DEBUG [HikariPool-1 connection adder] o.p.core.v3.ConnectionFactoryImpl - Trying to establish a protocol version 3 connection to localhost:5432
2025-08-25 22:02:29 DEBUG [HikariPool-1 connection adder] o.p.core.v3.ConnectionFactoryImpl - Receive Buffer Size is 65,536
2025-08-25 22:02:29 DEBUG [HikariPool-1 connection adder] o.p.core.v3.ConnectionFactoryImpl - Send Buffer Size is 65,536
2025-08-25 22:02:29 DEBUG [main] o.h.internal.SessionFactoryImpl - Building session factory
2025-08-25 22:02:29 DEBUG [HikariPool-1 connection adder] com.zaxxer.hikari.pool.HikariPool - HikariPool-1 - Added connection org.postgresql.jdbc.PgConnection@579a369
2025-08-25 22:02:29 DEBUG [main] o.h.s.i.SessionFactoryServiceRegistryImpl - EventListenerRegistry access via ServiceRegistry is deprecated.  Use `sessionFactory.getEventEngine().getListenerRegistry()` instead
2025-08-25 22:02:29 DEBUG [main] o.h.internal.SessionFactoryImpl - Instantiating SessionFactory with settings: {java.specification.version=23, sun.cpu.isalist=amd64, hibernate.resource.beans.container=org.springframework.orm.hibernate5.SpringBeanContainer@50d666a2, hibernate.connection.handling_mode=DELAYED_ACQUISITION_AND_HOLD, sun.jnu.encoding=Cp1252, hibernate.dialect=org.hibernate.dialect.PostgreSQLDialect, hibernate.implicit_naming_strategy=org.springframework.boot.orm.jpa.hibernate.SpringImplicitNamingStrategy, java.class.path=D:\Projects\PPO_f\PPO_f\app_cli\build\classes\java\main;D:\Projects\PPO_f\PPO_f\app_cli\build\resources\main;D:\Projects\PPO_f\PPO_f\DB\build\libs\DB-1.0-SNAPSHOT.jar;C:\Users\sidya\.gradle\caches\modules-2\files-2.1\org.springframework.boot\spring-boot-starter-web\3.4.5\54cb03e8615f0c10cd44b5b7d155af3d0be7d66a\spring-boot-starter-web-3.4.5.jar;D:\Projects\PPO_f\PPO_f\ML\build\libs\ML-1.0-SNAPSHOT.jar;D:\Projects\PPO_f\PPO_f\BL\build\libs\BL-1.0-SNAPSHOT.jar;C:\Users\sidya\.gradle\caches\modules-2\files-2.1\org.springframework.boot\spring-boot-starter-data-jpa\3.4.5\c6ef06dfef1b02f3e3f82d67118d3944672e7d49\spring-boot-starter-data-jpa-3.4.5.jar;C:\Users\sidya\.gradle\caches\modules-2\files-2.1\org.springframework.boot\spring-boot-starter-json\3.4.5\b7a87d4565c99754e0fcf4da405ebe3ab0870c88\spring-boot-starter-json-3.4.5.jar;C:\Users\sidya\.gradle\caches\modules-2\files-2.1\org.springframework.boot\spring-boot-starter-jdbc\3.4.5\e361f635454d0694547cc226ece3aa10fde7ff2b\spring-boot-starter-jdbc-3.4.5.jar;C:\Users\sidya\.gradle\caches\modules-2\files-2.1\org.springframework.boot\spring-boot-starter\3.4.5\3b1cd30bd3be52f5fd0c0934882ec86ed4457646\spring-boot-starter-3.4.5.jar;C:\Users\sidya\.gradle\caches\modules-2\files-2.1\org.springframework.boot\spring-boot-starter-tomcat\3.4.5\d3121e25897969409967675c0c450dd3cad45162\spring-boot-starter-tomcat-3.4.5.jar;C:\Users\sidya\.gradle\caches\modules-2\files-2.1\org.springframework\spring-webmvc\6.2.6\48c37c417d00b9dc12e344892b206bbbf67f0945\spring-webmvc-6.2.6.jar;C:\Users\sidya\.gradle\caches\modules-2\files-2.1\org.springframework\spring-web\6.2.6\17a4f806e877a1064a2442fe7545b0036fb9550f\spring-web-6.2.6.jar;C:\Users\sidya\.gradle\caches\modules-2\files-2.1\org.hibernate.orm\hibernate-core\6.6.13.Final\e7f1b2d53e89b9863dca12cd5f1b261ba413415b\hibernate-core-6.6.13.Final.jar;C:\Users\sidya\.gradle\caches\modules-2\files-2.1\jakarta.persistence\jakarta.persistence-api\3.1.0\66901fa1c373c6aff65c13791cc11da72060a8d6\jakarta.persistence-api-3.1.0.jar;C:\Users\sidya\.gradle\caches\modules-2\files-2.1\org.postgresql\postgresql\42.7.5\747897987b86c741fb8b56f6b81929ae1e6e4b46\postgresql-42.7.5.jar;C:\Users\sidya\.gradle\caches\modules-2\files-2.1\org.springframework.data\spring-data-jpa\3.4.5\40000309bebdc0e4e284211701f039eb5b1fb1a6\spring-data-jpa-3.4.5.jar;C:\Users\sidya\.gradle\caches\modules-2\files-2.1\org.springframework\spring-aspects\6.2.6\2bb7fe48b4fef28af71be32815200c19ac95f783\spring-aspects-6.2.6.jar;C:\Users\sidya\.gradle\caches\modules-2\files-2.1\org.springframework.boot\spring-boot-autoconfigure\3.4.5\c44ad60865ca1d0b88e576b0355e755ed28aec52\spring-boot-autoconfigure-3.4.5.jar;C:\Users\sidya\.gradle\caches\modules-2\files-2.1\org.springframework.boot\spring-boot\3.4.5\414fcf9f9e0ccb961243d8f36ef8ad6d4040e745\spring-boot-3.4.5.jar;C:\Users\sidya\.gradle\caches\modules-2\files-2.1\org.springframework.boot\spring-boot-starter-logging\3.4.5\f4821c3181ef6dfbbc5305ebf5a3ed2c5493ef14\spring-boot-starter-logging-3.4.5.jar;C:\Users\sidya\.gradle\caches\modules-2\files-2.1\jakarta.annotation\jakarta.annotation-api\2.1.1\48b9bda22b091b1f48b13af03fe36db3be6e1ae3\jakarta.annotation-api-2.1.1.jar;C:\Users\sidya\.gradle\caches\modules-2\files-2.1\org.springframework\spring-context\6.2.6\ae08b2ec4a49ab7acb0b5eea7c309363139d54ad\spring-context-6.2.6.jar;C:\Users\sidya\.gradle\caches\modules-2\files-2.1\org.springframework\spring-aop\6.2.6\ab5502a1e9694f2ecd001ecb1ee1fc46b29cfbd9\spring-aop-6.2.6.jar;C:\Users\sidya\.gradle\caches\modules-2\files-2.1\org.springframework\spring-orm\6.2.6\b579360aaab1e52ec95d0538cc3c89fa8689485d\spring-orm-6.2.6.jar;C:\Users\sidya\.gradle\caches\modules-2\files-2.1\org.springframework\spring-jdbc\6.2.6\529137b0f92d8cfd13876e6aa8df9088246b4755\spring-jdbc-6.2.6.jar;C:\Users\sidya\.gradle\caches\modules-2\files-2.1\org.springframework.data\spring-data-commons\3.4.5\bad5044a4d2f322ff939247ff448d4322c6b7d5d\spring-data-commons-3.4.5.jar;C:\Users\sidya\.gradle\caches\modules-2\files-2.1\org.springframework\spring-tx\6.2.6\fb46b2d651a6c509625bc6e7e38865137f658eca\spring-tx-6.2.6.jar;C:\Users\sidya\.gradle\caches\modules-2\files-2.1\org.springframework\spring-beans\6.2.6\d43abe3b5765748210c511043b1d4904ca216a9f\spring-beans-6.2.6.jar;C:\Users\sidya\.gradle\caches\modules-2\files-2.1\org.springframework\spring-expression\6.2.6\d9efc768cfda1d97c8fe769a9d50f936eb7f18e2\spring-expression-6.2.6.jar;C:\Users\sidya\.gradle\caches\modules-2\files-2.1\org.springframework\spring-core\6.2.6\4639dac5fc46cb6a9f6eb2709decfb90313e0f2c\spring-core-6.2.6.jar;C:\Users\sidya\.gradle\caches\modules-2\files-2.1\org.yaml\snakeyaml\2.3\936b36210e27320f920536f695cf1af210c44586\snakeyaml-2.3.jar;C:\Users\sidya\.gradle\caches\modules-2\files-2.1\com.fasterxml.jackson.datatype\jackson-datatype-jsr310\2.18.3\cc57924cccf42fc852081c36215272f84ffcd991\jackson-datatype-jsr310-2.18.3.jar;C:\Users\sidya\.gradle\caches\modules-2\files-2.1\com.fasterxml.jackson.module\jackson-module-parameter-names\2.18.3\fa63ae5eb3956b1a6d7a7ead2b513af89dea22e7\jackson-module-parameter-names-2.18.3.jar;C:\Users\sidya\.gradle\caches\modules-2\files-2.1\com.fasterxml.jackson.core\jackson-annotations\2.18.3\7fa21cf7da4598f8240e4ebd9779249622af1acd\jackson-annotations-2.18.3.jar;C:\Users\sidya\.gradle\caches\modules-2\files-2.1\com.fasterxml.jackson.core\jackson-core\2.18.3\78f80c259268200e588aa204dd97ecf09b76916e\jackson-core-2.18.3.jar;C:\Users\sidya\.gradle\caches\modules-2\files-2.1\com.fasterxml.jackson.datatype\jackson-datatype-jdk8\2.18.3\621558295660935134b171ce2b0d9ad6842ec2ff\jackson-datatype-jdk8-2.18.3.jar;C:\Users\sidya\.gradle\caches\modules-2\files-2.1\com.fasterxml.jackson.core\jackson-databind\2.18.3\537e3886263e3b3464385040453e92567fd509e2\jackson-databind-2.18.3.jar;C:\Users\sidya\.gradle\caches\modules-2\files-2.1\org.apache.tomcat.embed\tomcat-embed-websocket\10.1.40\ffdcf96aa28e77858644f4db100e8de896ba58e3\tomcat-embed-websocket-10.1.40.jar;C:\Users\sidya\.gradle\caches\modules-2\files-2.1\org.apache.tomcat.embed\tomcat-embed-core\10.1.40\fc1c09b726336dc6f7dde0408cebb1a56a3a28d3\tomcat-embed-core-10.1.40.jar;C:\Users\sidya\.gradle\caches\modules-2\files-2.1\org.apache.tomcat.embed\tomcat-embed-el\10.1.40\1b321790508c1d410689b4f496dae18a97fa6ae9\tomcat-embed-el-10.1.40.jar;C:\Users\sidya\.gradle\caches\modules-2\files-2.1\io.micrometer\micrometer-observation\1.14.6\3ba55114eb3f2b33431ce6cf80c6114cf2b21c9\micrometer-observation-1.14.6.jar;C:\Users\sidya\.gradle\caches\modules-2\files-2.1\org.glassfish.jaxb\jaxb-runtime\4.0.5\ca84c2a7169b5293e232b9d00d1e4e36d4c3914a\jaxb-runtime-4.0.5.jar;C:\Users\sidya\.gradle\caches\modules-2\files-2.1\org.glassfish.jaxb\jaxb-core\4.0.5\7b4b11ea5542eea4ad55e1080b23be436795b3\jaxb-core-4.0.5.jar;C:\Users\sidya\.gradle\caches\modules-2\files-2.1\org.glassfish.jaxb\txw2\4.0.5\f36a4ef12120a9bb06d766d6a0e54b144fd7ed98\txw2-4.0.5.jar;C:\Users\sidya\.gradle\caches\modules-2\files-2.1\jakarta.xml.bind\jakarta.xml.bind-api\4.0.2\6cd5a999b834b63238005b7144136379dc36cad2\jakarta.xml.bind-api-4.0.2.jar;C:\Users\sidya\.gradle\caches\modules-2\files-2.1\com.sun.istack\istack-commons-runtime\4.1.2\18ec117c85f3ba0ac65409136afa8e42bc74e739\istack-commons-runtime-4.1.2.jar;C:\Users\sidya\.gradle\caches\modules-2\files-2.1\org.eclipse.angus\angus-activation\2.0.2\41f1e0ddd157c856926ed149ab837d110955a9fc\angus-activation-2.0.2.jar;C:\Users\sidya\.gradle\caches\modules-2\files-2.1\jakarta.activation\jakarta.activation-api\2.1.3\fa165bd70cda600368eee31555222776a46b881f\jakarta.activation-api-2.1.3.jar;C:\Users\sidya\.gradle\caches\modules-2\files-2.1\org.apache.logging.log4j\log4j-to-slf4j\2.24.3\da1143e2a2531ee1c2d90baa98eb50a28a39d5a7\log4j-to-slf4j-2.24.3.jar;C:\Users\sidya\.gradle\caches\modules-2\files-2.1\org.apache.logging.log4j\log4j-api\2.24.3\b02c125db8b6d295adf72ae6e71af5d83bce2370\log4j-api-2.24.3.jar;C:\Users\sidya\.gradle\caches\modules-2\files-2.1\io.micrometer\micrometer-commons\1.14.6\1a6595762c77bd8401cf51aa11bac8e4fa747545\micrometer-commons-1.14.6.jar;C:\Users\sidya\.gradle\caches\modules-2\files-2.1\org.springframework\spring-jcl\6.2.6\f4468f33de0015179abb6055964801bc962f8d51\spring-jcl-6.2.6.jar;C:\Users\sidya\.gradle\caches\modules-2\files-2.1\org.aspectj\aspectjweaver\1.9.24\9b5aeb0cea9f958b9c57fb80e62996e95a3e9379\aspectjweaver-1.9.24.jar;C:\Users\sidya\.gradle\caches\modules-2\files-2.1\net.bytebuddy\byte-buddy\1.15.11\f61886478e0f9ee4c21d09574736f0ff45e0a46c\byte-buddy-1.15.11.jar;C:\Users\sidya\.gradle\caches\modules-2\files-2.1\com.fasterxml\classmate\1.7.0\e98374da1f2143ac8e6e0a95036994bb19137a3\classmate-1.7.0.jar;C:\Users\sidya\.gradle\caches\modules-2\files-2.1\com.zaxxer\HikariCP\5.1.0\8c96e36c14461fc436bb02b264b96ef3ca5dca8c\HikariCP-5.1.0.jar;C:\Users\sidya\.gradle\caches\modules-2\files-2.1\jakarta.inject\jakarta.inject-api\2.0.1\4c28afe1991a941d7702fe1362c365f0a8641d1e\jakarta.inject-api-2.0.1.jar;C:\Users\sidya\.gradle\caches\modules-2\files-2.1\jakarta.transaction\jakarta.transaction-api\2.0.1\51a520e3fae406abb84e2e1148e6746ce3f80a1a\jakarta.transaction-api-2.0.1.jar;C:\Users\sidya\.gradle\caches\modules-2\files-2.1\org.jboss.logging\jboss-logging\3.6.1.Final\886afbb445b4016a37c8960a7aef6ebd769ce7e5\jboss-logging-3.6.1.Final.jar;C:\Users\sidya\.gradle\caches\modules-2\files-2.1\ch.qos.logback\logback-classic\1.5.18\fc371f3fc97a639de2d67947cffb7518ec5e3d40\logback-classic-1.5.18.jar;C:\Users\sidya\.gradle\caches\modules-2\files-2.1\ch.qos.logback\logback-core\1.5.18\6c0375624f6f36b4e089e2488ba21334a11ef13f\logback-core-1.5.18.jar;C:\Users\sidya\.gradle\caches\modules-2\files-2.1\org.slf4j\jul-to-slf4j\2.0.17\524cb6ccc2b68a57604750e1ab8b13b5a786a6aa\jul-to-slf4j-2.0.17.jar;C:\Users\sidya\.gradle\caches\modules-2\files-2.1\org.slf4j\slf4j-api\2.0.17\d9e58ac9c7779ba3bf8142aff6c830617a7fe60f\slf4j-api-2.0.17.jar;C:\Users\sidya\.gradle\caches\modules-2\files-2.1\org.checkerframework\checker-qual\3.48.3\c48effe7d78de3cf5e8a98c614281ec6a2466a77\checker-qual-3.48.3.jar;C:\Users\sidya\.gradle\caches\modules-2\files-2.1\org.hibernate.common\hibernate-commons-annotations\7.0.3.Final\e183c4be8bb41d12e9f19b374e00c34a0a85f439\hibernate-commons-annotations-7.0.3.Final.jar;C:\Users\sidya\.gradle\caches\modules-2\files-2.1\io.smallrye\jandex\3.2.0\f17ad860f62a08487b9edabde608f8ac55c62fa7\jandex-3.2.0.jar;C:\Users\sidya\.gradle\caches\modules-2\files-2.1\org.antlr\antlr4-runtime\4.13.0\5a02e48521624faaf5ff4d99afc88b01686af655\antlr4-runtime-4.13.0.jar, kotlinx.coroutines.debug.enable.mutable.state.flows.stack.trace=true, java.vm.vendor=Oracle Corporation, sun.arch.data.model=64, user.variant=, catalina.useNaming=false, java.vendor.url=https://java.oracle.com/, user.timezone=Europe/Moscow, jakarta.persistence.sharedCache.mode=UNSPECIFIED, org.jboss.logging.provider=slf4j, os.name=Windows 11, java.vm.specification.version=23, jakarta.persistence.nonJtaDataSource=HikariDataSource (HikariPool-1), user.country=US, sun.java.launcher=SUN_STANDARD, sun.boot.library.path=C:\Program Files\Java\jdk-23\bin, sun.java.command=ru.bmstu.iu7.Main, javax.persistence.nonJtaDataSource=HikariDataSource (HikariPool-1), hibernate.transaction.jta.platform=org.hibernate.engine.transaction.jta.platform.internal.NoJtaPlatform@3f6906f4, jdk.debug=release, sun.cpu.endian=little, hibernate.cdi.extensions=true, user.home=C:\Users\sidya, user.language=en, java.specification.vendor=Oracle Corporation, java.version.date=2024-10-15, java.home=C:\Program Files\Java\jdk-23, file.separator=\, java.vm.compressedOopsMode=Zero based, line.separator=
, hibernate.persistenceUnitName=default, java.vm.specification.vendor=Oracle Corporation, java.specification.name=Java Platform API Specification, intellij.debug.agent=true, FILE_LOG_CHARSET=UTF-8, hibernate.transaction.coordinator_class=class org.hibernate.resource.transaction.backend.jdbc.internal.JdbcResourceLocalTransactionCoordinatorBuilderImpl, java.awt.headless=true, jakarta.persistence.validation.mode=AUTO, hibernate.hbm2ddl.auto=update, user.script=, sun.management.compiler=HotSpot 64-Bit Tiered Compilers, java.runtime.version=23.0.1+11-39, user.name=sidya, stdout.encoding=Cp1252, path.separator=;, kotlinx.coroutines.debug.enable.creation.stack.trace=false, os.version=10.0, java.runtime.name=Java(TM) SE Runtime Environment, file.encoding=UTF-8, java.vm.name=Java HotSpot(TM) 64-Bit Server VM, java.vendor.url.bug=https://bugreport.java.com/bugreport/, java.io.tmpdir=C:\Users\sidya\AppData\Local\Temp\, catalina.home=C:\Users\sidya\AppData\Local\Temp\tomcat.9099.4393689621879271999, java.version=23.0.1, jboss.modules.system.pkgs=com.intellij.rt, hibernate.physical_naming_strategy=org.hibernate.boot.model.naming.CamelCaseToUnderscoresNamingStrategy, user.dir=D:\Projects\PPO_f\PPO_f, os.arch=amd64, java.vm.specification.name=Java Virtual Machine Specification, PID=30396, sun.os.patch.level=, CONSOLE_LOG_CHARSET=UTF-8, catalina.base=C:\Users\sidya\AppData\Local\Temp\tomcat.9099.4393689621879271999, hibernate.boot.CfgXmlAccessService.key=org.hibernate.boot.registry.StandardServiceRegistryBuilder$1@1859e55c, native.encoding=Cp1252, kotlinx.coroutines.debug.enable.flows.stack.trace=true, java.library.path=C:\Program Files\Java\jdk-23\bin;C:\Windows\Sun\Java\bin;C:\Windows\system32;C:\Windows;D:\Program\virtual_pro\bin\;C:\Program Files\Common Files\Oracle\Java\javapath;C:\Program Files (x86)\Common Files\Oracle\Java\java8path;C:\Program Files (x86)\Common Files\Oracle\Java\javapath;C:\Windows\System32\HWAudioDriver;C:\Windows\system32;C:\Windows;C:\Windows\System32\Wbem;C:\Windows\System32\WindowsPowerShell\v1.0\;C:\Windows\System32\OpenSSH\;C:\Users\Administrator\AppData\Local\Microsoft\WindowsApps;C:\Program Files\dotnet\;C:\Program Files (x86)\Windows Kits\10\Windows Performance Toolkit\;C:\Users\sidya\AppData\Local\Programs\MiKTeX\bin\x64;C:\Program Files\Git\cmd;C:\Program Files\PostgreSQL\17\bin;;C:\Program Files (x86)\Steel Bank Common Lisp\;C:\ProgramData\chocolatey\bin;C:\Program Files\swipl\bin;C:\Program Files\Docker\Docker\resources\bin;C:\Program Files\nodejs\;C:\Users\sidya\AppData\Local\Programs\Python\Python313\Scripts\;C:\Users\sidya\AppData\Local\Programs\Python\Python313\;C:\Users\sidya\AppData\Local\Programs\Python\Launcher\;C:\Users\sidya\AppData\Local\Microsoft\WindowsApps;C:\Users\sidya\.dotnet\tools;C:\Users\sidya\AppData\Local\Programs\Microsoft VS Code\bin;C:\Users\sidya\AppData\Local\Programs\MiKTeX\miktex\bin\x64\;C:\Users\sidya\AppData\Local\Programs\MiKTeX_1\miktex\bin\x64\;C:\Users\sidya\AppData\Local\JetBrains\Toolbox\scripts;C:\Users\sidya\AppData\Local\Programs\Ollama;C:\Users\sidya\AppData\Roaming\npm;., stderr.encoding=Cp1252, java.vendor=Oracle Corporation, java.vm.info=mixed mode, sharing, java.vm.version=23.0.1+11-39, sun.io.unicode.encoding=UnicodeLittle, hibernate.archive.scanner=org.hibernate.boot.archive.scan.internal.DisabledScanner, hibernate.connection.datasource=HikariDataSource (HikariPool-1), debugger.agent.enable.coroutines=true, java.class.version=67.0}
2025-08-25 22:02:29 DEBUG [HikariPool-1 connection adder] com.zaxxer.hikari.pool.HikariPool - HikariPool-1 - After adding stats (total=5, active=0, idle=5, waiting=0)
2025-08-25 22:02:29 DEBUG [HikariPool-1 connection adder] org.postgresql.Driver - Connecting with URL: jdbc:postgresql://localhost:5432/postgres
2025-08-25 22:02:29 DEBUG [HikariPool-1 connection adder] org.postgresql.jdbc.PgConnection - PostgreSQL JDBC Driver 42.7.5
2025-08-25 22:02:29 DEBUG [HikariPool-1 connection adder] org.postgresql.jdbc.PgConnection -   setDefaultFetchSize = 0
2025-08-25 22:02:29 DEBUG [HikariPool-1 connection adder] org.postgresql.jdbc.PgConnection -   setPrepareThreshold = 5
2025-08-25 22:02:29 DEBUG [HikariPool-1 connection adder] o.p.core.v3.ConnectionFactoryImpl - Trying to establish a protocol version 3 connection to localhost:5432
2025-08-25 22:02:29 DEBUG [HikariPool-1 connection adder] o.p.core.v3.ConnectionFactoryImpl - Receive Buffer Size is 65,536
2025-08-25 22:02:29 DEBUG [HikariPool-1 connection adder] o.p.core.v3.ConnectionFactoryImpl - Send Buffer Size is 65,536
2025-08-25 22:02:29 DEBUG [main] o.h.internal.SessionFactoryImpl - Session factory constructed with filter configurations : {}
2025-08-25 22:02:29 DEBUG [main] o.h.q.s.function.SqmFunctionRegistry - Registered SqmFunctionTemplate [NamedSqmFunctionTemplate(max)] under max; prior registration was null
2025-08-25 22:02:29 DEBUG [main] o.h.q.s.function.SqmFunctionRegistry - Registered SqmFunctionTemplate [NamedSqmFunctionTemplate(min)] under min; prior registration was null
2025-08-25 22:02:29 DEBUG [main] o.h.q.s.function.SqmFunctionRegistry - Registered SqmFunctionTemplate [NamedSqmFunctionTemplate(sum)] under sum; prior registration was null
2025-08-25 22:02:29 DEBUG [main] o.h.q.s.function.SqmFunctionRegistry - Registered SqmFunctionTemplate [NamedSqmFunctionTemplate(avg)] under avg; prior registration was null
2025-08-25 22:02:29 DEBUG [main] o.h.q.s.function.SqmFunctionRegistry - Registered SqmFunctionTemplate [org.hibernate.dialect.function.CountFunction@14499b52] under count; prior registration was null
2025-08-25 22:02:29 DEBUG [main] o.h.q.s.function.SqmFunctionRegistry - Registered SqmFunctionTemplate [org.hibernate.dialect.function.EveryAnyEmulation@408f70ab] under every; prior registration was null
2025-08-25 22:02:29 DEBUG [main] o.h.q.s.function.SqmFunctionRegistry - Registered SqmFunctionTemplate [org.hibernate.dialect.function.EveryAnyEmulation@5383bf08] under any; prior registration was null
2025-08-25 22:02:29 DEBUG [main] o.h.q.s.function.SqmFunctionRegistry - Registered SqmFunctionTemplate [NamedSqmFunctionTemplate(floor)] under floor; prior registration was null
2025-08-25 22:02:29 DEBUG [main] o.h.q.s.function.SqmFunctionRegistry - Registered SqmFunctionTemplate [NamedSqmFunctionTemplate(ceiling)] under ceiling; prior registration was null
2025-08-25 22:02:29 DEBUG [main] o.h.q.s.function.SqmFunctionRegistry - Registered SqmFunctionTemplate [NamedSqmFunctionTemplate(mod)] under mod; prior registration was null
2025-08-25 22:02:29 DEBUG [main] o.h.q.s.function.SqmFunctionRegistry - Registered SqmFunctionTemplate [NamedSqmFunctionTemplate(abs)] under abs; prior registration was null
2025-08-25 22:02:29 DEBUG [main] o.h.q.s.function.SqmFunctionRegistry - Registered SqmFunctionTemplate [NamedSqmFunctionTemplate(sign)] under sign; prior registration was null
2025-08-25 22:02:29 DEBUG [main] o.h.q.s.function.SqmFunctionRegistry - Registered SqmFunctionTemplate [NamedSqmFunctionTemplate(sqrt)] under sqrt; prior registration was null
2025-08-25 22:02:29 DEBUG [main] o.h.q.s.function.SqmFunctionRegistry - Registered SqmFunctionTemplate [NamedSqmFunctionTemplate(ln)] under ln; prior registration was null
2025-08-25 22:02:29 DEBUG [main] o.h.q.s.function.SqmFunctionRegistry - Registered SqmFunctionTemplate [NamedSqmFunctionTemplate(exp)] under exp; prior registration was null
2025-08-25 22:02:29 DEBUG [main] o.h.q.s.function.SqmFunctionRegistry - Registered SqmFunctionTemplate [NamedSqmFunctionTemplate(power)] under power; prior registration was null
2025-08-25 22:02:29 DEBUG [main] o.h.q.s.function.SqmFunctionRegistry - Registered SqmFunctionTemplate [NamedSqmFunctionTemplate(round)] under round; prior registration was null
2025-08-25 22:02:29 DEBUG [main] o.h.q.s.function.SqmFunctionRegistry - Registered SqmFunctionTemplate [NamedSqmFunctionTemplate(sin)] under sin; prior registration was null
2025-08-25 22:02:29 DEBUG [main] o.h.q.s.function.SqmFunctionRegistry - Registered SqmFunctionTemplate [NamedSqmFunctionTemplate(cos)] under cos; prior registration was null
2025-08-25 22:02:29 DEBUG [main] o.h.q.s.function.SqmFunctionRegistry - Registered SqmFunctionTemplate [NamedSqmFunctionTemplate(tan)] under tan; prior registration was null
2025-08-25 22:02:29 DEBUG [main] o.h.q.s.function.SqmFunctionRegistry - Registered SqmFunctionTemplate [NamedSqmFunctionTemplate(asin)] under asin; prior registration was null
2025-08-25 22:02:29 DEBUG [main] o.h.q.s.function.SqmFunctionRegistry - Registered SqmFunctionTemplate [NamedSqmFunctionTemplate(acos)] under acos; prior registration was null
2025-08-25 22:02:29 DEBUG [main] o.h.q.s.function.SqmFunctionRegistry - Registered SqmFunctionTemplate [NamedSqmFunctionTemplate(atan)] under atan; prior registration was null
2025-08-25 22:02:29 DEBUG [main] o.h.q.s.function.SqmFunctionRegistry - Registered SqmFunctionTemplate [NamedSqmFunctionTemplate(atan2)] under atan2; prior registration was null
2025-08-25 22:02:29 DEBUG [HikariPool-1 connection adder] com.zaxxer.hikari.pool.HikariPool - HikariPool-1 - Added connection org.postgresql.jdbc.PgConnection@500eb89b
2025-08-25 22:02:29 DEBUG [main] o.h.q.s.function.SqmFunctionRegistry - Registered SqmFunctionTemplate [org.hibernate.query.sqm.function.PatternBasedSqmFunctionDescriptor@7fd3fd06] under sinh; prior registration was null
2025-08-25 22:02:29 DEBUG [main] o.h.q.s.function.SqmFunctionRegistry - Registered SqmFunctionTemplate [org.hibernate.query.sqm.function.PatternBasedSqmFunctionDescriptor@54ae1240] under cosh; prior registration was null
2025-08-25 22:02:29 DEBUG [main] o.h.q.s.function.SqmFunctionRegistry - Registered SqmFunctionTemplate [org.hibernate.query.sqm.function.PatternBasedSqmFunctionDescriptor@1c2b65cc] under tanh; prior registration was null
2025-08-25 22:02:29 DEBUG [main] o.h.q.s.function.SqmFunctionRegistry - Registered SqmFunctionTemplate [org.hibernate.query.sqm.function.PatternBasedSqmFunctionDescriptor@390a7532] under pi; prior registration was null
2025-08-25 22:02:29 DEBUG [main] o.h.q.s.function.SqmFunctionRegistry - Registered SqmFunctionTemplate [org.hibernate.query.sqm.function.PatternBasedSqmFunctionDescriptor@595184d8] under log; prior registration was null
2025-08-25 22:02:29 DEBUG [main] o.h.q.s.function.SqmFunctionRegistry - Registered SqmFunctionTemplate [NamedSqmFunctionTemplate(coalesce)] under coalesce; prior registration was null
2025-08-25 22:02:29 DEBUG [main] o.h.q.s.function.SqmFunctionRegistry - Registered SqmFunctionTemplate [NamedSqmFunctionTemplate(nullif)] under nullif; prior registration was null
2025-08-25 22:02:29 DEBUG [main] o.h.q.s.function.SqmFunctionRegistry - Registered SqmFunctionTemplate [NamedSqmFunctionTemplate(left)] under left; prior registration was null
2025-08-25 22:02:29 DEBUG [main] o.h.q.s.function.SqmFunctionRegistry - Registered SqmFunctionTemplate [NamedSqmFunctionTemplate(right)] under right; prior registration was null
2025-08-25 22:02:29 DEBUG [main] o.h.q.s.function.SqmFunctionRegistry - Registered SqmFunctionTemplate [NamedSqmFunctionTemplate(replace)] under replace; prior registration was null
2025-08-25 22:02:29 DEBUG [main] o.h.q.s.function.SqmFunctionRegistry - Registered SqmFunctionTemplate [NamedSqmFunctionTemplate(concat)] under concat; prior registration was null
2025-08-25 22:02:29 DEBUG [main] o.h.q.s.function.SqmFunctionRegistry - Registered SqmFunctionTemplate [NamedSqmFunctionTemplate(lower)] under lower; prior registration was null
2025-08-25 22:02:29 DEBUG [main] o.h.q.s.function.SqmFunctionRegistry - Registered SqmFunctionTemplate [NamedSqmFunctionTemplate(upper)] under upper; prior registration was null
2025-08-25 22:02:29 DEBUG [main] o.h.q.s.function.SqmFunctionRegistry - Registered SqmFunctionTemplate [NamedSqmFunctionTemplate(substring)] under substring; prior registration was null
2025-08-25 22:02:29 DEBUG [main] o.h.q.s.function.SqmFunctionRegistry - Registered SqmFunctionTemplate [NamedSqmFunctionTemplate(locate)] under locate; prior registration was null
2025-08-25 22:02:29 DEBUG [main] o.h.q.s.function.SqmFunctionRegistry - Registered SqmFunctionTemplate [NamedSqmFunctionTemplate(character_length)] under character_length; prior registration was null
2025-08-25 22:02:29 DEBUG [main] o.h.q.s.function.SqmFunctionRegistry - Registering alternate key : length -> character_length
2025-08-25 22:02:29 DEBUG [main] o.h.q.s.function.SqmFunctionRegistry - Registered SqmFunctionTemplate [org.hibernate.dialect.function.LocatePositionEmulation@27210a3b] under position; prior registration was null
2025-08-25 22:02:29 DEBUG [main] o.h.q.s.function.SqmFunctionRegistry - Registered SqmFunctionTemplate [org.hibernate.dialect.function.InsertSubstringOverlayEmulation@4895e8f6] under overlay; prior registration was null
2025-08-25 22:02:29 DEBUG [main] o.h.q.s.function.SqmFunctionRegistry - Registered SqmFunctionTemplate [org.hibernate.dialect.function.TrimFunction@3428420d] under trim; prior registration was null
2025-08-25 22:02:29 DEBUG [main] o.h.q.s.function.SqmFunctionRegistry - Registered SqmFunctionTemplate [org.hibernate.dialect.function.CastFunction@4b99648a] under cast; prior registration was null
2025-08-25 22:02:29 DEBUG [main] o.h.q.s.function.SqmFunctionRegistry - Registered SqmFunctionTemplate [org.hibernate.query.sqm.function.PatternBasedSqmFunctionDescriptor@5d2e65bd] under collate; prior registration was null
2025-08-25 22:02:29 DEBUG [main] o.h.q.s.function.SqmFunctionRegistry - Registered SqmFunctionTemplate [org.hibernate.dialect.function.ExtractFunction@5ad50b02] under extract; prior registration was null
2025-08-25 22:02:29 DEBUG [main] o.h.q.s.function.SqmFunctionRegistry - Registered SqmFunctionTemplate [NamedSqmFunctionTemplate(least)] under least; prior registration was null
2025-08-25 22:02:29 DEBUG [main] o.h.q.s.function.SqmFunctionRegistry - Registered SqmFunctionTemplate [NamedSqmFunctionTemplate(greatest)] under greatest; prior registration was null
2025-08-25 22:02:29 DEBUG [main] o.h.q.s.function.SqmFunctionRegistry - Registered SqmFunctionTemplate [org.hibernate.dialect.function.CoalesceIfnullEmulation@49153009] under ifnull; prior registration was null
2025-08-25 22:02:29 DEBUG [main] o.h.q.s.function.SqmFunctionRegistry - Registered SqmFunctionTemplate [NamedSqmFunctionTemplate(lpad)] under lpad; prior registration was null
2025-08-25 22:02:29 DEBUG [main] o.h.q.s.function.SqmFunctionRegistry - Registered SqmFunctionTemplate [NamedSqmFunctionTemplate(rpad)] under rpad; prior registration was null
2025-08-25 22:02:29 DEBUG [main] o.h.q.s.function.SqmFunctionRegistry - Registered SqmFunctionTemplate [org.hibernate.dialect.function.LpadRpadPadEmulation@745cf754] under pad; prior registration was null
2025-08-25 22:02:29 DEBUG [main] o.h.q.s.function.SqmFunctionRegistry - Registered SqmFunctionTemplate [org.hibernate.dialect.function.CastStrEmulation@21eedcde] under str; prior registration was null
2025-08-25 22:02:29 DEBUG [main] o.h.q.s.function.SqmFunctionRegistry - Registered SqmFunctionTemplate [org.hibernate.dialect.function.FormatFunction@7ca0166c] under format; prior registration was null
2025-08-25 22:02:29 DEBUG [main] o.h.q.s.function.SqmFunctionRegistry - Registered SqmFunctionTemplate [org.hibernate.dialect.function.TimestampaddFunction@3b576ee3] under timestampadd; prior registration was null
2025-08-25 22:02:29 DEBUG [main] o.h.q.s.function.SqmFunctionRegistry - Registered SqmFunctionTemplate [org.hibernate.dialect.function.TimestampdiffFunction@44392e64] under timestampdiff; prior registration was null
2025-08-25 22:02:29 DEBUG [main] o.h.q.s.function.SqmFunctionRegistry - Registering alternate key : dateadd -> timestampadd
2025-08-25 22:02:29 DEBUG [main] o.h.q.s.function.SqmFunctionRegistry - Registering alternate key : datediff -> timestampdiff
2025-08-25 22:02:29 DEBUG [main] o.h.q.s.function.SqmFunctionRegistry - Registered SqmFunctionTemplate [org.hibernate.dialect.function.CurrentFunction@5f9ebd5a] under current_date; prior registration was null
2025-08-25 22:02:29 DEBUG [main] o.h.q.s.function.SqmFunctionRegistry - Registered SqmFunctionTemplate [org.hibernate.dialect.function.CurrentFunction@175bf9c9] under current_time; prior registration was null
2025-08-25 22:02:29 DEBUG [main] o.h.q.s.function.SqmFunctionRegistry - Registered SqmFunctionTemplate [org.hibernate.dialect.function.CurrentFunction@2db3675a] under current_timestamp; prior registration was null
2025-08-25 22:02:29 DEBUG [main] o.h.q.s.function.SqmFunctionRegistry - Registering alternate key : current date -> current_date
2025-08-25 22:02:29 DEBUG [main] o.h.q.s.function.SqmFunctionRegistry - Registering alternate key : current time -> current_time
2025-08-25 22:02:29 DEBUG [main] o.h.q.s.function.SqmFunctionRegistry - Registering alternate key : current timestamp -> current_timestamp
2025-08-25 22:02:29 DEBUG [main] o.h.q.s.function.SqmFunctionRegistry - Registered SqmFunctionTemplate [org.hibernate.dialect.function.CurrentFunction@306c9b2c] under local_date; prior registration was null
2025-08-25 22:02:29 DEBUG [main] o.h.q.s.function.SqmFunctionRegistry - Registered SqmFunctionTemplate [org.hibernate.dialect.function.CurrentFunction@1ab28416] under local_time; prior registration was null
2025-08-25 22:02:29 DEBUG [main] o.h.q.s.function.SqmFunctionRegistry - Registered SqmFunctionTemplate [org.hibernate.dialect.function.CurrentFunction@52efb338] under local_datetime; prior registration was null
2025-08-25 22:02:29 DEBUG [main] o.h.q.s.function.SqmFunctionRegistry - Registered SqmFunctionTemplate [org.hibernate.dialect.function.CurrentFunction@64508788] under offset_datetime; prior registration was null
2025-08-25 22:02:29 DEBUG [main] o.h.q.s.function.SqmFunctionRegistry - Registering alternate key : local date -> local_date
2025-08-25 22:02:29 DEBUG [main] o.h.q.s.function.SqmFunctionRegistry - Registering alternate key : local time -> local_time
2025-08-25 22:02:29 DEBUG [main] o.h.q.s.function.SqmFunctionRegistry - Registering alternate key : local datetime -> local_datetime
2025-08-25 22:02:29 DEBUG [main] o.h.q.s.function.SqmFunctionRegistry - Registering alternate key : offset datetime -> offset_datetime
2025-08-25 22:02:29 DEBUG [main] o.h.q.s.function.SqmFunctionRegistry - Registered SqmFunctionTemplate [org.hibernate.dialect.function.CurrentFunction@30b1c5d5] under instant; prior registration was null
2025-08-25 22:02:29 DEBUG [main] o.h.q.s.function.SqmFunctionRegistry - Registering alternate key : current_instant -> instant
2025-08-25 22:02:29 DEBUG [main] o.h.q.s.function.SqmFunctionRegistry - Registered SqmFunctionTemplate [org.hibernate.dialect.function.SqlFunction@4fd92289] under sql; prior registration was null
2025-08-25 22:02:29 DEBUG [main] o.h.q.s.function.SqmFunctionRegistry - Registered SqmFunctionTemplate [NamedSqmFunctionTemplate(cot)] under cot; prior registration was null
2025-08-25 22:02:29 DEBUG [main] o.h.q.s.function.SqmFunctionRegistry - Registered SqmFunctionTemplate [NamedSqmFunctionTemplate(radians)] under radians; prior registration was null
2025-08-25 22:02:29 DEBUG [main] o.h.q.s.function.SqmFunctionRegistry - Registered SqmFunctionTemplate [NamedSqmFunctionTemplate(degrees)] under degrees; prior registration was null
2025-08-25 22:02:29 DEBUG [main] o.h.q.s.function.SqmFunctionRegistry - Registered SqmFunctionTemplate [NamedSqmFunctionTemplate(log)] under log; prior registration was org.hibernate.query.sqm.function.PatternBasedSqmFunctionDescriptor@595184d8
2025-08-25 22:02:29 DEBUG [main] o.h.q.s.function.SqmFunctionRegistry - Registered SqmFunctionTemplate [org.hibernate.query.sqm.function.PatternBasedSqmFunctionDescriptor@1a8e44fe] under mod; prior registration was NamedSqmFunctionTemplate(mod)
2025-08-25 22:02:29 DEBUG [main] o.h.q.s.function.SqmFunctionRegistry - Registered SqmFunctionTemplate [NamedSqmFunctionTemplate(log10)] under log10; prior registration was null
2025-08-25 22:02:29 DEBUG [main] o.h.q.s.function.SqmFunctionRegistry - Registered SqmFunctionTemplate [NamedSqmFunctionTemplate(tanh)] under tanh; prior registration was org.hibernate.query.sqm.function.PatternBasedSqmFunctionDescriptor@1c2b65cc
2025-08-25 22:02:29 DEBUG [main] o.h.q.s.function.SqmFunctionRegistry - Registered SqmFunctionTemplate [NamedSqmFunctionTemplate(sinh)] under sinh; prior registration was org.hibernate.query.sqm.function.PatternBasedSqmFunctionDescriptor@7fd3fd06
2025-08-25 22:02:29 DEBUG [main] o.h.q.s.function.SqmFunctionRegistry - Registered SqmFunctionTemplate [NamedSqmFunctionTemplate(cosh)] under cosh; prior registration was org.hibernate.query.sqm.function.PatternBasedSqmFunctionDescriptor@54ae1240
2025-08-25 22:02:29 DEBUG [main] o.h.q.s.function.SqmFunctionRegistry - Registered SqmFunctionTemplate [NamedSqmFunctionTemplate(acosh)] under acosh; prior registration was null
2025-08-25 22:02:29 DEBUG [main] o.h.q.s.function.SqmFunctionRegistry - Registered SqmFunctionTemplate [NamedSqmFunctionTemplate(asinh)] under asinh; prior registration was null
2025-08-25 22:02:29 DEBUG [main] o.h.q.s.function.SqmFunctionRegistry - Registered SqmFunctionTemplate [NamedSqmFunctionTemplate(atanh)] under atanh; prior registration was null
2025-08-25 22:02:29 DEBUG [main] o.h.q.s.function.SqmFunctionRegistry - Registered SqmFunctionTemplate [NamedSqmFunctionTemplate(cbrt)] under cbrt; prior registration was null
2025-08-25 22:02:29 DEBUG [main] o.h.q.s.function.SqmFunctionRegistry - Registered SqmFunctionTemplate [NamedSqmFunctionTemplate(pi)] under pi; prior registration was org.hibernate.query.sqm.function.PatternBasedSqmFunctionDescriptor@390a7532
2025-08-25 22:02:29 DEBUG [main] o.h.q.s.function.SqmFunctionRegistry - Registered SqmFunctionTemplate [NamedSqmFunctionTemplate(ltrim)] under ltrim; prior registration was null
2025-08-25 22:02:29 DEBUG [main] o.h.q.s.function.SqmFunctionRegistry - Registered SqmFunctionTemplate [NamedSqmFunctionTemplate(rtrim)] under rtrim; prior registration was null
2025-08-25 22:02:29 DEBUG [main] o.h.q.s.function.SqmFunctionRegistry - Registered SqmFunctionTemplate [NamedSqmFunctionTemplate(repeat)] under repeat; prior registration was null
2025-08-25 22:02:29 DEBUG [main] o.h.q.s.function.SqmFunctionRegistry - Registered SqmFunctionTemplate [NamedSqmFunctionTemplate(md5)] under md5; prior registration was null
2025-08-25 22:02:29 DEBUG [main] o.h.q.s.function.SqmFunctionRegistry - Registered SqmFunctionTemplate [NamedSqmFunctionTemplate(initcap)] under initcap; prior registration was null
2025-08-25 22:02:29 DEBUG [main] o.h.q.s.function.SqmFunctionRegistry - Registered SqmFunctionTemplate [NamedSqmFunctionTemplate(substr)] under substr; prior registration was null
2025-08-25 22:02:29 DEBUG [main] o.h.q.s.function.SqmFunctionRegistry - Registered SqmFunctionTemplate [NamedSqmFunctionTemplate(substr)] under substring; prior registration was NamedSqmFunctionTemplate(substring)
2025-08-25 22:02:29 DEBUG [main] o.h.q.s.function.SqmFunctionRegistry - Registered SqmFunctionTemplate [NamedSqmFunctionTemplate(translate)] under translate; prior registration was null
2025-08-25 22:02:29 DEBUG [main] o.h.q.s.function.SqmFunctionRegistry - Registered SqmFunctionTemplate [NamedSqmFunctionTemplate(to_number)] under to_number; prior registration was null
2025-08-25 22:02:29 DEBUG [main] o.h.q.s.function.SqmFunctionRegistry - Registered SqmFunctionTemplate [NamedSqmFunctionTemplate(to_char)] under to_char; prior registration was null
2025-08-25 22:02:29 DEBUG [main] o.h.q.s.function.SqmFunctionRegistry - Registered SqmFunctionTemplate [NamedSqmFunctionTemplate(to_date)] under to_date; prior registration was null
2025-08-25 22:02:29 DEBUG [main] o.h.q.s.function.SqmFunctionRegistry - Registered SqmFunctionTemplate [NamedSqmFunctionTemplate(to_timestamp)] under to_timestamp; prior registration was null
2025-08-25 22:02:29 DEBUG [main] o.h.q.s.function.SqmFunctionRegistry - Registered SqmFunctionTemplate [org.hibernate.dialect.function.ConcatPipeFunction@71469e01] under concat; prior registration was NamedSqmFunctionTemplate(concat)
2025-08-25 22:02:29 DEBUG [main] o.h.q.s.function.SqmFunctionRegistry - Registered SqmFunctionTemplate [NamedSqmFunctionTemplate(localtime)] under localtime; prior registration was null
2025-08-25 22:02:29 DEBUG [main] o.h.q.s.function.SqmFunctionRegistry - Registered SqmFunctionTemplate [NamedSqmFunctionTemplate(localtimestamp)] under localtimestamp; prior registration was null
2025-08-25 22:02:29 DEBUG [main] o.h.q.s.function.SqmFunctionRegistry - Registered SqmFunctionTemplate [NamedSqmFunctionTemplate(localtime)] under local_time; prior registration was org.hibernate.dialect.function.CurrentFunction@1ab28416
2025-08-25 22:02:29 DEBUG [main] o.h.q.s.function.SqmFunctionRegistry - Registered SqmFunctionTemplate [NamedSqmFunctionTemplate(localtimestamp)] under local_datetime; prior registration was org.hibernate.dialect.function.CurrentFunction@52efb338
2025-08-25 22:02:29 DEBUG [main] o.h.q.s.function.SqmFunctionRegistry - Registered SqmFunctionTemplate [org.hibernate.dialect.function.LengthFunction@5f781173] under character_length; prior registration was NamedSqmFunctionTemplate(character_length)
2025-08-25 22:02:29 DEBUG [main] o.h.q.s.function.SqmFunctionRegistry - Registering alternate key : length -> character_length
2025-08-25 22:02:29 DEBUG [main] o.h.q.s.function.SqmFunctionRegistry - Registered SqmFunctionTemplate [org.hibernate.dialect.function.LengthFunction@43cf5bff] under bit_length; prior registration was null
2025-08-25 22:02:29 DEBUG [main] o.h.q.s.function.SqmFunctionRegistry - Registered SqmFunctionTemplate [org.hibernate.dialect.function.LengthFunction@2b464384] under octet_length; prior registration was null
2025-08-25 22:02:29 DEBUG [main] o.h.q.s.function.SqmFunctionRegistry - Registered SqmFunctionTemplate [NamedSqmFunctionTemplate(ascii)] under ascii; prior registration was null
2025-08-25 22:02:29 DEBUG [main] o.h.q.s.function.SqmFunctionRegistry - Registered SqmFunctionTemplate [NamedSqmFunctionTemplate(chr)] under chr; prior registration was null
2025-08-25 22:02:29 DEBUG [main] o.h.q.s.function.SqmFunctionRegistry - Registering alternate key : char -> chr
2025-08-25 22:02:29 DEBUG [main] o.h.q.s.function.SqmFunctionRegistry - Registered SqmFunctionTemplate [org.hibernate.query.sqm.function.PatternBasedSqmFunctionDescriptor@681b42d3] under position; prior registration was org.hibernate.dialect.function.LocatePositionEmulation@27210a3b
2025-08-25 22:02:29 DEBUG [main] o.h.q.s.function.SqmFunctionRegistry - Registered SqmFunctionTemplate [org.hibernate.query.sqm.function.PatternBasedSqmFunctionDescriptor@77f7352a] under bitand; prior registration was null
2025-08-25 22:02:29 DEBUG [main] o.h.q.s.function.SqmFunctionRegistry - Registered SqmFunctionTemplate [org.hibernate.query.sqm.function.PatternBasedSqmFunctionDescriptor@4ede8888] under bitor; prior registration was null
2025-08-25 22:02:29 DEBUG [main] o.h.q.s.function.SqmFunctionRegistry - Registered SqmFunctionTemplate [org.hibernate.query.sqm.function.PatternBasedSqmFunctionDescriptor@571db8b4] under bitxor; prior registration was null
2025-08-25 22:02:29 DEBUG [main] o.h.q.s.function.SqmFunctionRegistry - Registered SqmFunctionTemplate [org.hibernate.query.sqm.function.PatternBasedSqmFunctionDescriptor@65a2755e] under bitnot; prior registration was null
2025-08-25 22:02:29 DEBUG [main] o.h.q.s.function.SqmFunctionRegistry - Registered SqmFunctionTemplate [NamedSqmFunctionTemplate(bit_and)] under bit_and; prior registration was null
2025-08-25 22:02:29 DEBUG [main] o.h.q.s.function.SqmFunctionRegistry - Registered SqmFunctionTemplate [NamedSqmFunctionTemplate(bit_or)] under bit_or; prior registration was null
2025-08-25 22:02:29 DEBUG [main] o.h.q.s.function.SqmFunctionRegistry - Registered SqmFunctionTemplate [NamedSqmFunctionTemplate(bool_and)] under bool_and; prior registration was null
2025-08-25 22:02:29 DEBUG [main] o.h.q.s.function.SqmFunctionRegistry - Registering alternate key : every -> bool_and
2025-08-25 22:02:29 DEBUG [main] o.h.q.s.function.SqmFunctionRegistry - Registered SqmFunctionTemplate [NamedSqmFunctionTemplate(bool_or)] under bool_or; prior registration was null
2025-08-25 22:02:29 DEBUG [main] o.h.q.s.function.SqmFunctionRegistry - Registering alternate key : any -> bool_or
2025-08-25 22:02:29 DEBUG [main] o.h.q.s.function.SqmFunctionRegistry - Registered SqmFunctionTemplate [org.hibernate.query.sqm.function.PatternBasedSqmFunctionDescriptor@2b3242a5] under median; prior registration was null
2025-08-25 22:02:29 DEBUG [main] o.h.q.s.function.SqmFunctionRegistry - Registered SqmFunctionTemplate [NamedSqmFunctionTemplate(stddev)] under stddev; prior registration was null
2025-08-25 22:02:29 DEBUG [main] o.h.q.s.function.SqmFunctionRegistry - Registered SqmFunctionTemplate [NamedSqmFunctionTemplate(stddev_pop)] under stddev_pop; prior registration was null
2025-08-25 22:02:29 DEBUG [main] o.h.q.s.function.SqmFunctionRegistry - Registered SqmFunctionTemplate [NamedSqmFunctionTemplate(stddev_samp)] under stddev_samp; prior registration was null
2025-08-25 22:02:29 DEBUG [main] o.h.q.s.function.SqmFunctionRegistry - Registered SqmFunctionTemplate [NamedSqmFunctionTemplate(variance)] under variance; prior registration was null
2025-08-25 22:02:29 DEBUG [main] o.h.q.s.function.SqmFunctionRegistry - Registered SqmFunctionTemplate [NamedSqmFunctionTemplate(var_pop)] under var_pop; prior registration was null
2025-08-25 22:02:29 DEBUG [main] o.h.q.s.function.SqmFunctionRegistry - Registered SqmFunctionTemplate [NamedSqmFunctionTemplate(var_samp)] under var_samp; prior registration was null
2025-08-25 22:02:29 DEBUG [main] o.h.q.s.function.SqmFunctionRegistry - Registered SqmFunctionTemplate [NamedSqmFunctionTemplate(covar_pop)] under covar_pop; prior registration was null
2025-08-25 22:02:29 DEBUG [main] o.h.q.s.function.SqmFunctionRegistry - Registered SqmFunctionTemplate [NamedSqmFunctionTemplate(covar_samp)] under covar_samp; prior registration was null
2025-08-25 22:02:29 DEBUG [main] o.h.q.s.function.SqmFunctionRegistry - Registered SqmFunctionTemplate [NamedSqmFunctionTemplate(corr)] under corr; prior registration was null
2025-08-25 22:02:29 DEBUG [main] o.h.q.s.function.SqmFunctionRegistry - Registered SqmFunctionTemplate [NamedSqmFunctionTemplate(regr_avgx)] under regr_avgx; prior registration was null
2025-08-25 22:02:29 DEBUG [main] o.h.q.s.function.SqmFunctionRegistry - Registered SqmFunctionTemplate [NamedSqmFunctionTemplate(regr_avgy)] under regr_avgy; prior registration was null
2025-08-25 22:02:29 DEBUG [main] o.h.q.s.function.SqmFunctionRegistry - Registered SqmFunctionTemplate [NamedSqmFunctionTemplate(regr_count)] under regr_count; prior registration was null
2025-08-25 22:02:29 DEBUG [main] o.h.q.s.function.SqmFunctionRegistry - Registered SqmFunctionTemplate [NamedSqmFunctionTemplate(regr_intercept)] under regr_intercept; prior registration was null
2025-08-25 22:02:29 DEBUG [main] o.h.q.s.function.SqmFunctionRegistry - Registered SqmFunctionTemplate [NamedSqmFunctionTemplate(regr_r2)] under regr_r2; prior registration was null
2025-08-25 22:02:29 DEBUG [main] o.h.q.s.function.SqmFunctionRegistry - Registered SqmFunctionTemplate [NamedSqmFunctionTemplate(regr_slope)] under regr_slope; prior registration was null
2025-08-25 22:02:29 DEBUG [main] o.h.q.s.function.SqmFunctionRegistry - Registered SqmFunctionTemplate [NamedSqmFunctionTemplate(regr_sxx)] under regr_sxx; prior registration was null
2025-08-25 22:02:29 DEBUG [main] o.h.q.s.function.SqmFunctionRegistry - Registered SqmFunctionTemplate [NamedSqmFunctionTemplate(regr_sxy)] under regr_sxy; prior registration was null
2025-08-25 22:02:29 DEBUG [main] o.h.q.s.function.SqmFunctionRegistry - Registered SqmFunctionTemplate [NamedSqmFunctionTemplate(regr_syy)] under regr_syy; prior registration was null
2025-08-25 22:02:29 DEBUG [main] o.h.q.s.function.SqmFunctionRegistry - Registered SqmFunctionTemplate [org.hibernate.query.sqm.function.PatternBasedSqmFunctionDescriptor@2bf0c70d] under insert; prior registration was null
2025-08-25 22:02:29 DEBUG [main] o.h.q.s.function.SqmFunctionRegistry - Registered SqmFunctionTemplate [org.hibernate.query.sqm.function.MultipatternSqmFunctionDescriptor@484a5ddd] under overlay; prior registration was org.hibernate.dialect.function.InsertSubstringOverlayEmulation@4895e8f6
2025-08-25 22:02:29 DEBUG [main] o.h.q.s.function.SqmFunctionRegistry - Registered SqmFunctionTemplate [NamedSqmFunctionTemplate(soundex)] under soundex; prior registration was null
2025-08-25 22:02:29 DEBUG [main] o.h.q.s.function.SqmFunctionRegistry - Registered SqmFunctionTemplate [org.hibernate.query.sqm.function.MultipatternSqmFunctionDescriptor@6796a873] under locate; prior registration was NamedSqmFunctionTemplate(locate)
2025-08-25 22:02:29 DEBUG [main] o.h.q.s.function.SqmFunctionRegistry - Registered SqmFunctionTemplate [NamedSqmFunctionTemplate(row_number)] under row_number; prior registration was null
2025-08-25 22:02:29 DEBUG [main] o.h.q.s.function.SqmFunctionRegistry - Registered SqmFunctionTemplate [NamedSqmFunctionTemplate(lag)] under lag; prior registration was null
2025-08-25 22:02:29 DEBUG [main] o.h.q.s.function.SqmFunctionRegistry - Registered SqmFunctionTemplate [NamedSqmFunctionTemplate(lead)] under lead; prior registration was null
2025-08-25 22:02:29 DEBUG [main] o.h.q.s.function.SqmFunctionRegistry - Registered SqmFunctionTemplate [NamedSqmFunctionTemplate(first_value)] under first_value; prior registration was null
2025-08-25 22:02:29 DEBUG [main] o.h.q.s.function.SqmFunctionRegistry - Registered SqmFunctionTemplate [NamedSqmFunctionTemplate(last_value)] under last_value; prior registration was null
2025-08-25 22:02:29 DEBUG [main] o.h.q.s.function.SqmFunctionRegistry - Registered SqmFunctionTemplate [NamedSqmFunctionTemplate(nth_value)] under nth_value; prior registration was null
2025-08-25 22:02:29 DEBUG [main] o.h.q.s.function.SqmFunctionRegistry - Registered SqmFunctionTemplate [org.hibernate.dialect.function.ListaggStringAggEmulation@58068b40] under listagg; prior registration was null
2025-08-25 22:02:29 DEBUG [main] o.h.q.s.function.SqmFunctionRegistry - Registered SqmFunctionTemplate [org.hibernate.dialect.function.array.PostgreSQLArrayConstructorFunction@1818d00b] under array; prior registration was null
2025-08-25 22:02:29 DEBUG [main] o.h.q.s.function.SqmFunctionRegistry - Registered SqmFunctionTemplate [org.hibernate.dialect.function.array.PostgreSQLArrayConstructorFunction@b3a8455] under array_list; prior registration was null
2025-08-25 22:02:29 DEBUG [main] o.h.q.s.function.SqmFunctionRegistry - Registered SqmFunctionTemplate [org.hibernate.dialect.function.array.ArrayAggFunction@2447940d] under array_agg; prior registration was null
2025-08-25 22:02:29 DEBUG [main] o.h.q.s.function.SqmFunctionRegistry - Registered SqmFunctionTemplate [org.hibernate.dialect.function.array.PostgreSQLArrayPositionFunction@3aeb267] under array_position; prior registration was null
2025-08-25 22:02:29 DEBUG [main] o.h.q.s.function.SqmFunctionRegistry - Registered SqmFunctionTemplate [org.hibernate.dialect.function.array.PostgreSQLArrayPositionsFunction@25e796fe] under array_positions; prior registration was null
2025-08-25 22:02:29 DEBUG [main] o.h.q.s.function.SqmFunctionRegistry - Registered SqmFunctionTemplate [org.hibernate.dialect.function.array.PostgreSQLArrayPositionsFunction@3c46e6f6] under array_positions_list; prior registration was null
2025-08-25 22:02:29 DEBUG [main] o.h.q.s.function.SqmFunctionRegistry - Registered SqmFunctionTemplate [org.hibernate.query.sqm.function.PatternBasedSqmFunctionDescriptor@7d6019d5] under array_length; prior registration was null
2025-08-25 22:02:29 DEBUG [main] o.h.q.s.function.SqmFunctionRegistry - Registered SqmFunctionTemplate [org.hibernate.dialect.function.DynamicDispatchFunction@1be52113] under length; prior registration was null
2025-08-25 22:02:29 DEBUG [main] o.h.q.s.function.SqmFunctionRegistry - Registered SqmFunctionTemplate [org.hibernate.dialect.function.array.PostgreSQLArrayConcatFunction@33f81280] under array_concat; prior registration was null
2025-08-25 22:02:29 DEBUG [main] o.h.q.s.function.SqmFunctionRegistry - Registered SqmFunctionTemplate [org.hibernate.dialect.function.array.PostgreSQLArrayConcatElementFunction@7509226c] under array_prepend; prior registration was null
2025-08-25 22:02:29 DEBUG [main] o.h.q.s.function.SqmFunctionRegistry - Registered SqmFunctionTemplate [org.hibernate.dialect.function.array.PostgreSQLArrayConcatElementFunction@4c9cce17] under array_append; prior registration was null
2025-08-25 22:02:29 DEBUG [main] o.h.q.s.function.SqmFunctionRegistry - Registered SqmFunctionTemplate [org.hibernate.dialect.function.array.ArrayContainsOperatorFunction@175957b6] under array_contains; prior registration was null
2025-08-25 22:02:29 DEBUG [main] o.h.q.s.function.SqmFunctionRegistry - Registered SqmFunctionTemplate [org.hibernate.dialect.function.array.ArrayContainsOperatorFunction@1b7a4930] under array_contains_nullable; prior registration was null
2025-08-25 22:02:29 DEBUG [main] o.h.q.s.function.SqmFunctionRegistry - Registered SqmFunctionTemplate [org.hibernate.dialect.function.array.ArrayIncludesOperatorFunction@47ffa248] under array_includes; prior registration was null
2025-08-25 22:02:29 DEBUG [main] o.h.q.s.function.SqmFunctionRegistry - Registered SqmFunctionTemplate [org.hibernate.dialect.function.array.ArrayIncludesOperatorFunction@18ac25e6] under array_includes_nullable; prior registration was null
2025-08-25 22:02:29 DEBUG [main] o.h.q.s.function.SqmFunctionRegistry - Registered SqmFunctionTemplate [org.hibernate.dialect.function.array.ArrayIntersectsOperatorFunction@74c04377] under array_intersects; prior registration was null
2025-08-25 22:02:29 DEBUG [main] o.h.q.s.function.SqmFunctionRegistry - Registered SqmFunctionTemplate [org.hibernate.dialect.function.array.ArrayIntersectsOperatorFunction@10d49900] under array_intersects_nullable; prior registration was null
2025-08-25 22:02:29 DEBUG [main] o.h.q.s.function.SqmFunctionRegistry - Registering alternate key : array_overlaps -> array_intersects
2025-08-25 22:02:29 DEBUG [main] o.h.q.s.function.SqmFunctionRegistry - Registering alternate key : array_overlaps_nullable -> array_intersects_nullable
2025-08-25 22:02:29 DEBUG [main] o.h.q.s.function.SqmFunctionRegistry - Registered SqmFunctionTemplate [org.hibernate.query.sqm.function.PatternBasedSqmFunctionDescriptor@4cfe9594] under array_get; prior registration was null
2025-08-25 22:02:29 DEBUG [main] o.h.q.s.function.SqmFunctionRegistry - Registered SqmFunctionTemplate [org.hibernate.dialect.function.array.ArraySetUnnestFunction@177068db] under array_set; prior registration was null
2025-08-25 22:02:29 DEBUG [main] o.h.q.s.function.SqmFunctionRegistry - Registered SqmFunctionTemplate [NamedSqmFunctionTemplate(array_remove)] under array_remove; prior registration was null
2025-08-25 22:02:29 DEBUG [main] o.h.q.s.function.SqmFunctionRegistry - Registered SqmFunctionTemplate [org.hibernate.dialect.function.array.ArrayRemoveIndexUnnestFunction@1f12d5e0] under array_remove_index; prior registration was null
2025-08-25 22:02:29 DEBUG [main] o.h.q.s.function.SqmFunctionRegistry - Registered SqmFunctionTemplate [org.hibernate.query.sqm.function.PatternBasedSqmFunctionDescriptor@6604f246] under array_slice; prior registration was null
2025-08-25 22:02:29 DEBUG [main] o.h.q.s.function.SqmFunctionRegistry - Registered SqmFunctionTemplate [NamedSqmFunctionTemplate(array_replace)] under array_replace; prior registration was null
2025-08-25 22:02:29 DEBUG [main] o.h.q.s.function.SqmFunctionRegistry - Registered SqmFunctionTemplate [org.hibernate.query.sqm.function.PatternBasedSqmFunctionDescriptor@c1386b4] under array_trim; prior registration was null
2025-08-25 22:02:29 DEBUG [main] o.h.q.s.function.SqmFunctionRegistry - Registered SqmFunctionTemplate [org.hibernate.dialect.function.array.PostgreSQLArrayFillFunction@5f0ca069] under array_fill; prior registration was null
2025-08-25 22:02:29 DEBUG [main] o.h.q.s.function.SqmFunctionRegistry - Registered SqmFunctionTemplate [org.hibernate.dialect.function.array.PostgreSQLArrayFillFunction@6a6a2fdd] under array_fill_list; prior registration was null
2025-08-25 22:02:29 DEBUG [main] o.h.q.s.function.SqmFunctionRegistry - Registered SqmFunctionTemplate [org.hibernate.dialect.function.array.ArrayToStringFunction@6f7c9755] under array_to_string; prior registration was null
2025-08-25 22:02:29 DEBUG [main] o.h.q.s.function.SqmFunctionRegistry - Registered SqmFunctionTemplate [NamedSqmFunctionTemplate(make_date)] under make_date; prior registration was null
2025-08-25 22:02:29 DEBUG [main] o.h.q.s.function.SqmFunctionRegistry - Registered SqmFunctionTemplate [NamedSqmFunctionTemplate(make_time)] under make_time; prior registration was null
2025-08-25 22:02:29 DEBUG [main] o.h.q.s.function.SqmFunctionRegistry - Registered SqmFunctionTemplate [NamedSqmFunctionTemplate(make_timestamp)] under make_timestamp; prior registration was null
2025-08-25 22:02:29 DEBUG [main] o.h.q.s.function.SqmFunctionRegistry - Registered SqmFunctionTemplate [NamedSqmFunctionTemplate(make_timestamptz)] under make_timestamptz; prior registration was null
2025-08-25 22:02:29 DEBUG [main] o.h.q.s.function.SqmFunctionRegistry - Registered SqmFunctionTemplate [org.hibernate.dialect.function.InverseDistributionFunction@4de93edd] under mode; prior registration was null
2025-08-25 22:02:29 DEBUG [main] o.h.q.s.function.SqmFunctionRegistry - Registered SqmFunctionTemplate [org.hibernate.dialect.function.InverseDistributionFunction@53b2e1eb] under percentile_cont; prior registration was null
2025-08-25 22:02:29 DEBUG [main] o.h.q.s.function.SqmFunctionRegistry - Registered SqmFunctionTemplate [org.hibernate.dialect.function.InverseDistributionFunction@29db008c] under percentile_disc; prior registration was null
2025-08-25 22:02:29 DEBUG [main] o.h.q.s.function.SqmFunctionRegistry - Registered SqmFunctionTemplate [org.hibernate.dialect.function.HypotheticalSetFunction@2c4cf7eb] under rank; prior registration was null
2025-08-25 22:02:29 DEBUG [main] o.h.q.s.function.SqmFunctionRegistry - Registered SqmFunctionTemplate [org.hibernate.dialect.function.HypotheticalSetFunction@35260785] under dense_rank; prior registration was null
2025-08-25 22:02:29 DEBUG [main] o.h.q.s.function.SqmFunctionRegistry - Registered SqmFunctionTemplate [org.hibernate.dialect.function.HypotheticalSetFunction@76d828ff] under percent_rank; prior registration was null
2025-08-25 22:02:29 DEBUG [main] o.h.q.s.function.SqmFunctionRegistry - Registered SqmFunctionTemplate [org.hibernate.dialect.function.HypotheticalSetFunction@39685204] under cume_dist; prior registration was null
2025-08-25 22:02:29 DEBUG [main] o.h.q.s.function.SqmFunctionRegistry - Registered SqmFunctionTemplate [org.hibernate.dialect.function.PostgreSQLMinMaxFunction@3b64f131] under min; prior registration was NamedSqmFunctionTemplate(min)
2025-08-25 22:02:29 DEBUG [main] o.h.q.s.function.SqmFunctionRegistry - Registered SqmFunctionTemplate [org.hibernate.dialect.function.PostgreSQLMinMaxFunction@490d9c41] under max; prior registration was NamedSqmFunctionTemplate(max)
2025-08-25 22:02:29 DEBUG [main] o.h.q.s.function.SqmFunctionRegistry - Registered SqmFunctionTemplate [org.hibernate.query.sqm.function.PatternBasedSqmFunctionDescriptor@47d81427] under bitxor; prior registration was org.hibernate.query.sqm.function.PatternBasedSqmFunctionDescriptor@571db8b4
2025-08-25 22:02:29 DEBUG [main] o.h.q.s.function.SqmFunctionRegistry - Registered SqmFunctionTemplate [org.hibernate.dialect.function.PostgreSQLTruncRoundFunction@21bf308] under round; prior registration was NamedSqmFunctionTemplate(round)
2025-08-25 22:02:29 DEBUG [HikariPool-1 connection adder] com.zaxxer.hikari.pool.HikariPool - HikariPool-1 - After adding stats (total=6, active=0, idle=6, waiting=0)
2025-08-25 22:02:29 DEBUG [main] o.h.q.s.function.SqmFunctionRegistry - Registered SqmFunctionTemplate [org.hibernate.dialect.function.PostgreSQLTruncFunction@1c9975a8] under trunc; prior registration was null
2025-08-25 22:02:29 DEBUG [main] o.h.q.s.function.SqmFunctionRegistry - Registering alternate key : truncate -> trunc
2025-08-25 22:02:29 DEBUG [main] o.h.q.s.function.SqmFunctionRegistry - Registered SqmFunctionTemplate [org.hibernate.query.sqm.function.PatternBasedSqmFunctionDescriptor@3883031d] under date_trunc; prior registration was null
2025-08-25 22:02:29 DEBUG [HikariPool-1 connection adder] org.postgresql.Driver - Connecting with URL: jdbc:postgresql://localhost:5432/postgres
2025-08-25 22:02:29 DEBUG [HikariPool-1 connection adder] org.postgresql.jdbc.PgConnection - PostgreSQL JDBC Driver 42.7.5
2025-08-25 22:02:29 DEBUG [HikariPool-1 connection adder] org.postgresql.jdbc.PgConnection -   setDefaultFetchSize = 0
2025-08-25 22:02:29 DEBUG [HikariPool-1 connection adder] org.postgresql.jdbc.PgConnection -   setPrepareThreshold = 5
2025-08-25 22:02:29 DEBUG [HikariPool-1 connection adder] o.p.core.v3.ConnectionFactoryImpl - Trying to establish a protocol version 3 connection to localhost:5432
2025-08-25 22:02:29 DEBUG [HikariPool-1 connection adder] o.p.core.v3.ConnectionFactoryImpl - Receive Buffer Size is 65,536
2025-08-25 22:02:29 DEBUG [HikariPool-1 connection adder] o.p.core.v3.ConnectionFactoryImpl - Send Buffer Size is 65,536
2025-08-25 22:02:29 DEBUG [main] org.hibernate.HQL_FUNCTIONS - abs(NUMERIC arg)
2025-08-25 22:02:29 DEBUG [main] org.hibernate.HQL_FUNCTIONS - Double acos(NUMERIC arg)
2025-08-25 22:02:29 DEBUG [main] org.hibernate.HQL_FUNCTIONS - Double acosh(NUMERIC arg)
2025-08-25 22:02:29 DEBUG [main] org.hibernate.HQL_FUNCTIONS - Boolean any(BOOLEAN predicate)
2025-08-25 22:02:29 DEBUG [main] org.hibernate.HQL_FUNCTIONS - array( ... )
2025-08-25 22:02:29 DEBUG [main] org.hibernate.HQL_FUNCTIONS - array_agg(arg)
2025-08-25 22:02:29 DEBUG [main] org.hibernate.HQL_FUNCTIONS - array_append( ... )
2025-08-25 22:02:29 DEBUG [main] org.hibernate.HQL_FUNCTIONS - array_concat( ... )
2025-08-25 22:02:29 DEBUG [main] org.hibernate.HQL_FUNCTIONS - Boolean array_contains(ARRAY haystackArray, OBJECT needleElementOrArray)
2025-08-25 22:02:29 DEBUG [main] org.hibernate.HQL_FUNCTIONS - Boolean array_contains_nullable(ARRAY haystackArray, OBJECT needleElementOrArray)
2025-08-25 22:02:29 DEBUG [main] org.hibernate.HQL_FUNCTIONS - array_fill(OBJECT element, INTEGER elementCount)
2025-08-25 22:02:29 DEBUG [main] org.hibernate.HQL_FUNCTIONS - array_fill_list(OBJECT element, INTEGER elementCount)
2025-08-25 22:02:29 DEBUG [main] org.hibernate.HQL_FUNCTIONS - array_get(ARRAY array, INTEGER index)
2025-08-25 22:02:29 DEBUG [main] org.hibernate.HQL_FUNCTIONS - Boolean array_includes(ARRAY haystackArray, OBJECT needleArray)
2025-08-25 22:02:29 DEBUG [main] org.hibernate.HQL_FUNCTIONS - Boolean array_includes_nullable(ARRAY haystackArray, OBJECT needleArray)
2025-08-25 22:02:29 DEBUG [main] org.hibernate.HQL_FUNCTIONS - Boolean array_intersects(ARRAY array0, OBJECT array1)
2025-08-25 22:02:29 DEBUG [main] org.hibernate.HQL_FUNCTIONS - Boolean array_intersects_nullable(ARRAY array0, OBJECT array1)
2025-08-25 22:02:29 DEBUG [main] org.hibernate.HQL_FUNCTIONS - Integer array_length(ARRAY array)
2025-08-25 22:02:29 DEBUG [main] org.hibernate.HQL_FUNCTIONS - array_list( ... )
2025-08-25 22:02:29 DEBUG [main] org.hibernate.HQL_FUNCTIONS - Boolean array_overlaps(ARRAY array0, OBJECT array1)
2025-08-25 22:02:29 DEBUG [main] org.hibernate.HQL_FUNCTIONS - Boolean array_overlaps_nullable(ARRAY array0, OBJECT array1)
2025-08-25 22:02:29 DEBUG [main] org.hibernate.HQL_FUNCTIONS - Integer array_position(ARRAY array, OBJECT element[, INTEGER startPosition])
2025-08-25 22:02:29 DEBUG [main] org.hibernate.HQL_FUNCTIONS - int[] array_positions(ARRAY array, OBJECT element)
2025-08-25 22:02:29 DEBUG [main] org.hibernate.HQL_FUNCTIONS - List array_positions_list(ARRAY array, OBJECT element)
2025-08-25 22:02:29 DEBUG [main] org.hibernate.HQL_FUNCTIONS - array_prepend( ... )
2025-08-25 22:02:29 DEBUG [main] org.hibernate.HQL_FUNCTIONS - array_remove( ... )
2025-08-25 22:02:29 DEBUG [main] org.hibernate.HQL_FUNCTIONS - array_remove_index( ... )
2025-08-25 22:02:29 DEBUG [main] org.hibernate.HQL_FUNCTIONS - array_replace(ARRAY array, OBJECT old, OBJECT new)
2025-08-25 22:02:29 DEBUG [main] org.hibernate.HQL_FUNCTIONS - array_set( ... )
2025-08-25 22:02:29 DEBUG [main] org.hibernate.HQL_FUNCTIONS - array_slice(ARRAY array, INTEGER start, INTEGER end)
2025-08-25 22:02:29 DEBUG [main] org.hibernate.HQL_FUNCTIONS - String array_to_string( ... )
2025-08-25 22:02:29 DEBUG [main] org.hibernate.HQL_FUNCTIONS - array_trim(ARRAY array, INTEGER elementsToRemove)
2025-08-25 22:02:29 DEBUG [main] org.hibernate.HQL_FUNCTIONS - Integer ascii(STRING arg)
2025-08-25 22:02:29 DEBUG [main] org.hibernate.HQL_FUNCTIONS - Double asin(NUMERIC arg)
2025-08-25 22:02:29 DEBUG [main] org.hibernate.HQL_FUNCTIONS - Double asinh(NUMERIC arg)
2025-08-25 22:02:29 DEBUG [main] org.hibernate.HQL_FUNCTIONS - Double atan(NUMERIC arg)
2025-08-25 22:02:29 DEBUG [main] org.hibernate.HQL_FUNCTIONS - Double atan2(NUMERIC arg0, NUMERIC arg1)
2025-08-25 22:02:29 DEBUG [main] org.hibernate.HQL_FUNCTIONS - Double atanh(NUMERIC arg)
2025-08-25 22:02:29 DEBUG [main] org.hibernate.HQL_FUNCTIONS - avg(arg)
2025-08-25 22:02:29 DEBUG [main] org.hibernate.HQL_FUNCTIONS - bit_and(arg)
2025-08-25 22:02:29 DEBUG [main] org.hibernate.HQL_FUNCTIONS - Integer bit_length(STRING_OR_CLOB arg)
2025-08-25 22:02:29 DEBUG [main] org.hibernate.HQL_FUNCTIONS - bit_or(arg)
2025-08-25 22:02:29 DEBUG [main] org.hibernate.HQL_FUNCTIONS - bitand(arg0, arg1)
2025-08-25 22:02:29 DEBUG [main] org.hibernate.HQL_FUNCTIONS - bitnot(arg)
2025-08-25 22:02:29 DEBUG [main] org.hibernate.HQL_FUNCTIONS - bitor(arg0, arg1)
2025-08-25 22:02:29 DEBUG [main] org.hibernate.HQL_FUNCTIONS - bitxor(arg0, arg1)
2025-08-25 22:02:29 DEBUG [main] org.hibernate.HQL_FUNCTIONS - Boolean bool_and(BOOLEAN predicate)
2025-08-25 22:02:29 DEBUG [main] org.hibernate.HQL_FUNCTIONS - Boolean bool_or(BOOLEAN predicate)
2025-08-25 22:02:29 DEBUG [main] org.hibernate.HQL_FUNCTIONS - cast(arg as Type)
2025-08-25 22:02:29 DEBUG [main] org.hibernate.HQL_FUNCTIONS - Double cbrt(NUMERIC arg)
2025-08-25 22:02:29 DEBUG [main] org.hibernate.HQL_FUNCTIONS - ceiling(NUMERIC arg)
2025-08-25 22:02:29 DEBUG [main] org.hibernate.HQL_FUNCTIONS - Character char(INTEGER arg)
2025-08-25 22:02:29 DEBUG [main] org.hibernate.HQL_FUNCTIONS - Integer character_length(STRING_OR_CLOB arg)
2025-08-25 22:02:29 DEBUG [main] org.hibernate.HQL_FUNCTIONS - Character chr(INTEGER arg)
2025-08-25 22:02:29 DEBUG [main] org.hibernate.HQL_FUNCTIONS - coalesce(arg0[, arg1[, ...]])
2025-08-25 22:02:29 DEBUG [main] org.hibernate.HQL_FUNCTIONS - String collate(STRING string as COLLATION collation)
2025-08-25 22:02:29 DEBUG [main] org.hibernate.HQL_FUNCTIONS - (STRING string0[, STRING string1[, ...]])
2025-08-25 22:02:29 DEBUG [main] org.hibernate.HQL_FUNCTIONS - Double corr(NUMERIC arg0, NUMERIC arg1)
2025-08-25 22:02:29 DEBUG [main] org.hibernate.HQL_FUNCTIONS - Double cos(NUMERIC arg)
2025-08-25 22:02:29 DEBUG [main] org.hibernate.HQL_FUNCTIONS - Double cosh(NUMERIC arg)
2025-08-25 22:02:29 DEBUG [main] org.hibernate.HQL_FUNCTIONS - Double cot(NUMERIC arg)
2025-08-25 22:02:29 DEBUG [main] org.hibernate.HQL_FUNCTIONS - Long count([distinct ]{arg|*})
2025-08-25 22:02:29 DEBUG [main] org.hibernate.HQL_FUNCTIONS - Double covar_pop(NUMERIC arg0, NUMERIC arg1)
2025-08-25 22:02:29 DEBUG [main] org.hibernate.HQL_FUNCTIONS - Double covar_samp(NUMERIC arg0, NUMERIC arg1)
2025-08-25 22:02:29 DEBUG [main] org.hibernate.HQL_FUNCTIONS - Double cume_dist([arg0[, ...]])
2025-08-25 22:02:29 DEBUG [main] org.hibernate.HQL_FUNCTIONS - Date current date
2025-08-25 22:02:29 DEBUG [main] org.hibernate.HQL_FUNCTIONS - Time current time
2025-08-25 22:02:29 DEBUG [main] org.hibernate.HQL_FUNCTIONS - Timestamp current timestamp
2025-08-25 22:02:29 DEBUG [main] org.hibernate.HQL_FUNCTIONS - Date current_date
2025-08-25 22:02:29 DEBUG [main] org.hibernate.HQL_FUNCTIONS - Instant current_instant
2025-08-25 22:02:29 DEBUG [main] org.hibernate.HQL_FUNCTIONS - Time current_time
2025-08-25 22:02:29 DEBUG [main] org.hibernate.HQL_FUNCTIONS - Timestamp current_timestamp
2025-08-25 22:02:29 DEBUG [main] org.hibernate.HQL_FUNCTIONS - date_trunc(STRING field, TEMPORAL datetime)
2025-08-25 22:02:29 DEBUG [main] org.hibernate.HQL_FUNCTIONS - dateadd(TEMPORAL_UNIT field, INTEGER magnitude, TEMPORAL datetime)
2025-08-25 22:02:29 DEBUG [main] org.hibernate.HQL_FUNCTIONS - Long|Double datediff(TEMPORAL_UNIT field, TEMPORAL start, TEMPORAL end)
2025-08-25 22:02:29 DEBUG [main] org.hibernate.HQL_FUNCTIONS - Double degrees(NUMERIC arg)
2025-08-25 22:02:29 DEBUG [main] org.hibernate.HQL_FUNCTIONS - Long dense_rank([arg0[, ...]])
2025-08-25 22:02:29 DEBUG [main] org.hibernate.HQL_FUNCTIONS - Boolean every(BOOLEAN predicate)
2025-08-25 22:02:29 DEBUG [main] org.hibernate.HQL_FUNCTIONS - Double exp(NUMERIC arg)
2025-08-25 22:02:29 DEBUG [main] org.hibernate.HQL_FUNCTIONS - extract(TEMPORAL_UNIT field from TEMPORAL arg)
2025-08-25 22:02:29 DEBUG [main] org.hibernate.HQL_FUNCTIONS - first_valueANY value
2025-08-25 22:02:29 DEBUG [main] org.hibernate.HQL_FUNCTIONS - floor(NUMERIC arg)
2025-08-25 22:02:29 DEBUG [main] org.hibernate.HQL_FUNCTIONS - String format(TEMPORAL datetime as STRING pattern)
2025-08-25 22:02:29 DEBUG [main] org.hibernate.HQL_FUNCTIONS - greatest(COMPARABLE arg0, COMPARABLE arg1[, arg2[, ...]])
2025-08-25 22:02:29 DEBUG [main] org.hibernate.HQL_FUNCTIONS - ifnull(arg0, arg1)
2025-08-25 22:02:29 DEBUG [main] org.hibernate.HQL_FUNCTIONS - String initcap(arg)
2025-08-25 22:02:29 DEBUG [main] org.hibernate.HQL_FUNCTIONS - String insert(STRING string, INTEGER start, INTEGER length, STRING replacement)
2025-08-25 22:02:29 DEBUG [main] org.hibernate.HQL_FUNCTIONS - Instant instant
2025-08-25 22:02:29 DEBUG [main] org.hibernate.HQL_FUNCTIONS - lagANY value[, INTEGER offset[, ANY default]]
2025-08-25 22:02:29 DEBUG [main] org.hibernate.HQL_FUNCTIONS - last_valueANY value
2025-08-25 22:02:29 DEBUG [main] org.hibernate.HQL_FUNCTIONS - leadANY value[, INTEGER offset[, ANY default]]
2025-08-25 22:02:29 DEBUG [main] org.hibernate.HQL_FUNCTIONS - least(COMPARABLE arg0, COMPARABLE arg1[, arg2[, ...]])
2025-08-25 22:02:29 DEBUG [main] org.hibernate.HQL_FUNCTIONS - String left(STRING string, INTEGER length)
2025-08-25 22:02:29 DEBUG [main] org.hibernate.HQL_FUNCTIONS - length
2025-08-25 22:02:29 DEBUG [main] org.hibernate.HQL_FUNCTIONS - String listagg(STRING arg0, STRING arg1)
2025-08-25 22:02:29 DEBUG [main] org.hibernate.HQL_FUNCTIONS - Double ln(NUMERIC arg)
2025-08-25 22:02:29 DEBUG [main] org.hibernate.HQL_FUNCTIONS - LocalDate local date
2025-08-25 22:02:29 DEBUG [main] org.hibernate.HQL_FUNCTIONS - LocalDateTime local datetime
2025-08-25 22:02:29 DEBUG [main] org.hibernate.HQL_FUNCTIONS - LocalTime local time
2025-08-25 22:02:29 DEBUG [main] org.hibernate.HQL_FUNCTIONS - LocalDate local_date
2025-08-25 22:02:29 DEBUG [main] org.hibernate.HQL_FUNCTIONS - LocalDateTime local_datetime
2025-08-25 22:02:29 DEBUG [main] org.hibernate.HQL_FUNCTIONS - LocalTime local_time
2025-08-25 22:02:29 DEBUG [main] org.hibernate.HQL_FUNCTIONS - Time localtime
2025-08-25 22:02:29 DEBUG [main] org.hibernate.HQL_FUNCTIONS - Timestamp localtimestamp
2025-08-25 22:02:29 DEBUG [main] org.hibernate.HQL_FUNCTIONS - Integer locate(STRING pattern, STRING string[, INTEGER start])
2025-08-25 22:02:29 DEBUG [main] org.hibernate.HQL_FUNCTIONS - Double log(NUMERIC arg0[, NUMERIC arg1])
2025-08-25 22:02:29 DEBUG [main] org.hibernate.HQL_FUNCTIONS - Double log10(NUMERIC arg)
2025-08-25 22:02:29 DEBUG [main] org.hibernate.HQL_FUNCTIONS - String lower(STRING string)
2025-08-25 22:02:29 DEBUG [main] org.hibernate.HQL_FUNCTIONS - String lpad(STRING string, INTEGER length[, STRING padding])
2025-08-25 22:02:29 DEBUG [main] org.hibernate.HQL_FUNCTIONS - String ltrim(STRING string[, STRING characters])
2025-08-25 22:02:29 DEBUG [main] org.hibernate.HQL_FUNCTIONS - Date make_date(INTEGER arg0, INTEGER arg1, INTEGER arg2)
2025-08-25 22:02:29 DEBUG [main] org.hibernate.HQL_FUNCTIONS - Time make_time(INTEGER arg0, INTEGER arg1, INTEGER arg2)
2025-08-25 22:02:29 DEBUG [main] org.hibernate.HQL_FUNCTIONS - Timestamp make_timestamp(INTEGER arg0, INTEGER arg1, INTEGER arg2, INTEGER arg3, INTEGER arg4, INTEGER arg5)
2025-08-25 22:02:29 DEBUG [main] org.hibernate.HQL_FUNCTIONS - Timestamp make_timestamptz(INTEGER arg0, INTEGER arg1, INTEGER arg2, INTEGER arg3, INTEGER arg4, INTEGER arg5[, INTEGER arg6])
2025-08-25 22:02:29 DEBUG [main] org.hibernate.HQL_FUNCTIONS - max(COMPARABLE arg)
2025-08-25 22:02:29 DEBUG [main] org.hibernate.HQL_FUNCTIONS - String md5(arg)
2025-08-25 22:02:29 DEBUG [main] org.hibernate.HQL_FUNCTIONS - Double median(NUMERIC arg)
2025-08-25 22:02:29 DEBUG [main] org.hibernate.HQL_FUNCTIONS - min(COMPARABLE arg)
2025-08-25 22:02:29 DEBUG [main] org.hibernate.HQL_FUNCTIONS - Integer mod(INTEGER arg0, INTEGER arg1)
2025-08-25 22:02:29 DEBUG [main] org.hibernate.HQL_FUNCTIONS - mode()
2025-08-25 22:02:29 DEBUG [main] org.hibernate.HQL_FUNCTIONS - nth_valueANY value, INTEGER nth
2025-08-25 22:02:29 DEBUG [main] org.hibernate.HQL_FUNCTIONS - nullif(arg0, arg1)
2025-08-25 22:02:29 DEBUG [main] org.hibernate.HQL_FUNCTIONS - Integer octet_length(STRING_OR_CLOB arg)
2025-08-25 22:02:29 DEBUG [main] org.hibernate.HQL_FUNCTIONS - OffsetDateTime offset datetime
2025-08-25 22:02:29 DEBUG [main] org.hibernate.HQL_FUNCTIONS - OffsetDateTime offset_datetime
2025-08-25 22:02:29 DEBUG [main] org.hibernate.HQL_FUNCTIONS - String overlay(string placing replacement from start[ for length])
2025-08-25 22:02:29 DEBUG [main] org.hibernate.HQL_FUNCTIONS - String pad(STRING string with INTEGER length {leading|trailing}[ STRING character])
2025-08-25 22:02:29 DEBUG [main] org.hibernate.HQL_FUNCTIONS - Double percent_rank([arg0[, ...]])
2025-08-25 22:02:29 DEBUG [main] org.hibernate.HQL_FUNCTIONS - percentile_cont(NUMERIC arg)
2025-08-25 22:02:29 DEBUG [main] org.hibernate.HQL_FUNCTIONS - percentile_disc(NUMERIC arg)
2025-08-25 22:02:29 DEBUG [main] org.hibernate.HQL_FUNCTIONS - Double pi
2025-08-25 22:02:29 DEBUG [main] org.hibernate.HQL_FUNCTIONS - Integer position(STRING pattern in STRING string)
2025-08-25 22:02:29 DEBUG [main] org.hibernate.HQL_FUNCTIONS - Double power(NUMERIC arg0, NUMERIC arg1)
2025-08-25 22:02:29 DEBUG [main] org.hibernate.HQL_FUNCTIONS - Double radians(NUMERIC arg)
2025-08-25 22:02:29 DEBUG [main] org.hibernate.HQL_FUNCTIONS - Long rank([arg0[, ...]])
2025-08-25 22:02:29 DEBUG [main] org.hibernate.HQL_FUNCTIONS - Double regr_avgx(NUMERIC arg0, NUMERIC arg1)
2025-08-25 22:02:29 DEBUG [main] org.hibernate.HQL_FUNCTIONS - Double regr_avgy(NUMERIC arg0, NUMERIC arg1)
2025-08-25 22:02:29 DEBUG [main] org.hibernate.HQL_FUNCTIONS - Double regr_count(NUMERIC arg0, NUMERIC arg1)
2025-08-25 22:02:29 DEBUG [main] org.hibernate.HQL_FUNCTIONS - Double regr_intercept(NUMERIC arg0, NUMERIC arg1)
2025-08-25 22:02:29 DEBUG [main] org.hibernate.HQL_FUNCTIONS - Double regr_r2(NUMERIC arg0, NUMERIC arg1)
2025-08-25 22:02:29 DEBUG [main] org.hibernate.HQL_FUNCTIONS - Double regr_slope(NUMERIC arg0, NUMERIC arg1)
2025-08-25 22:02:29 DEBUG [main] org.hibernate.HQL_FUNCTIONS - Double regr_sxx(NUMERIC arg0, NUMERIC arg1)
2025-08-25 22:02:29 DEBUG [main] org.hibernate.HQL_FUNCTIONS - Double regr_sxy(NUMERIC arg0, NUMERIC arg1)
2025-08-25 22:02:29 DEBUG [main] org.hibernate.HQL_FUNCTIONS - Double regr_syy(NUMERIC arg0, NUMERIC arg1)
2025-08-25 22:02:29 DEBUG [main] org.hibernate.HQL_FUNCTIONS - String repeat(STRING string, INTEGER times)
2025-08-25 22:02:29 DEBUG [main] org.hibernate.HQL_FUNCTIONS - String replace(STRING string, STRING pattern, STRING replacement)
2025-08-25 22:02:29 DEBUG [main] org.hibernate.HQL_FUNCTIONS - String right(STRING string, INTEGER length)
2025-08-25 22:02:29 DEBUG [main] org.hibernate.HQL_FUNCTIONS - round(NUMERIC number[, INTEGER places])
2025-08-25 22:02:29 DEBUG [main] org.hibernate.HQL_FUNCTIONS - Long row_number()
2025-08-25 22:02:29 DEBUG [main] org.hibernate.HQL_FUNCTIONS - String rpad(STRING string, INTEGER length[, STRING padding])
2025-08-25 22:02:29 DEBUG [main] org.hibernate.HQL_FUNCTIONS - String rtrim(STRING string[, STRING characters])
2025-08-25 22:02:29 DEBUG [main] org.hibernate.HQL_FUNCTIONS - Integer sign(NUMERIC arg)
2025-08-25 22:02:29 DEBUG [main] org.hibernate.HQL_FUNCTIONS - Double sin(NUMERIC arg)
2025-08-25 22:02:29 DEBUG [main] org.hibernate.HQL_FUNCTIONS - Double sinh(NUMERIC arg)
2025-08-25 22:02:29 DEBUG [main] org.hibernate.HQL_FUNCTIONS - String soundex(arg)
2025-08-25 22:02:29 DEBUG [main] org.hibernate.HQL_FUNCTIONS - Object sql
2025-08-25 22:02:29 DEBUG [main] org.hibernate.HQL_FUNCTIONS - Double sqrt(NUMERIC arg)
2025-08-25 22:02:29 DEBUG [main] org.hibernate.HQL_FUNCTIONS - Double stddev(NUMERIC arg)
2025-08-25 22:02:29 DEBUG [main] org.hibernate.HQL_FUNCTIONS - Double stddev_pop(NUMERIC arg)
2025-08-25 22:02:29 DEBUG [main] org.hibernate.HQL_FUNCTIONS - Double stddev_samp(NUMERIC arg)
2025-08-25 22:02:29 DEBUG [main] org.hibernate.HQL_FUNCTIONS - String str(arg)
2025-08-25 22:02:29 DEBUG [main] org.hibernate.HQL_FUNCTIONS - String substr(STRING string, INTEGER start[, INTEGER length])
2025-08-25 22:02:29 DEBUG [main] org.hibernate.HQL_FUNCTIONS - String substring(STRING string{ from|,} INTEGER start[{ for|,} INTEGER length])
2025-08-25 22:02:29 DEBUG [main] org.hibernate.HQL_FUNCTIONS - sum(arg)
2025-08-25 22:02:29 DEBUG [main] org.hibernate.HQL_FUNCTIONS - Double tan(NUMERIC arg)
2025-08-25 22:02:29 DEBUG [main] org.hibernate.HQL_FUNCTIONS - Double tanh(NUMERIC arg)
2025-08-25 22:02:29 DEBUG [main] org.hibernate.HQL_FUNCTIONS - timestampadd(TEMPORAL_UNIT field, INTEGER magnitude, TEMPORAL datetime)
2025-08-25 22:02:29 DEBUG [main] org.hibernate.HQL_FUNCTIONS - Long|Double timestampdiff(TEMPORAL_UNIT field, TEMPORAL start, TEMPORAL end)
2025-08-25 22:02:29 DEBUG [main] org.hibernate.HQL_FUNCTIONS - String to_char(ANY arg0[, STRING arg1, STRING arg2])
2025-08-25 22:02:29 DEBUG [main] org.hibernate.HQL_FUNCTIONS - Date to_date(STRING arg0[, STRING arg1, STRING arg2])
2025-08-25 22:02:29 DEBUG [main] org.hibernate.HQL_FUNCTIONS - Double to_number(STRING arg0[, STRING arg1, STRING arg2])
2025-08-25 22:02:29 DEBUG [main] org.hibernate.HQL_FUNCTIONS - Timestamp to_timestamp(STRING arg0[, STRING arg1, STRING arg2])
2025-08-25 22:02:29 DEBUG [main] org.hibernate.HQL_FUNCTIONS - String translate(STRING arg0, STRING arg1, STRING arg2)
2025-08-25 22:02:29 DEBUG [main] org.hibernate.HQL_FUNCTIONS - String trim([[{leading|trailing|both} ][STRING arg0 ]from] STRING arg1)
2025-08-25 22:02:29 DEBUG [main] org.hibernate.HQL_FUNCTIONS - trunc( ... )
2025-08-25 22:02:29 DEBUG [main] org.hibernate.HQL_FUNCTIONS - truncate( ... )
2025-08-25 22:02:29 DEBUG [main] org.hibernate.HQL_FUNCTIONS - String upper(STRING string)
2025-08-25 22:02:29 DEBUG [main] org.hibernate.HQL_FUNCTIONS - Double var_pop(NUMERIC arg)
2025-08-25 22:02:29 DEBUG [main] org.hibernate.HQL_FUNCTIONS - Double var_samp(NUMERIC arg)
2025-08-25 22:02:29 DEBUG [main] org.hibernate.HQL_FUNCTIONS - Double variance(NUMERIC arg)
2025-08-25 22:02:29 DEBUG [main] org.hibernate.orm.query.plan.cache - Starting QueryInterpretationCache(2048)
2025-08-25 22:02:29 DEBUG [HikariPool-1 connection adder] com.zaxxer.hikari.pool.HikariPool - HikariPool-1 - Added connection org.postgresql.jdbc.PgConnection@137daa9
2025-08-25 22:02:29 DEBUG [HikariPool-1 connection adder] com.zaxxer.hikari.pool.HikariPool - HikariPool-1 - After adding stats (total=7, active=0, idle=7, waiting=0)
2025-08-25 22:02:29 DEBUG [HikariPool-1 connection adder] org.postgresql.Driver - Connecting with URL: jdbc:postgresql://localhost:5432/postgres
2025-08-25 22:02:29 DEBUG [HikariPool-1 connection adder] org.postgresql.jdbc.PgConnection - PostgreSQL JDBC Driver 42.7.5
2025-08-25 22:02:29 DEBUG [HikariPool-1 connection adder] org.postgresql.jdbc.PgConnection -   setDefaultFetchSize = 0
2025-08-25 22:02:29 DEBUG [HikariPool-1 connection adder] org.postgresql.jdbc.PgConnection -   setPrepareThreshold = 5
2025-08-25 22:02:29 DEBUG [HikariPool-1 connection adder] o.p.core.v3.ConnectionFactoryImpl - Trying to establish a protocol version 3 connection to localhost:5432
2025-08-25 22:02:29 DEBUG [main] o.h.s.i.SessionFactoryServiceRegistryImpl - EventListenerRegistry access via ServiceRegistry is deprecated.  Use `sessionFactory.getEventEngine().getListenerRegistry()` instead
2025-08-25 22:02:29 DEBUG [HikariPool-1 connection adder] o.p.core.v3.ConnectionFactoryImpl - Receive Buffer Size is 65,536
2025-08-25 22:02:29 DEBUG [HikariPool-1 connection adder] o.p.core.v3.ConnectionFactoryImpl - Send Buffer Size is 65,536
2025-08-25 22:02:29 DEBUG [main] o.h.e.i.EntityCopyObserverFactoryInitiator - Configured EntityCopyObserver strategy: disallow
2025-08-25 22:02:29 DEBUG [main] o.hibernate.ormbytecode.interceptor - To-one property `ru.bmstu.iu7.impl.model.ReqCache#questionnaire1` was mapped with LAZY + NO_PROXY but the class was not enhanced
2025-08-25 22:02:29 DEBUG [main] o.hibernate.ormbytecode.interceptor - To-one property `ru.bmstu.iu7.impl.model.ReqCache#questionnaire1` was mapped with LAZY + NO_PROXY but the class was not enhanced
2025-08-25 22:02:29 DEBUG [main] o.hibernate.ormbytecode.interceptor - To-one property `ru.bmstu.iu7.impl.model.ReqCache#questionnaire2` was mapped with LAZY + NO_PROXY but the class was not enhanced
2025-08-25 22:02:29 DEBUG [main] o.hibernate.ormbytecode.interceptor - To-one property `ru.bmstu.iu7.impl.model.ReqCache#questionnaire2` was mapped with LAZY + NO_PROXY but the class was not enhanced
2025-08-25 22:02:29 DEBUG [main] o.h.b.internal.ClassLoaderAccessImpl - Not known whether passed class name [ru.bmstu.iu7.impl.model.ReqCache] is safe
2025-08-25 22:02:29 DEBUG [main] o.h.b.internal.ClassLoaderAccessImpl - No temp ClassLoader provided; using live ClassLoader for loading potentially unsafe class : ru.bmstu.iu7.impl.model.ReqCache
2025-08-25 22:02:29 DEBUG [HikariPool-1 connection adder] com.zaxxer.hikari.pool.HikariPool - HikariPool-1 - Added connection org.postgresql.jdbc.PgConnection@1c07f187
2025-08-25 22:02:29 DEBUG [HikariPool-1 connection adder] com.zaxxer.hikari.pool.HikariPool - HikariPool-1 - After adding stats (total=8, active=0, idle=8, waiting=0)
2025-08-25 22:02:29 DEBUG [HikariPool-1 connection adder] org.postgresql.Driver - Connecting with URL: jdbc:postgresql://localhost:5432/postgres
2025-08-25 22:02:29 DEBUG [HikariPool-1 connection adder] org.postgresql.jdbc.PgConnection - PostgreSQL JDBC Driver 42.7.5
2025-08-25 22:02:29 DEBUG [HikariPool-1 connection adder] org.postgresql.jdbc.PgConnection -   setDefaultFetchSize = 0
2025-08-25 22:02:29 DEBUG [HikariPool-1 connection adder] org.postgresql.jdbc.PgConnection -   setPrepareThreshold = 5
2025-08-25 22:02:29 DEBUG [HikariPool-1 connection adder] o.p.core.v3.ConnectionFactoryImpl - Trying to establish a protocol version 3 connection to localhost:5432
2025-08-25 22:02:29 DEBUG [HikariPool-1 connection adder] o.p.core.v3.ConnectionFactoryImpl - Receive Buffer Size is 65,536
2025-08-25 22:02:29 DEBUG [HikariPool-1 connection adder] o.p.core.v3.ConnectionFactoryImpl - Send Buffer Size is 65,536
2025-08-25 22:02:29 DEBUG [HikariPool-1 connection adder] com.zaxxer.hikari.pool.HikariPool - HikariPool-1 - Added connection org.postgresql.jdbc.PgConnection@344243
2025-08-25 22:02:30 DEBUG [HikariPool-1 connection adder] com.zaxxer.hikari.pool.HikariPool - HikariPool-1 - After adding stats (total=9, active=0, idle=9, waiting=0)
2025-08-25 22:02:30 DEBUG [HikariPool-1 connection adder] org.postgresql.Driver - Connecting with URL: jdbc:postgresql://localhost:5432/postgres
2025-08-25 22:02:30 DEBUG [HikariPool-1 connection adder] org.postgresql.jdbc.PgConnection - PostgreSQL JDBC Driver 42.7.5
2025-08-25 22:02:30 DEBUG [HikariPool-1 connection adder] org.postgresql.jdbc.PgConnection -   setDefaultFetchSize = 0
2025-08-25 22:02:30 DEBUG [HikariPool-1 connection adder] org.postgresql.jdbc.PgConnection -   setPrepareThreshold = 5
2025-08-25 22:02:30 DEBUG [HikariPool-1 connection adder] o.p.core.v3.ConnectionFactoryImpl - Trying to establish a protocol version 3 connection to localhost:5432
2025-08-25 22:02:30 DEBUG [HikariPool-1 connection adder] o.p.core.v3.ConnectionFactoryImpl - Receive Buffer Size is 65,536
2025-08-25 22:02:30 DEBUG [HikariPool-1 connection adder] o.p.core.v3.ConnectionFactoryImpl - Send Buffer Size is 65,536
2025-08-25 22:02:30 DEBUG [HikariPool-1 connection adder] com.zaxxer.hikari.pool.HikariPool - HikariPool-1 - Added connection org.postgresql.jdbc.PgConnection@586dd1e6
2025-08-25 22:02:30 DEBUG [main] o.hibernate.ormbytecode.interceptor - To-one property `ru.bmstu.iu7.impl.model.ReqCache#questionnaire1` was mapped with LAZY + NO_PROXY but the class was not enhanced
2025-08-25 22:02:30 DEBUG [main] o.hibernate.ormbytecode.interceptor - To-one property `ru.bmstu.iu7.impl.model.ReqCache#questionnaire2` was mapped with LAZY + NO_PROXY but the class was not enhanced
2025-08-25 22:02:30 DEBUG [main] o.h.b.internal.ClassLoaderAccessImpl - Not known whether passed class name [ru.bmstu.iu7.impl.model.User] is safe
2025-08-25 22:02:30 DEBUG [main] o.h.b.internal.ClassLoaderAccessImpl - No temp ClassLoader provided; using live ClassLoader for loading potentially unsafe class : ru.bmstu.iu7.impl.model.User
2025-08-25 22:02:30 DEBUG [HikariPool-1 connection adder] com.zaxxer.hikari.pool.HikariPool - HikariPool-1 - After adding stats (total=10, active=0, idle=10, waiting=0)
2025-08-25 22:02:30 DEBUG [main] o.hibernate.ormbytecode.interceptor - To-one property `ru.bmstu.iu7.impl.model.VariantAnswer#question` was mapped with LAZY + NO_PROXY but the class was not enhanced
2025-08-25 22:02:30 DEBUG [main] o.hibernate.ormbytecode.interceptor - To-one property `ru.bmstu.iu7.impl.model.VariantAnswer#question` was mapped with LAZY + NO_PROXY but the class was not enhanced
2025-08-25 22:02:30 DEBUG [main] o.hibernate.ormbytecode.interceptor - To-one property `ru.bmstu.iu7.impl.model.VariantAnswer#tag` was mapped with LAZY + NO_PROXY but the class was not enhanced
2025-08-25 22:02:30 DEBUG [main] o.hibernate.ormbytecode.interceptor - To-one property `ru.bmstu.iu7.impl.model.VariantAnswer#tag` was mapped with LAZY + NO_PROXY but the class was not enhanced
2025-08-25 22:02:30 DEBUG [main] o.h.b.internal.ClassLoaderAccessImpl - Not known whether passed class name [ru.bmstu.iu7.impl.model.VariantAnswer] is safe
2025-08-25 22:02:30 DEBUG [main] o.h.b.internal.ClassLoaderAccessImpl - No temp ClassLoader provided; using live ClassLoader for loading potentially unsafe class : ru.bmstu.iu7.impl.model.VariantAnswer
2025-08-25 22:02:30 DEBUG [main] o.hibernate.ormbytecode.interceptor - To-one property `ru.bmstu.iu7.impl.model.VariantAnswer#question` was mapped with LAZY + NO_PROXY but the class was not enhanced
2025-08-25 22:02:30 DEBUG [main] o.hibernate.ormbytecode.interceptor - To-one property `ru.bmstu.iu7.impl.model.VariantAnswer#tag` was mapped with LAZY + NO_PROXY but the class was not enhanced
2025-08-25 22:02:30 DEBUG [main] o.hibernate.ormbytecode.interceptor - To-one property `ru.bmstu.iu7.impl.model.Questionnaire#information` was mapped with LAZY + NO_PROXY but the class was not enhanced
2025-08-25 22:02:30 DEBUG [main] o.hibernate.ormbytecode.interceptor - To-one property `ru.bmstu.iu7.impl.model.Questionnaire#information` was mapped with LAZY + NO_PROXY but the class was not enhanced
2025-08-25 22:02:30 DEBUG [main] o.hibernate.ormbytecode.interceptor - To-one property `ru.bmstu.iu7.impl.model.Questionnaire#search_information` was mapped with LAZY + NO_PROXY but the class was not enhanced
2025-08-25 22:02:30 DEBUG [main] o.hibernate.ormbytecode.interceptor - To-one property `ru.bmstu.iu7.impl.model.Questionnaire#search_information` was mapped with LAZY + NO_PROXY but the class was not enhanced
2025-08-25 22:02:30 DEBUG [main] o.hibernate.ormbytecode.interceptor - To-one property `ru.bmstu.iu7.impl.model.Questionnaire#user` was mapped with LAZY + NO_PROXY but the class was not enhanced
2025-08-25 22:02:30 DEBUG [main] o.hibernate.ormbytecode.interceptor - To-one property `ru.bmstu.iu7.impl.model.Questionnaire#user` was mapped with LAZY + NO_PROXY but the class was not enhanced
2025-08-25 22:02:30 DEBUG [main] o.h.b.internal.ClassLoaderAccessImpl - Not known whether passed class name [ru.bmstu.iu7.impl.model.Questionnaire] is safe
2025-08-25 22:02:30 DEBUG [main] o.h.b.internal.ClassLoaderAccessImpl - No temp ClassLoader provided; using live ClassLoader for loading potentially unsafe class : ru.bmstu.iu7.impl.model.Questionnaire
2025-08-25 22:02:30 DEBUG [main] o.hibernate.ormbytecode.interceptor - To-one property `ru.bmstu.iu7.impl.model.Questionnaire#information` was mapped with LAZY + NO_PROXY but the class was not enhanced
2025-08-25 22:02:30 DEBUG [main] o.hibernate.ormbytecode.interceptor - To-one property `ru.bmstu.iu7.impl.model.Questionnaire#search_information` was mapped with LAZY + NO_PROXY but the class was not enhanced
2025-08-25 22:02:30 DEBUG [main] o.hibernate.ormbytecode.interceptor - To-one property `ru.bmstu.iu7.impl.model.Questionnaire#user` was mapped with LAZY + NO_PROXY but the class was not enhanced
2025-08-25 22:02:30 DEBUG [main] o.hibernate.ormbytecode.interceptor - To-one property `ru.bmstu.iu7.impl.model.ExtendedAnswer#question` was mapped with LAZY + NO_PROXY but the class was not enhanced
2025-08-25 22:02:30 DEBUG [main] o.hibernate.ormbytecode.interceptor - To-one property `ru.bmstu.iu7.impl.model.ExtendedAnswer#question` was mapped with LAZY + NO_PROXY but the class was not enhanced
2025-08-25 22:02:30 DEBUG [main] o.h.b.internal.ClassLoaderAccessImpl - Not known whether passed class name [ru.bmstu.iu7.impl.model.ExtendedAnswer] is safe
2025-08-25 22:02:30 DEBUG [main] o.h.b.internal.ClassLoaderAccessImpl - No temp ClassLoader provided; using live ClassLoader for loading potentially unsafe class : ru.bmstu.iu7.impl.model.ExtendedAnswer
2025-08-25 22:02:30 DEBUG [main] o.hibernate.ormbytecode.interceptor - To-one property `ru.bmstu.iu7.impl.model.ExtendedAnswer#question` was mapped with LAZY + NO_PROXY but the class was not enhanced
2025-08-25 22:02:30 DEBUG [main] o.h.b.internal.ClassLoaderAccessImpl - Not known whether passed class name [ru.bmstu.iu7.impl.model.Question] is safe
2025-08-25 22:02:30 DEBUG [main] o.h.b.internal.ClassLoaderAccessImpl - No temp ClassLoader provided; using live ClassLoader for loading potentially unsafe class : ru.bmstu.iu7.impl.model.Question
2025-08-25 22:02:30 DEBUG [main] o.h.b.internal.ClassLoaderAccessImpl - Not known whether passed class name [ru.bmstu.iu7.impl.model.Tag] is safe
2025-08-25 22:02:30 DEBUG [main] o.h.b.internal.ClassLoaderAccessImpl - No temp ClassLoader provided; using live ClassLoader for loading potentially unsafe class : ru.bmstu.iu7.impl.model.Tag
2025-08-25 22:02:30 DEBUG [main] o.h.b.internal.ClassLoaderAccessImpl - Not known whether passed class name [ru.bmstu.iu7.impl.model.Information] is safe
2025-08-25 22:02:30 DEBUG [main] o.h.b.internal.ClassLoaderAccessImpl - No temp ClassLoader provided; using live ClassLoader for loading potentially unsafe class : ru.bmstu.iu7.impl.model.Information
2025-08-25 22:02:30 DEBUG [main] org.hibernate.orm.jdbc.mutation - Skipping collection row updates - ru.bmstu.iu7.impl.model.Information.variant_answers
2025-08-25 22:02:30 DEBUG [main] org.hibernate.orm.jdbc.mutation - Skipping collection row updates - ru.bmstu.iu7.impl.model.Questionnaire.black_list
2025-08-25 22:02:30 DEBUG [main] org.hibernate.orm.jdbc.mutation - Skipping collection row updates - ru.bmstu.iu7.impl.model.Information.extended_answers
2025-08-25 22:02:30 DEBUG [main] org.hibernate.orm.jdbc.mutation - Skipping collection row updates - ru.bmstu.iu7.impl.model.Question.tags
2025-08-25 22:02:30 DEBUG [main] org.hibernate.orm.jdbc.mutation - Skipping collection row updates - ru.bmstu.iu7.impl.model.ExtendedAnswer.tags
2025-08-25 22:02:30 DEBUG [main] org.hibernate.orm.jdbc.mutation - Skipping collection row updates - ru.bmstu.iu7.impl.model.Questionnaire.fav_list
2025-08-25 22:02:30 DEBUG [main] o.h.orm.model.mapping.creation - Starting post-init callbacks
2025-08-25 22:02:30 DEBUG [main] o.h.orm.model.mapping.creation - Starting PostInitCallbackEntry : To-one key - NavigableRole[ru.bmstu.iu7.impl.model.ReqCache.questionnaire1]
2025-08-25 22:02:30 DEBUG [main] o.h.orm.model.mapping.creation - Starting PostInitCallbackEntry : To-one key - NavigableRole[ru.bmstu.iu7.impl.model.ReqCache.questionnaire2]
2025-08-25 22:02:30 DEBUG [main] o.h.orm.model.mapping.creation - Starting PostInitCallbackEntry : Entity(ru.bmstu.iu7.impl.model.ReqCache) `staticFetchableList` generator
2025-08-25 22:02:30 DEBUG [main] o.h.orm.model.mapping.creation - Starting PostInitCallbackEntry : Entity(ru.bmstu.iu7.impl.model.User) `staticFetchableList` generator
2025-08-25 22:02:30 DEBUG [main] o.h.orm.model.mapping.creation - Starting PostInitCallbackEntry : To-one key - NavigableRole[ru.bmstu.iu7.impl.model.VariantAnswer.question]
2025-08-25 22:02:30 DEBUG [main] o.h.orm.model.mapping.creation - Starting PostInitCallbackEntry : To-one key - NavigableRole[ru.bmstu.iu7.impl.model.VariantAnswer.tag]
2025-08-25 22:02:30 DEBUG [main] o.h.orm.model.mapping.creation - Starting PostInitCallbackEntry : Entity(ru.bmstu.iu7.impl.model.VariantAnswer) `staticFetchableList` generator
2025-08-25 22:02:30 DEBUG [main] o.h.orm.model.mapping.creation - Starting PostInitCallbackEntry : PluralAttributeMapping( NavigableRole[ru.bmstu.iu7.impl.model.Questionnaire.black_list#{element}]) - element descriptor
2025-08-25 22:02:30 DEBUG [main] o.h.orm.model.mapping.creation - Starting PostInitCallbackEntry : PluralAttributeMapping(ru.bmstu.iu7.impl.model.Questionnaire.black_list)#finishInitialization
2025-08-25 22:02:30 DEBUG [main] o.h.orm.model.mapping.creation - Starting PostInitCallbackEntry : PluralAttributeMapping(ru.bmstu.iu7.impl.model.Questionnaire.black_list) - key descriptor
2025-08-25 22:02:30 DEBUG [main] o.h.orm.model.mapping.creation - Starting PostInitCallbackEntry : PluralAttributeMapping( NavigableRole[ru.bmstu.iu7.impl.model.Questionnaire.fav_list#{element}]) - element descriptor
2025-08-25 22:02:30 DEBUG [main] o.h.orm.model.mapping.creation - Starting PostInitCallbackEntry : PluralAttributeMapping(ru.bmstu.iu7.impl.model.Questionnaire.fav_list)#finishInitialization
2025-08-25 22:02:30 DEBUG [main] o.h.orm.model.mapping.creation - Starting PostInitCallbackEntry : PluralAttributeMapping(ru.bmstu.iu7.impl.model.Questionnaire.fav_list) - key descriptor
2025-08-25 22:02:30 DEBUG [main] o.h.orm.model.mapping.creation - Starting PostInitCallbackEntry : To-one key - NavigableRole[ru.bmstu.iu7.impl.model.Questionnaire.information]
2025-08-25 22:02:30 DEBUG [main] o.h.orm.model.mapping.creation - Starting PostInitCallbackEntry : To-one key - NavigableRole[ru.bmstu.iu7.impl.model.Questionnaire.search_information]
2025-08-25 22:02:30 DEBUG [main] o.h.orm.model.mapping.creation - Starting PostInitCallbackEntry : To-one key - NavigableRole[ru.bmstu.iu7.impl.model.Questionnaire.user]
2025-08-25 22:02:30 DEBUG [main] o.h.orm.model.mapping.creation - Starting PostInitCallbackEntry : Entity(ru.bmstu.iu7.impl.model.Questionnaire) `staticFetchableList` generator
2025-08-25 22:02:30 DEBUG [main] o.h.orm.model.mapping.creation - Starting PostInitCallbackEntry : To-one key - NavigableRole[ru.bmstu.iu7.impl.model.ExtendedAnswer.question]
2025-08-25 22:02:30 DEBUG [main] o.h.orm.model.mapping.creation - Starting PostInitCallbackEntry : PluralAttributeMapping( NavigableRole[ru.bmstu.iu7.impl.model.ExtendedAnswer.tags#{element}]) - element descriptor
2025-08-25 22:02:30 DEBUG [main] o.h.orm.model.mapping.creation - Starting PostInitCallbackEntry : PluralAttributeMapping(ru.bmstu.iu7.impl.model.ExtendedAnswer.tags)#finishInitialization
2025-08-25 22:02:30 DEBUG [main] o.h.orm.model.mapping.creation - Starting PostInitCallbackEntry : PluralAttributeMapping(ru.bmstu.iu7.impl.model.ExtendedAnswer.tags) - key descriptor
2025-08-25 22:02:30 DEBUG [main] o.h.orm.model.mapping.creation - Starting PostInitCallbackEntry : Entity(ru.bmstu.iu7.impl.model.ExtendedAnswer) `staticFetchableList` generator
2025-08-25 22:02:30 DEBUG [main] o.h.orm.model.mapping.creation - Starting PostInitCallbackEntry : PluralAttributeMapping( NavigableRole[ru.bmstu.iu7.impl.model.Question.tags#{element}]) - element descriptor
2025-08-25 22:02:30 DEBUG [main] o.h.orm.model.mapping.creation - Starting PostInitCallbackEntry : PluralAttributeMapping(ru.bmstu.iu7.impl.model.Question.tags)#finishInitialization
2025-08-25 22:02:30 DEBUG [main] o.h.orm.model.mapping.creation - Starting PostInitCallbackEntry : PluralAttributeMapping(ru.bmstu.iu7.impl.model.Question.tags) - key descriptor
2025-08-25 22:02:30 DEBUG [main] o.h.orm.model.mapping.creation - Starting PostInitCallbackEntry : Entity(ru.bmstu.iu7.impl.model.Question) `staticFetchableList` generator
2025-08-25 22:02:30 DEBUG [main] o.h.orm.model.mapping.creation - Starting PostInitCallbackEntry : Entity(ru.bmstu.iu7.impl.model.Tag) `staticFetchableList` generator
2025-08-25 22:02:30 DEBUG [main] o.h.orm.model.mapping.creation - Starting PostInitCallbackEntry : PluralAttributeMapping( NavigableRole[ru.bmstu.iu7.impl.model.Information.extended_answers#{element}]) - element descriptor
2025-08-25 22:02:30 DEBUG [main] o.h.orm.model.mapping.creation - Starting PostInitCallbackEntry : PluralAttributeMapping(ru.bmstu.iu7.impl.model.Information.extended_answers)#finishInitialization
2025-08-25 22:02:30 DEBUG [main] o.h.orm.model.mapping.creation - Starting PostInitCallbackEntry : PluralAttributeMapping(ru.bmstu.iu7.impl.model.Information.extended_answers) - key descriptor
2025-08-25 22:02:30 DEBUG [main] o.h.orm.model.mapping.creation - Starting PostInitCallbackEntry : PluralAttributeMapping( NavigableRole[ru.bmstu.iu7.impl.model.Information.variant_answers#{element}]) - element descriptor
2025-08-25 22:02:30 DEBUG [main] o.h.orm.model.mapping.creation - Starting PostInitCallbackEntry : PluralAttributeMapping(ru.bmstu.iu7.impl.model.Information.variant_answers)#finishInitialization
2025-08-25 22:02:30 DEBUG [main] o.h.orm.model.mapping.creation - Starting PostInitCallbackEntry : PluralAttributeMapping(ru.bmstu.iu7.impl.model.Information.variant_answers) - key descriptor
2025-08-25 22:02:30 DEBUG [main] o.h.orm.model.mapping.creation - Starting PostInitCallbackEntry : Entity(ru.bmstu.iu7.impl.model.Information) `staticFetchableList` generator
2025-08-25 22:02:30 DEBUG [main] org.hibernate.orm.sql.ast.create - Created new SQL alias : rc1_0
2025-08-25 22:02:30 DEBUG [main] org.hibernate.orm.sql.ast.create - Registration of TableGroup [StandardTableGroup(ru.bmstu.iu7.impl.model.ReqCache)] with identifierForTableGroup [ru.bmstu.iu7.impl.model.ReqCache] for NavigablePath [ru.bmstu.iu7.impl.model.ReqCache] 
2025-08-25 22:02:30 DEBUG [main] org.hibernate.orm.sql.ast.create - Registration of TableGroup [org.hibernate.sql.ast.tree.from.LazyTableGroup@15c96f24] with identifierForTableGroup [ru.bmstu.iu7.impl.model.ReqCache.questionnaire1] for NavigablePath [ru.bmstu.iu7.impl.model.ReqCache.questionnaire1] 
2025-08-25 22:02:30 DEBUG [main] org.hibernate.orm.sql.ast.create - Created new SQL alias : q1_0
2025-08-25 22:02:30 DEBUG [main] org.hibernate.orm.sql.ast.create - Registration of TableGroup [org.hibernate.sql.ast.tree.from.LazyTableGroup@36e98434] with identifierForTableGroup [ru.bmstu.iu7.impl.model.ReqCache.questionnaire1.information] for NavigablePath [ru.bmstu.iu7.impl.model.ReqCache.questionnaire1.information] 
2025-08-25 22:02:30 DEBUG [main] org.hibernate.orm.sql.ast.create - Created new SQL alias : i1_0
2025-08-25 22:02:30 DEBUG [main] org.hibernate.orm.sql.ast.create - Created new SQL alias : e1_0
2025-08-25 22:02:30 DEBUG [main] org.hibernate.orm.sql.ast.create - Registration of TableGroup [CollectionTableGroup(ru.bmstu.iu7.impl.model.ReqCache.questionnaire1.information.extended_answers)] with identifierForTableGroup [ru.bmstu.iu7.impl.model.ReqCache.questionnaire1.information.extended_answers] for NavigablePath [ru.bmstu.iu7.impl.model.ReqCache.questionnaire1.information.extended_answers] 
2025-08-25 22:02:30 DEBUG [main] org.hibernate.orm.sql.ast.create - Registration of TableGroup [org.hibernate.sql.ast.tree.from.LazyTableGroup@4c05f83b] with identifierForTableGroup [ru.bmstu.iu7.impl.model.ReqCache.questionnaire1.information.extended_answers.{element}] for NavigablePath [ru.bmstu.iu7.impl.model.ReqCache.questionnaire1.information.extended_answers.{element}] 
2025-08-25 22:02:30 DEBUG [main] org.hibernate.orm.sql.ast.create - Created new SQL alias : e1_1
2025-08-25 22:02:30 DEBUG [main] org.hibernate.orm.sql.ast.create - Registration of TableGroup [org.hibernate.sql.ast.tree.from.LazyTableGroup@15a41088] with identifierForTableGroup [ru.bmstu.iu7.impl.model.ReqCache.questionnaire1.information.extended_answers.{element}.question] for NavigablePath [ru.bmstu.iu7.impl.model.ReqCache.questionnaire1.information.extended_answers.{element}.question] 
2025-08-25 22:02:30 DEBUG [main] org.hibernate.orm.sql.ast.create - Created new SQL alias : q2_0
2025-08-25 22:02:30 DEBUG [main] org.hibernate.orm.sql.ast.create - Registration of TableGroup [org.hibernate.sql.ast.tree.from.LazyTableGroup@2de82bf8] with identifierForTableGroup [ru.bmstu.iu7.impl.model.ReqCache.questionnaire1.search_information] for NavigablePath [ru.bmstu.iu7.impl.model.ReqCache.questionnaire1.search_information] 
2025-08-25 22:02:30 DEBUG [main] org.hibernate.orm.sql.ast.create - Created new SQL alias : s1_0
2025-08-25 22:02:30 DEBUG [main] org.hibernate.orm.sql.ast.create - Registration of TableGroup [org.hibernate.sql.ast.tree.from.LazyTableGroup@7804a783] with identifierForTableGroup [ru.bmstu.iu7.impl.model.ReqCache.questionnaire1.user] for NavigablePath [ru.bmstu.iu7.impl.model.ReqCache.questionnaire1.user] 
2025-08-25 22:02:30 DEBUG [main] org.hibernate.orm.sql.ast.create - Created new SQL alias : u1_0
2025-08-25 22:02:30 DEBUG [main] org.hibernate.orm.sql.ast.create - Registration of TableGroup [org.hibernate.sql.ast.tree.from.LazyTableGroup@54ec8ab3] with identifierForTableGroup [ru.bmstu.iu7.impl.model.ReqCache.questionnaire2] for NavigablePath [ru.bmstu.iu7.impl.model.ReqCache.questionnaire2] 
2025-08-25 22:02:30 DEBUG [main] org.hibernate.orm.sql.ast.create - Created new SQL alias : q3_0
2025-08-25 22:02:30 DEBUG [main] org.hibernate.orm.sql.ast.create - Registration of TableGroup [org.hibernate.sql.ast.tree.from.LazyTableGroup@71b32407] with identifierForTableGroup [ru.bmstu.iu7.impl.model.ReqCache.questionnaire2.information] for NavigablePath [ru.bmstu.iu7.impl.model.ReqCache.questionnaire2.information] 
2025-08-25 22:02:30 DEBUG [main] org.hibernate.orm.sql.ast.create - Created new SQL alias : i2_0
2025-08-25 22:02:30 DEBUG [main] org.hibernate.orm.sql.ast.create - Registration of TableGroup [org.hibernate.sql.ast.tree.from.LazyTableGroup@1d686622] with identifierForTableGroup [ru.bmstu.iu7.impl.model.ReqCache.questionnaire2.search_information] for NavigablePath [ru.bmstu.iu7.impl.model.ReqCache.questionnaire2.search_information] 
2025-08-25 22:02:30 DEBUG [main] org.hibernate.orm.sql.ast.create - Created new SQL alias : s2_0
2025-08-25 22:02:30 DEBUG [main] org.hibernate.orm.sql.ast.create - Registration of TableGroup [org.hibernate.sql.ast.tree.from.LazyTableGroup@400df2b3] with identifierForTableGroup [ru.bmstu.iu7.impl.model.ReqCache.questionnaire2.user] for NavigablePath [ru.bmstu.iu7.impl.model.ReqCache.questionnaire2.user] 
2025-08-25 22:02:30 DEBUG [main] org.hibernate.orm.sql.ast.create - Created new SQL alias : u2_0
2025-08-25 22:02:30 DEBUG [main] org.hibernate.orm.results.graph.AST - DomainResult Graph:
 \-EntityResultImpl [ru.bmstu.iu7.impl.model.ReqCache]
 |  +-BasicFetch [ru.bmstu.iu7.impl.model.ReqCache.Factor]
 |  +-EntityFetchJoinedImpl [ru.bmstu.iu7.impl.model.ReqCache.questionnaire1]
 |  |  +-SelectEagerCollectionFetch [ru.bmstu.iu7.impl.model.ReqCache.questionnaire1.black_list]
 |  |  +-BasicFetch [ru.bmstu.iu7.impl.model.ReqCache.questionnaire1.censored]
 |  |  +-SelectEagerCollectionFetch [ru.bmstu.iu7.impl.model.ReqCache.questionnaire1.fav_list]
 |  |  +-EntityFetchJoinedImpl [ru.bmstu.iu7.impl.model.ReqCache.questionnaire1.information]
 |  |  |  +-EagerCollectionFetch [ru.bmstu.iu7.impl.model.ReqCache.questionnaire1.information.extended_answers]
 |  |  |  |  \-EntityFetchJoinedImpl [ru.bmstu.iu7.impl.model.ReqCache.questionnaire1.information.extended_answers.{element}]
 |  |  |  |  |  +-BasicFetch [ru.bmstu.iu7.impl.model.ReqCache.questionnaire1.information.extended_answers.{element}.answer]
 |  |  |  |  |  +-EntityFetchJoinedImpl [ru.bmstu.iu7.impl.model.ReqCache.questionnaire1.information.extended_answers.{element}.question]
 |  |  |  |  |  |  +-BasicFetch [ru.bmstu.iu7.impl.model.ReqCache.questionnaire1.information.extended_answers.{element}.question.is_extended]
 |  |  |  |  |  |  +-BasicFetch [ru.bmstu.iu7.impl.model.ReqCache.questionnaire1.information.extended_answers.{element}.question.question]
 |  |  |  |  |  |  \-SelectEagerCollectionFetch [ru.bmstu.iu7.impl.model.ReqCache.questionnaire1.information.extended_answers.{element}.question.tags]
 |  |  |  |  |  +-SelectEagerCollectionFetch [ru.bmstu.iu7.impl.model.ReqCache.questionnaire1.information.extended_answers.{element}.tags]
 |  |  |  |  |  \-BasicFetch [ru.bmstu.iu7.impl.model.ReqCache.questionnaire1.information.extended_answers.{element}.weight]
 |  |  |  \-SelectEagerCollectionFetch [ru.bmstu.iu7.impl.model.ReqCache.questionnaire1.information.variant_answers]
 |  |  +-EntityFetchJoinedImpl [ru.bmstu.iu7.impl.model.ReqCache.questionnaire1.search_information]
 |  |  |  +-SelectEagerCollectionFetch [ru.bmstu.iu7.impl.model.ReqCache.questionnaire1.search_information.extended_answers]
 |  |  |  \-SelectEagerCollectionFetch [ru.bmstu.iu7.impl.model.ReqCache.questionnaire1.search_information.variant_answers]
 |  |  \-EntityFetchJoinedImpl [ru.bmstu.iu7.impl.model.ReqCache.questionnaire1.user]
 |  |  |  +-BasicFetch [ru.bmstu.iu7.impl.model.ReqCache.questionnaire1.user.age]
 |  |  |  +-BasicFetch [ru.bmstu.iu7.impl.model.ReqCache.questionnaire1.user.gender]
 |  |  |  +-BasicFetch [ru.bmstu.iu7.impl.model.ReqCache.questionnaire1.user.name]
 |  |  |  +-BasicFetch [ru.bmstu.iu7.impl.model.ReqCache.questionnaire1.user.password]
 |  |  |  \-BasicFetch [ru.bmstu.iu7.impl.model.ReqCache.questionnaire1.user.role]
 |  \-EntityFetchJoinedImpl [ru.bmstu.iu7.impl.model.ReqCache.questionnaire2]
 |  |  +-SelectEagerCollectionFetch [ru.bmstu.iu7.impl.model.ReqCache.questionnaire2.black_list]
 |  |  +-BasicFetch [ru.bmstu.iu7.impl.model.ReqCache.questionnaire2.censored]
 |  |  +-SelectEagerCollectionFetch [ru.bmstu.iu7.impl.model.ReqCache.questionnaire2.fav_list]
 |  |  +-EntityFetchJoinedImpl [ru.bmstu.iu7.impl.model.ReqCache.questionnaire2.information]
 |  |  |  +-SelectEagerCollectionFetch [ru.bmstu.iu7.impl.model.ReqCache.questionnaire2.information.extended_answers]
 |  |  |  \-SelectEagerCollectionFetch [ru.bmstu.iu7.impl.model.ReqCache.questionnaire2.information.variant_answers]
 |  |  +-EntityFetchJoinedImpl [ru.bmstu.iu7.impl.model.ReqCache.questionnaire2.search_information]
 |  |  |  +-SelectEagerCollectionFetch [ru.bmstu.iu7.impl.model.ReqCache.questionnaire2.search_information.extended_answers]
 |  |  |  \-SelectEagerCollectionFetch [ru.bmstu.iu7.impl.model.ReqCache.questionnaire2.search_information.variant_answers]
 |  |  \-EntityFetchJoinedImpl [ru.bmstu.iu7.impl.model.ReqCache.questionnaire2.user]
 |  |  |  +-BasicFetch [ru.bmstu.iu7.impl.model.ReqCache.questionnaire2.user.age]
 |  |  |  +-BasicFetch [ru.bmstu.iu7.impl.model.ReqCache.questionnaire2.user.gender]
 |  |  |  +-BasicFetch [ru.bmstu.iu7.impl.model.ReqCache.questionnaire2.user.name]
 |  |  |  +-BasicFetch [ru.bmstu.iu7.impl.model.ReqCache.questionnaire2.user.password]
 |  |  |  \-BasicFetch [ru.bmstu.iu7.impl.model.ReqCache.questionnaire2.user.role]

2025-08-25 22:02:30 DEBUG [main] org.hibernate.orm.sql.ast.tree - SQL AST Tree:
    SelectStatement {
      FromClause {
        StandardTableGroup (rc1 : ru.bmstu.iu7.impl.model.ReqCache) {
          primaryTableReference : req_cache as rc1_0
          TableGroupJoins {
            left  join LazyTableGroup (q1 : ru.bmstu.iu7.impl.model.ReqCache.questionnaire1) {
              primaryTableReference : questionnaire as q1_0
              TableGroupJoins {
                left  join LazyTableGroup (i1 : ru.bmstu.iu7.impl.model.ReqCache.questionnaire1.information) {
                  primaryTableReference : information as i1_0
                  TableGroupJoins {
                    left  join CollectionTableGroup (e1 : ru.bmstu.iu7.impl.model.ReqCache.questionnaire1.information.extended_answers) {
                      primaryTableReference : information_extended_answers as e1_0
                      TableGroupJoins {
                        left  join LazyTableGroup (e1 : ru.bmstu.iu7.impl.model.ReqCache.questionnaire1.information.extended_answers.{element}) {
                          primaryTableReference : extended_answer as e1_1
                          TableGroupJoins {
                            left  join LazyTableGroup (q2 : ru.bmstu.iu7.impl.model.ReqCache.questionnaire1.information.extended_answers.{element}.question) {
                              primaryTableReference : question as q2_0
                            }
                          }
                        }
                      }
                    }
                  }
                }
                left  join LazyTableGroup (s1 : ru.bmstu.iu7.impl.model.ReqCache.questionnaire1.search_information) {
                  primaryTableReference : information as s1_0
                }
                left  join LazyTableGroup (u1 : ru.bmstu.iu7.impl.model.ReqCache.questionnaire1.user) {
                  primaryTableReference : users as u1_0
                }
              }
            }
            left  join LazyTableGroup (q3 : ru.bmstu.iu7.impl.model.ReqCache.questionnaire2) {
              primaryTableReference : questionnaire as q3_0
              TableGroupJoins {
                left  join LazyTableGroup (i2 : ru.bmstu.iu7.impl.model.ReqCache.questionnaire2.information) {
                  primaryTableReference : information as i2_0
                }
                left  join LazyTableGroup (s2 : ru.bmstu.iu7.impl.model.ReqCache.questionnaire2.search_information) {
                  primaryTableReference : information as s2_0
                }
                left  join LazyTableGroup (u2 : ru.bmstu.iu7.impl.model.ReqCache.questionnaire2.user) {
                  primaryTableReference : users as u2_0
                }
              }
            }
          }
        }
      }
    }

2025-08-25 22:02:30 DEBUG [main] o.h.p.entity.AbstractEntityPersister - Static SQL for entity: ru.bmstu.iu7.impl.model.ReqCache
2025-08-25 22:02:30 DEBUG [main] o.h.p.entity.AbstractEntityPersister -  Version select: select id from req_cache where id=?
2025-08-25 22:02:30 DEBUG [main] o.h.p.entity.AbstractEntityPersister -  Insert (0): insert into req_cache (factor,questionnaire1_id,questionnaire2_id) values (?,?,?)
2025-08-25 22:02:30 DEBUG [main] o.h.p.entity.AbstractEntityPersister -  Update (0): update req_cache set factor=?,questionnaire1_id=?,questionnaire2_id=? where id=?
2025-08-25 22:02:30 DEBUG [main] o.h.p.entity.AbstractEntityPersister -  Delete (0): delete from req_cache where id=?
2025-08-25 22:02:30 DEBUG [main] org.hibernate.orm.sql.ast.create - Created new SQL alias : u1_0
2025-08-25 22:02:30 DEBUG [main] org.hibernate.orm.sql.ast.create - Registration of TableGroup [StandardTableGroup(ru.bmstu.iu7.impl.model.User)] with identifierForTableGroup [ru.bmstu.iu7.impl.model.User] for NavigablePath [ru.bmstu.iu7.impl.model.User] 
2025-08-25 22:02:30 DEBUG [main] org.hibernate.orm.results.graph.AST - DomainResult Graph:
 \-EntityResultImpl [ru.bmstu.iu7.impl.model.User]
 |  +-BasicFetch [ru.bmstu.iu7.impl.model.User.age]
 |  +-BasicFetch [ru.bmstu.iu7.impl.model.User.gender]
 |  +-BasicFetch [ru.bmstu.iu7.impl.model.User.name]
 |  +-BasicFetch [ru.bmstu.iu7.impl.model.User.password]
 |  \-BasicFetch [ru.bmstu.iu7.impl.model.User.role]

2025-08-25 22:02:30 DEBUG [main] org.hibernate.orm.sql.ast.tree - SQL AST Tree:
    SelectStatement {
      FromClause {
        StandardTableGroup (u1 : ru.bmstu.iu7.impl.model.User) {
          primaryTableReference : users as u1_0
        }
      }
    }

2025-08-25 22:02:30 DEBUG [main] o.h.p.entity.AbstractEntityPersister - Static SQL for entity: ru.bmstu.iu7.impl.model.User
2025-08-25 22:02:30 DEBUG [main] o.h.p.entity.AbstractEntityPersister -  Version select: select id from users where id=?
2025-08-25 22:02:30 DEBUG [main] o.h.p.entity.AbstractEntityPersister -  Insert (0): insert into users (age,gender,name,password,role) values (?,?,?,?,?)
2025-08-25 22:02:30 DEBUG [main] o.h.p.entity.AbstractEntityPersister -  Update (0): update users set age=?,gender=?,name=?,password=?,role=? where id=?
2025-08-25 22:02:30 DEBUG [main] o.h.p.entity.AbstractEntityPersister -  Delete (0): delete from users where id=?
2025-08-25 22:02:30 DEBUG [main] org.hibernate.orm.sql.ast.create - Created new SQL alias : va1_0
2025-08-25 22:02:30 DEBUG [main] org.hibernate.orm.sql.ast.create - Registration of TableGroup [StandardTableGroup(ru.bmstu.iu7.impl.model.VariantAnswer)] with identifierForTableGroup [ru.bmstu.iu7.impl.model.VariantAnswer] for NavigablePath [ru.bmstu.iu7.impl.model.VariantAnswer] 
2025-08-25 22:02:30 DEBUG [main] org.hibernate.orm.sql.ast.create - Registration of TableGroup [org.hibernate.sql.ast.tree.from.LazyTableGroup@6d01f2e5] with identifierForTableGroup [ru.bmstu.iu7.impl.model.VariantAnswer.question] for NavigablePath [ru.bmstu.iu7.impl.model.VariantAnswer.question] 
2025-08-25 22:02:30 DEBUG [main] org.hibernate.orm.sql.ast.create - Created new SQL alias : q1_0
2025-08-25 22:02:30 DEBUG [main] org.hibernate.orm.sql.ast.create - Created new SQL alias : t1_0
2025-08-25 22:02:30 DEBUG [main] org.hibernate.orm.sql.ast.create - Registration of TableGroup [CollectionTableGroup(ru.bmstu.iu7.impl.model.VariantAnswer.question.tags)] with identifierForTableGroup [ru.bmstu.iu7.impl.model.VariantAnswer.question.tags] for NavigablePath [ru.bmstu.iu7.impl.model.VariantAnswer.question.tags] 
2025-08-25 22:02:30 DEBUG [main] org.hibernate.orm.sql.ast.create - Registration of TableGroup [org.hibernate.sql.ast.tree.from.LazyTableGroup@66e434e8] with identifierForTableGroup [ru.bmstu.iu7.impl.model.VariantAnswer.question.tags.{element}] for NavigablePath [ru.bmstu.iu7.impl.model.VariantAnswer.question.tags.{element}] 
2025-08-25 22:02:30 DEBUG [main] org.hibernate.orm.sql.ast.create - Created new SQL alias : t1_1
2025-08-25 22:02:30 DEBUG [main] org.hibernate.orm.sql.ast.create - Registration of TableGroup [org.hibernate.sql.ast.tree.from.LazyTableGroup@3a7d6976] with identifierForTableGroup [ru.bmstu.iu7.impl.model.VariantAnswer.tag] for NavigablePath [ru.bmstu.iu7.impl.model.VariantAnswer.tag] 
2025-08-25 22:02:30 DEBUG [main] org.hibernate.orm.sql.ast.create - Created new SQL alias : t2_0
2025-08-25 22:02:30 DEBUG [main] org.hibernate.orm.results.graph.AST - DomainResult Graph:
 \-EntityResultImpl [ru.bmstu.iu7.impl.model.VariantAnswer]
 |  +-EntityFetchJoinedImpl [ru.bmstu.iu7.impl.model.VariantAnswer.question]
 |  |  +-BasicFetch [ru.bmstu.iu7.impl.model.VariantAnswer.question.is_extended]
 |  |  +-BasicFetch [ru.bmstu.iu7.impl.model.VariantAnswer.question.question]
 |  |  \-EagerCollectionFetch [ru.bmstu.iu7.impl.model.VariantAnswer.question.tags]
 |  |  |  \-EntityFetchJoinedImpl [ru.bmstu.iu7.impl.model.VariantAnswer.question.tags.{element}]
 |  |  |  |  \-BasicFetch [ru.bmstu.iu7.impl.model.VariantAnswer.question.tags.{element}.name]
 |  +-EntityFetchJoinedImpl [ru.bmstu.iu7.impl.model.VariantAnswer.tag]
 |  |  \-BasicFetch [ru.bmstu.iu7.impl.model.VariantAnswer.tag.name]
 |  \-BasicFetch [ru.bmstu.iu7.impl.model.VariantAnswer.weight]

2025-08-25 22:02:30 DEBUG [main] org.hibernate.orm.sql.ast.tree - SQL AST Tree:
    SelectStatement {
      FromClause {
        StandardTableGroup (va1 : ru.bmstu.iu7.impl.model.VariantAnswer) {
          primaryTableReference : variant_answer as va1_0
          TableGroupJoins {
            left  join LazyTableGroup (q1 : ru.bmstu.iu7.impl.model.VariantAnswer.question) {
              primaryTableReference : question as q1_0
              TableGroupJoins {
                left  join CollectionTableGroup (t1 : ru.bmstu.iu7.impl.model.VariantAnswer.question.tags) {
                  primaryTableReference : question_tags as t1_0
                  TableGroupJoins {
                    left  join LazyTableGroup (t1 : ru.bmstu.iu7.impl.model.VariantAnswer.question.tags.{element}) {
                      primaryTableReference : tag as t1_1
                    }
                  }
                }
              }
            }
            left  join LazyTableGroup (t2 : ru.bmstu.iu7.impl.model.VariantAnswer.tag) {
              primaryTableReference : tag as t2_0
            }
          }
        }
      }
    }

2025-08-25 22:02:30 DEBUG [main] o.h.p.entity.AbstractEntityPersister - Static SQL for entity: ru.bmstu.iu7.impl.model.VariantAnswer
2025-08-25 22:02:30 DEBUG [main] o.h.p.entity.AbstractEntityPersister -  Version select: select id from variant_answer where id=?
2025-08-25 22:02:30 DEBUG [main] o.h.p.entity.AbstractEntityPersister -  Insert (0): insert into variant_answer (question_id,tag_id,weight) values (?,?,?)
2025-08-25 22:02:30 DEBUG [main] o.h.p.entity.AbstractEntityPersister -  Update (0): update variant_answer set question_id=?,tag_id=?,weight=? where id=?
2025-08-25 22:02:30 DEBUG [main] o.h.p.entity.AbstractEntityPersister -  Delete (0): delete from variant_answer where id=?
2025-08-25 22:02:30 DEBUG [main] org.hibernate.orm.sql.ast.create - Created new SQL alias : q1_0
2025-08-25 22:02:30 DEBUG [main] org.hibernate.orm.sql.ast.create - Registration of TableGroup [StandardTableGroup(ru.bmstu.iu7.impl.model.Questionnaire)] with identifierForTableGroup [ru.bmstu.iu7.impl.model.Questionnaire] for NavigablePath [ru.bmstu.iu7.impl.model.Questionnaire] 
2025-08-25 22:02:30 DEBUG [main] org.hibernate.orm.sql.ast.create - Registration of TableGroup [org.hibernate.sql.ast.tree.from.LazyTableGroup@55300b93] with identifierForTableGroup [ru.bmstu.iu7.impl.model.Questionnaire.information] for NavigablePath [ru.bmstu.iu7.impl.model.Questionnaire.information] 
2025-08-25 22:02:30 DEBUG [main] org.hibernate.orm.sql.ast.create - Created new SQL alias : i1_0
2025-08-25 22:02:30 DEBUG [main] org.hibernate.orm.sql.ast.create - Created new SQL alias : e1_0
2025-08-25 22:02:30 DEBUG [main] org.hibernate.orm.sql.ast.create - Registration of TableGroup [CollectionTableGroup(ru.bmstu.iu7.impl.model.Questionnaire.information.extended_answers)] with identifierForTableGroup [ru.bmstu.iu7.impl.model.Questionnaire.information.extended_answers] for NavigablePath [ru.bmstu.iu7.impl.model.Questionnaire.information.extended_answers] 
2025-08-25 22:02:30 DEBUG [main] org.hibernate.orm.sql.ast.create - Registration of TableGroup [org.hibernate.sql.ast.tree.from.LazyTableGroup@123426a9] with identifierForTableGroup [ru.bmstu.iu7.impl.model.Questionnaire.information.extended_answers.{element}] for NavigablePath [ru.bmstu.iu7.impl.model.Questionnaire.information.extended_answers.{element}] 
2025-08-25 22:02:30 DEBUG [main] org.hibernate.orm.sql.ast.create - Created new SQL alias : e1_1
2025-08-25 22:02:30 DEBUG [main] org.hibernate.orm.sql.ast.create - Registration of TableGroup [org.hibernate.sql.ast.tree.from.LazyTableGroup@4353db40] with identifierForTableGroup [ru.bmstu.iu7.impl.model.Questionnaire.information.extended_answers.{element}.question] for NavigablePath [ru.bmstu.iu7.impl.model.Questionnaire.information.extended_answers.{element}.question] 
2025-08-25 22:02:30 DEBUG [main] org.hibernate.orm.sql.ast.create - Created new SQL alias : q2_0
2025-08-25 22:02:30 DEBUG [main] org.hibernate.orm.sql.ast.create - Registration of TableGroup [org.hibernate.sql.ast.tree.from.LazyTableGroup@56887c8f] with identifierForTableGroup [ru.bmstu.iu7.impl.model.Questionnaire.search_information] for NavigablePath [ru.bmstu.iu7.impl.model.Questionnaire.search_information] 
2025-08-25 22:02:30 DEBUG [main] org.hibernate.orm.sql.ast.create - Created new SQL alias : s1_0
2025-08-25 22:02:30 DEBUG [main] org.hibernate.orm.sql.ast.create - Registration of TableGroup [org.hibernate.sql.ast.tree.from.LazyTableGroup@3b1895e] with identifierForTableGroup [ru.bmstu.iu7.impl.model.Questionnaire.user] for NavigablePath [ru.bmstu.iu7.impl.model.Questionnaire.user] 
2025-08-25 22:02:30 DEBUG [main] org.hibernate.orm.sql.ast.create - Created new SQL alias : u1_0
2025-08-25 22:02:30 DEBUG [main] org.hibernate.orm.results.graph.AST - DomainResult Graph:
 \-EntityResultImpl [ru.bmstu.iu7.impl.model.Questionnaire]
 |  +-SelectEagerCollectionFetch [ru.bmstu.iu7.impl.model.Questionnaire.black_list]
 |  +-BasicFetch [ru.bmstu.iu7.impl.model.Questionnaire.censored]
 |  +-SelectEagerCollectionFetch [ru.bmstu.iu7.impl.model.Questionnaire.fav_list]
 |  +-EntityFetchJoinedImpl [ru.bmstu.iu7.impl.model.Questionnaire.information]
 |  |  +-EagerCollectionFetch [ru.bmstu.iu7.impl.model.Questionnaire.information.extended_answers]
 |  |  |  \-EntityFetchJoinedImpl [ru.bmstu.iu7.impl.model.Questionnaire.information.extended_answers.{element}]
 |  |  |  |  +-BasicFetch [ru.bmstu.iu7.impl.model.Questionnaire.information.extended_answers.{element}.answer]
 |  |  |  |  +-EntityFetchJoinedImpl [ru.bmstu.iu7.impl.model.Questionnaire.information.extended_answers.{element}.question]
 |  |  |  |  |  +-BasicFetch [ru.bmstu.iu7.impl.model.Questionnaire.information.extended_answers.{element}.question.is_extended]
 |  |  |  |  |  +-BasicFetch [ru.bmstu.iu7.impl.model.Questionnaire.information.extended_answers.{element}.question.question]
 |  |  |  |  |  \-SelectEagerCollectionFetch [ru.bmstu.iu7.impl.model.Questionnaire.information.extended_answers.{element}.question.tags]
 |  |  |  |  +-SelectEagerCollectionFetch [ru.bmstu.iu7.impl.model.Questionnaire.information.extended_answers.{element}.tags]
 |  |  |  |  \-BasicFetch [ru.bmstu.iu7.impl.model.Questionnaire.information.extended_answers.{element}.weight]
 |  |  \-SelectEagerCollectionFetch [ru.bmstu.iu7.impl.model.Questionnaire.information.variant_answers]
 |  +-EntityFetchJoinedImpl [ru.bmstu.iu7.impl.model.Questionnaire.search_information]
 |  |  +-SelectEagerCollectionFetch [ru.bmstu.iu7.impl.model.Questionnaire.search_information.extended_answers]
 |  |  \-SelectEagerCollectionFetch [ru.bmstu.iu7.impl.model.Questionnaire.search_information.variant_answers]
 |  \-EntityFetchJoinedImpl [ru.bmstu.iu7.impl.model.Questionnaire.user]
 |  |  +-BasicFetch [ru.bmstu.iu7.impl.model.Questionnaire.user.age]
 |  |  +-BasicFetch [ru.bmstu.iu7.impl.model.Questionnaire.user.gender]
 |  |  +-BasicFetch [ru.bmstu.iu7.impl.model.Questionnaire.user.name]
 |  |  +-BasicFetch [ru.bmstu.iu7.impl.model.Questionnaire.user.password]
 |  |  \-BasicFetch [ru.bmstu.iu7.impl.model.Questionnaire.user.role]

2025-08-25 22:02:30 DEBUG [main] org.hibernate.orm.sql.ast.tree - SQL AST Tree:
    SelectStatement {
      FromClause {
        StandardTableGroup (q1 : ru.bmstu.iu7.impl.model.Questionnaire) {
          primaryTableReference : questionnaire as q1_0
          TableGroupJoins {
            left  join LazyTableGroup (i1 : ru.bmstu.iu7.impl.model.Questionnaire.information) {
              primaryTableReference : information as i1_0
              TableGroupJoins {
                left  join CollectionTableGroup (e1 : ru.bmstu.iu7.impl.model.Questionnaire.information.extended_answers) {
                  primaryTableReference : information_extended_answers as e1_0
                  TableGroupJoins {
                    left  join LazyTableGroup (e1 : ru.bmstu.iu7.impl.model.Questionnaire.information.extended_answers.{element}) {
                      primaryTableReference : extended_answer as e1_1
                      TableGroupJoins {
                        left  join LazyTableGroup (q2 : ru.bmstu.iu7.impl.model.Questionnaire.information.extended_answers.{element}.question) {
                          primaryTableReference : question as q2_0
                        }
                      }
                    }
                  }
                }
              }
            }
            left  join LazyTableGroup (s1 : ru.bmstu.iu7.impl.model.Questionnaire.search_information) {
              primaryTableReference : information as s1_0
            }
            left  join LazyTableGroup (u1 : ru.bmstu.iu7.impl.model.Questionnaire.user) {
              primaryTableReference : users as u1_0
            }
          }
        }
      }
    }

2025-08-25 22:02:30 DEBUG [main] o.h.p.entity.AbstractEntityPersister - Static SQL for entity: ru.bmstu.iu7.impl.model.Questionnaire
2025-08-25 22:02:30 DEBUG [main] o.h.p.entity.AbstractEntityPersister -  Version select: select id from questionnaire where id=?
2025-08-25 22:02:30 DEBUG [main] o.h.p.entity.AbstractEntityPersister -  Insert (0): insert into questionnaire (censored,information_id,search_information_id,user_id) values (?,?,?,?)
2025-08-25 22:02:30 DEBUG [main] o.h.p.entity.AbstractEntityPersister -  Update (0): update questionnaire set censored=?,information_id=?,search_information_id=?,user_id=? where id=?
2025-08-25 22:02:30 DEBUG [main] o.h.p.entity.AbstractEntityPersister -  Delete (0): delete from questionnaire where id=?
2025-08-25 22:02:30 DEBUG [main] org.hibernate.orm.sql.ast.create - Created new SQL alias : ea1_0
2025-08-25 22:02:30 DEBUG [main] org.hibernate.orm.sql.ast.create - Registration of TableGroup [StandardTableGroup(ru.bmstu.iu7.impl.model.ExtendedAnswer)] with identifierForTableGroup [ru.bmstu.iu7.impl.model.ExtendedAnswer] for NavigablePath [ru.bmstu.iu7.impl.model.ExtendedAnswer] 
2025-08-25 22:02:30 DEBUG [main] org.hibernate.orm.sql.ast.create - Registration of TableGroup [org.hibernate.sql.ast.tree.from.LazyTableGroup@6d57b264] with identifierForTableGroup [ru.bmstu.iu7.impl.model.ExtendedAnswer.question] for NavigablePath [ru.bmstu.iu7.impl.model.ExtendedAnswer.question] 
2025-08-25 22:02:30 DEBUG [main] org.hibernate.orm.sql.ast.create - Created new SQL alias : q1_0
2025-08-25 22:02:30 DEBUG [main] org.hibernate.orm.sql.ast.create - Created new SQL alias : t1_0
2025-08-25 22:02:30 DEBUG [main] org.hibernate.orm.sql.ast.create - Registration of TableGroup [CollectionTableGroup(ru.bmstu.iu7.impl.model.ExtendedAnswer.question.tags)] with identifierForTableGroup [ru.bmstu.iu7.impl.model.ExtendedAnswer.question.tags] for NavigablePath [ru.bmstu.iu7.impl.model.ExtendedAnswer.question.tags] 
2025-08-25 22:02:30 DEBUG [main] org.hibernate.orm.sql.ast.create - Registration of TableGroup [org.hibernate.sql.ast.tree.from.LazyTableGroup@782ed745] with identifierForTableGroup [ru.bmstu.iu7.impl.model.ExtendedAnswer.question.tags.{element}] for NavigablePath [ru.bmstu.iu7.impl.model.ExtendedAnswer.question.tags.{element}] 
2025-08-25 22:02:30 DEBUG [main] org.hibernate.orm.sql.ast.create - Created new SQL alias : t1_1
2025-08-25 22:02:30 DEBUG [main] org.hibernate.orm.results.graph.AST - DomainResult Graph:
 \-EntityResultImpl [ru.bmstu.iu7.impl.model.ExtendedAnswer]
 |  +-BasicFetch [ru.bmstu.iu7.impl.model.ExtendedAnswer.answer]
 |  +-EntityFetchJoinedImpl [ru.bmstu.iu7.impl.model.ExtendedAnswer.question]
 |  |  +-BasicFetch [ru.bmstu.iu7.impl.model.ExtendedAnswer.question.is_extended]
 |  |  +-BasicFetch [ru.bmstu.iu7.impl.model.ExtendedAnswer.question.question]
 |  |  \-EagerCollectionFetch [ru.bmstu.iu7.impl.model.ExtendedAnswer.question.tags]
 |  |  |  \-EntityFetchJoinedImpl [ru.bmstu.iu7.impl.model.ExtendedAnswer.question.tags.{element}]
 |  |  |  |  \-BasicFetch [ru.bmstu.iu7.impl.model.ExtendedAnswer.question.tags.{element}.name]
 |  +-SelectEagerCollectionFetch [ru.bmstu.iu7.impl.model.ExtendedAnswer.tags]
 |  \-BasicFetch [ru.bmstu.iu7.impl.model.ExtendedAnswer.weight]

2025-08-25 22:02:30 DEBUG [main] org.hibernate.orm.sql.ast.tree - SQL AST Tree:
    SelectStatement {
      FromClause {
        StandardTableGroup (ea1 : ru.bmstu.iu7.impl.model.ExtendedAnswer) {
          primaryTableReference : extended_answer as ea1_0
          TableGroupJoins {
            left  join LazyTableGroup (q1 : ru.bmstu.iu7.impl.model.ExtendedAnswer.question) {
              primaryTableReference : question as q1_0
              TableGroupJoins {
                left  join CollectionTableGroup (t1 : ru.bmstu.iu7.impl.model.ExtendedAnswer.question.tags) {
                  primaryTableReference : question_tags as t1_0
                  TableGroupJoins {
                    left  join LazyTableGroup (t1 : ru.bmstu.iu7.impl.model.ExtendedAnswer.question.tags.{element}) {
                      primaryTableReference : tag as t1_1
                    }
                  }
                }
              }
            }
          }
        }
      }
    }

2025-08-25 22:02:30 DEBUG [main] o.h.p.entity.AbstractEntityPersister - Static SQL for entity: ru.bmstu.iu7.impl.model.ExtendedAnswer
2025-08-25 22:02:30 DEBUG [main] o.h.p.entity.AbstractEntityPersister -  Version select: select id from extended_answer where id=?
2025-08-25 22:02:30 DEBUG [main] o.h.p.entity.AbstractEntityPersister -  Insert (0): insert into extended_answer (answer,question_id,weight) values (?,?,?)
2025-08-25 22:02:30 DEBUG [main] o.h.p.entity.AbstractEntityPersister -  Update (0): update extended_answer set answer=?,question_id=?,weight=? where id=?
2025-08-25 22:02:30 DEBUG [main] o.h.p.entity.AbstractEntityPersister -  Delete (0): delete from extended_answer where id=?
2025-08-25 22:02:30 DEBUG [main] org.hibernate.orm.sql.ast.create - Created new SQL alias : q1_0
2025-08-25 22:02:30 DEBUG [main] org.hibernate.orm.sql.ast.create - Registration of TableGroup [StandardTableGroup(ru.bmstu.iu7.impl.model.Question)] with identifierForTableGroup [ru.bmstu.iu7.impl.model.Question] for NavigablePath [ru.bmstu.iu7.impl.model.Question] 
2025-08-25 22:02:30 DEBUG [main] org.hibernate.orm.sql.ast.create - Created new SQL alias : t1_0
2025-08-25 22:02:30 DEBUG [main] org.hibernate.orm.sql.ast.create - Registration of TableGroup [CollectionTableGroup(ru.bmstu.iu7.impl.model.Question.tags)] with identifierForTableGroup [ru.bmstu.iu7.impl.model.Question.tags] for NavigablePath [ru.bmstu.iu7.impl.model.Question.tags] 
2025-08-25 22:02:30 DEBUG [main] org.hibernate.orm.sql.ast.create - Registration of TableGroup [org.hibernate.sql.ast.tree.from.LazyTableGroup@58c16efd] with identifierForTableGroup [ru.bmstu.iu7.impl.model.Question.tags.{element}] for NavigablePath [ru.bmstu.iu7.impl.model.Question.tags.{element}] 
2025-08-25 22:02:30 DEBUG [main] org.hibernate.orm.sql.ast.create - Created new SQL alias : t1_1
2025-08-25 22:02:30 DEBUG [main] org.hibernate.orm.results.graph.AST - DomainResult Graph:
 \-EntityResultImpl [ru.bmstu.iu7.impl.model.Question]
 |  +-BasicFetch [ru.bmstu.iu7.impl.model.Question.is_extended]
 |  +-BasicFetch [ru.bmstu.iu7.impl.model.Question.question]
 |  \-EagerCollectionFetch [ru.bmstu.iu7.impl.model.Question.tags]
 |  |  \-EntityFetchJoinedImpl [ru.bmstu.iu7.impl.model.Question.tags.{element}]
 |  |  |  \-BasicFetch [ru.bmstu.iu7.impl.model.Question.tags.{element}.name]

2025-08-25 22:02:30 DEBUG [main] org.hibernate.orm.sql.ast.tree - SQL AST Tree:
    SelectStatement {
      FromClause {
        StandardTableGroup (q1 : ru.bmstu.iu7.impl.model.Question) {
          primaryTableReference : question as q1_0
          TableGroupJoins {
            left  join CollectionTableGroup (t1 : ru.bmstu.iu7.impl.model.Question.tags) {
              primaryTableReference : question_tags as t1_0
              TableGroupJoins {
                left  join LazyTableGroup (t1 : ru.bmstu.iu7.impl.model.Question.tags.{element}) {
                  primaryTableReference : tag as t1_1
                }
              }
            }
          }
        }
      }
    }

2025-08-25 22:02:30 DEBUG [main] o.h.p.entity.AbstractEntityPersister - Static SQL for entity: ru.bmstu.iu7.impl.model.Question
2025-08-25 22:02:30 DEBUG [main] o.h.p.entity.AbstractEntityPersister -  Version select: select id from question where id=?
2025-08-25 22:02:30 DEBUG [main] o.h.p.entity.AbstractEntityPersister -  Insert (0): insert into question (is_extended,question) values (?,?)
2025-08-25 22:02:30 DEBUG [main] o.h.p.entity.AbstractEntityPersister -  Update (0): update question set is_extended=?,question=? where id=?
2025-08-25 22:02:30 DEBUG [main] o.h.p.entity.AbstractEntityPersister -  Delete (0): delete from question where id=?
2025-08-25 22:02:30 DEBUG [main] org.hibernate.orm.sql.ast.create - Created new SQL alias : t1_0
2025-08-25 22:02:30 DEBUG [main] org.hibernate.orm.sql.ast.create - Registration of TableGroup [StandardTableGroup(ru.bmstu.iu7.impl.model.Tag)] with identifierForTableGroup [ru.bmstu.iu7.impl.model.Tag] for NavigablePath [ru.bmstu.iu7.impl.model.Tag] 
2025-08-25 22:02:30 DEBUG [main] org.hibernate.orm.results.graph.AST - DomainResult Graph:
 \-EntityResultImpl [ru.bmstu.iu7.impl.model.Tag]
 |  \-BasicFetch [ru.bmstu.iu7.impl.model.Tag.name]

2025-08-25 22:02:30 DEBUG [main] org.hibernate.orm.sql.ast.tree - SQL AST Tree:
    SelectStatement {
      FromClause {
        StandardTableGroup (t1 : ru.bmstu.iu7.impl.model.Tag) {
          primaryTableReference : tag as t1_0
        }
      }
    }

2025-08-25 22:02:30 DEBUG [main] o.h.p.entity.AbstractEntityPersister - Static SQL for entity: ru.bmstu.iu7.impl.model.Tag
2025-08-25 22:02:30 DEBUG [main] o.h.p.entity.AbstractEntityPersister -  Version select: select id from tag where id=?
2025-08-25 22:02:30 DEBUG [main] o.h.p.entity.AbstractEntityPersister -  Insert (0): insert into tag (name) values (?)
2025-08-25 22:02:30 DEBUG [main] o.h.p.entity.AbstractEntityPersister -  Update (0): update tag set name=? where id=?
2025-08-25 22:02:30 DEBUG [main] o.h.p.entity.AbstractEntityPersister -  Delete (0): delete from tag where id=?
2025-08-25 22:02:30 DEBUG [main] org.hibernate.orm.sql.ast.create - Created new SQL alias : i1_0
2025-08-25 22:02:30 DEBUG [main] org.hibernate.orm.sql.ast.create - Registration of TableGroup [StandardTableGroup(ru.bmstu.iu7.impl.model.Information)] with identifierForTableGroup [ru.bmstu.iu7.impl.model.Information] for NavigablePath [ru.bmstu.iu7.impl.model.Information] 
2025-08-25 22:02:30 DEBUG [main] org.hibernate.orm.sql.ast.create - Created new SQL alias : e1_0
2025-08-25 22:02:30 DEBUG [main] org.hibernate.orm.sql.ast.create - Registration of TableGroup [CollectionTableGroup(ru.bmstu.iu7.impl.model.Information.extended_answers)] with identifierForTableGroup [ru.bmstu.iu7.impl.model.Information.extended_answers] for NavigablePath [ru.bmstu.iu7.impl.model.Information.extended_answers] 
2025-08-25 22:02:30 DEBUG [main] org.hibernate.orm.sql.ast.create - Registration of TableGroup [org.hibernate.sql.ast.tree.from.LazyTableGroup@23e3a27f] with identifierForTableGroup [ru.bmstu.iu7.impl.model.Information.extended_answers.{element}] for NavigablePath [ru.bmstu.iu7.impl.model.Information.extended_answers.{element}] 
2025-08-25 22:02:30 DEBUG [main] org.hibernate.orm.sql.ast.create - Created new SQL alias : e1_1
2025-08-25 22:02:30 DEBUG [main] org.hibernate.orm.sql.ast.create - Registration of TableGroup [org.hibernate.sql.ast.tree.from.LazyTableGroup@70869678] with identifierForTableGroup [ru.bmstu.iu7.impl.model.Information.extended_answers.{element}.question] for NavigablePath [ru.bmstu.iu7.impl.model.Information.extended_answers.{element}.question] 
2025-08-25 22:02:30 DEBUG [main] org.hibernate.orm.sql.ast.create - Created new SQL alias : q1_0
2025-08-25 22:02:30 DEBUG [main] org.hibernate.orm.results.graph.AST - DomainResult Graph:
 \-EntityResultImpl [ru.bmstu.iu7.impl.model.Information]
 |  +-EagerCollectionFetch [ru.bmstu.iu7.impl.model.Information.extended_answers]
 |  |  \-EntityFetchJoinedImpl [ru.bmstu.iu7.impl.model.Information.extended_answers.{element}]
 |  |  |  +-BasicFetch [ru.bmstu.iu7.impl.model.Information.extended_answers.{element}.answer]
 |  |  |  +-EntityFetchJoinedImpl [ru.bmstu.iu7.impl.model.Information.extended_answers.{element}.question]
 |  |  |  |  +-BasicFetch [ru.bmstu.iu7.impl.model.Information.extended_answers.{element}.question.is_extended]
 |  |  |  |  +-BasicFetch [ru.bmstu.iu7.impl.model.Information.extended_answers.{element}.question.question]
 |  |  |  |  \-SelectEagerCollectionFetch [ru.bmstu.iu7.impl.model.Information.extended_answers.{element}.question.tags]
 |  |  |  +-SelectEagerCollectionFetch [ru.bmstu.iu7.impl.model.Information.extended_answers.{element}.tags]
 |  |  |  \-BasicFetch [ru.bmstu.iu7.impl.model.Information.extended_answers.{element}.weight]
 |  \-SelectEagerCollectionFetch [ru.bmstu.iu7.impl.model.Information.variant_answers]

2025-08-25 22:02:30 DEBUG [main] org.hibernate.orm.sql.ast.tree - SQL AST Tree:
    SelectStatement {
      FromClause {
        StandardTableGroup (i1 : ru.bmstu.iu7.impl.model.Information) {
          primaryTableReference : information as i1_0
          TableGroupJoins {
            left  join CollectionTableGroup (e1 : ru.bmstu.iu7.impl.model.Information.extended_answers) {
              primaryTableReference : information_extended_answers as e1_0
              TableGroupJoins {
                left  join LazyTableGroup (e1 : ru.bmstu.iu7.impl.model.Information.extended_answers.{element}) {
                  primaryTableReference : extended_answer as e1_1
                  TableGroupJoins {
                    left  join LazyTableGroup (q1 : ru.bmstu.iu7.impl.model.Information.extended_answers.{element}.question) {
                      primaryTableReference : question as q1_0
                    }
                  }
                }
              }
            }
          }
        }
      }
    }

2025-08-25 22:02:30 DEBUG [main] o.h.p.entity.AbstractEntityPersister - Static SQL for entity: ru.bmstu.iu7.impl.model.Information
2025-08-25 22:02:30 DEBUG [main] o.h.p.entity.AbstractEntityPersister -  Version select: select id from information where id=?
2025-08-25 22:02:30 DEBUG [main] o.h.p.entity.AbstractEntityPersister -  Insert (0): insert into information default values
2025-08-25 22:02:30 DEBUG [main] o.h.p.entity.AbstractEntityPersister -  Delete (0): delete from information where id=?
2025-08-25 22:02:30 DEBUG [main] org.hibernate.orm.sql.ast.create - Created new SQL alias : v1_0
2025-08-25 22:02:30 DEBUG [main] org.hibernate.orm.sql.ast.create - Registration of TableGroup [CollectionTableGroup(ru.bmstu.iu7.impl.model.Information.variant_answers)] with identifierForTableGroup [ru.bmstu.iu7.impl.model.Information.variant_answers] for NavigablePath [ru.bmstu.iu7.impl.model.Information.variant_answers] 
2025-08-25 22:02:30 DEBUG [main] org.hibernate.orm.sql.ast.create - Registration of TableGroup [org.hibernate.sql.ast.tree.from.LazyTableGroup@4b45c8e4] with identifierForTableGroup [ru.bmstu.iu7.impl.model.Information.variant_answers.{element}] for NavigablePath [ru.bmstu.iu7.impl.model.Information.variant_answers.{element}] 
2025-08-25 22:02:30 DEBUG [main] org.hibernate.orm.sql.ast.create - Created new SQL alias : v1_1
2025-08-25 22:02:30 DEBUG [main] org.hibernate.orm.sql.ast.create - Registration of TableGroup [org.hibernate.sql.ast.tree.from.LazyTableGroup@5bfdabf3] with identifierForTableGroup [ru.bmstu.iu7.impl.model.Information.variant_answers.{element}.question] for NavigablePath [ru.bmstu.iu7.impl.model.Information.variant_answers.{element}.question] 
2025-08-25 22:02:30 DEBUG [main] org.hibernate.orm.sql.ast.create - Created new SQL alias : q1_0
2025-08-25 22:02:30 DEBUG [main] org.hibernate.orm.sql.ast.create - Registration of TableGroup [org.hibernate.sql.ast.tree.from.LazyTableGroup@400d1c30] with identifierForTableGroup [ru.bmstu.iu7.impl.model.Information.variant_answers.{element}.tag] for NavigablePath [ru.bmstu.iu7.impl.model.Information.variant_answers.{element}.tag] 
2025-08-25 22:02:30 DEBUG [main] org.hibernate.orm.sql.ast.create - Created new SQL alias : t1_0
2025-08-25 22:02:30 DEBUG [main] org.hibernate.orm.results.graph.AST - DomainResult Graph:
 \-CollectionDomainResult [ru.bmstu.iu7.impl.model.Information.variant_answers]

2025-08-25 22:02:30 DEBUG [main] org.hibernate.orm.sql.ast.tree - SQL AST Tree:
    SelectStatement {
      FromClause {
        CollectionTableGroup (v1 : ru.bmstu.iu7.impl.model.Information.variant_answers) {
          primaryTableReference : information_variant_answers as v1_0
          TableGroupJoins {
             join LazyTableGroup (v1 : ru.bmstu.iu7.impl.model.Information.variant_answers.{element}) {
              primaryTableReference : variant_answer as v1_1
              TableGroupJoins {
                left  join LazyTableGroup (q1 : ru.bmstu.iu7.impl.model.Information.variant_answers.{element}.question) {
                  primaryTableReference : question as q1_0
                }
                left  join LazyTableGroup (t1 : ru.bmstu.iu7.impl.model.Information.variant_answers.{element}.tag) {
                  primaryTableReference : tag as t1_0
                }
              }
            }
          }
        }
      }
    }

2025-08-25 22:02:30 DEBUG [main] org.hibernate.orm.jdbc.mutation - Static SQL for collection: ru.bmstu.iu7.impl.model.Information.variant_answers
2025-08-25 22:02:30 DEBUG [main] org.hibernate.orm.jdbc.mutation -  Row insert: insert into information_variant_answers (information_id,variant_answers_id) values (?,?)
2025-08-25 22:02:30 DEBUG [main] org.hibernate.orm.jdbc.mutation -  Row delete: delete from information_variant_answers where information_id=? and variant_answers_id=?
2025-08-25 22:02:30 DEBUG [main] org.hibernate.orm.jdbc.mutation -  One-shot delete: delete from information_variant_answers where information_id=?
2025-08-25 22:02:30 DEBUG [main] org.hibernate.orm.sql.ast.create - Created new SQL alias : b1_0
2025-08-25 22:02:30 DEBUG [main] org.hibernate.orm.sql.ast.create - Registration of TableGroup [CollectionTableGroup(ru.bmstu.iu7.impl.model.Questionnaire.black_list)] with identifierForTableGroup [ru.bmstu.iu7.impl.model.Questionnaire.black_list] for NavigablePath [ru.bmstu.iu7.impl.model.Questionnaire.black_list] 
2025-08-25 22:02:30 DEBUG [main] org.hibernate.orm.sql.ast.create - Registration of TableGroup [org.hibernate.sql.ast.tree.from.LazyTableGroup@628aea61] with identifierForTableGroup [ru.bmstu.iu7.impl.model.Questionnaire.black_list.{element}] for NavigablePath [ru.bmstu.iu7.impl.model.Questionnaire.black_list.{element}] 
2025-08-25 22:02:30 DEBUG [main] org.hibernate.orm.sql.ast.create - Created new SQL alias : b1_1
2025-08-25 22:02:30 DEBUG [main] org.hibernate.orm.sql.ast.create - Registration of TableGroup [org.hibernate.sql.ast.tree.from.LazyTableGroup@3606eee9] with identifierForTableGroup [ru.bmstu.iu7.impl.model.Questionnaire.black_list.{element}.information] for NavigablePath [ru.bmstu.iu7.impl.model.Questionnaire.black_list.{element}.information] 
2025-08-25 22:02:30 DEBUG [main] org.hibernate.orm.sql.ast.create - Created new SQL alias : i1_0
2025-08-25 22:02:30 DEBUG [main] org.hibernate.orm.sql.ast.create - Registration of TableGroup [org.hibernate.sql.ast.tree.from.LazyTableGroup@1e34840f] with identifierForTableGroup [ru.bmstu.iu7.impl.model.Questionnaire.black_list.{element}.search_information] for NavigablePath [ru.bmstu.iu7.impl.model.Questionnaire.black_list.{element}.search_information] 
2025-08-25 22:02:30 DEBUG [main] org.hibernate.orm.sql.ast.create - Created new SQL alias : s1_0
2025-08-25 22:02:30 DEBUG [main] org.hibernate.orm.sql.ast.create - Registration of TableGroup [org.hibernate.sql.ast.tree.from.LazyTableGroup@6792f2c6] with identifierForTableGroup [ru.bmstu.iu7.impl.model.Questionnaire.black_list.{element}.user] for NavigablePath [ru.bmstu.iu7.impl.model.Questionnaire.black_list.{element}.user] 
2025-08-25 22:02:30 DEBUG [main] org.hibernate.orm.sql.ast.create - Created new SQL alias : u1_0
2025-08-25 22:02:30 DEBUG [main] org.hibernate.orm.results.graph.AST - DomainResult Graph:
 \-CollectionDomainResult [ru.bmstu.iu7.impl.model.Questionnaire.black_list]

2025-08-25 22:02:30 DEBUG [main] org.hibernate.orm.sql.ast.tree - SQL AST Tree:
    SelectStatement {
      FromClause {
        CollectionTableGroup (b1 : ru.bmstu.iu7.impl.model.Questionnaire.black_list) {
          primaryTableReference : questionnaire_black_list as b1_0
          TableGroupJoins {
             join LazyTableGroup (b1 : ru.bmstu.iu7.impl.model.Questionnaire.black_list.{element}) {
              primaryTableReference : questionnaire as b1_1
              TableGroupJoins {
                left  join LazyTableGroup (i1 : ru.bmstu.iu7.impl.model.Questionnaire.black_list.{element}.information) {
                  primaryTableReference : information as i1_0
                }
                left  join LazyTableGroup (s1 : ru.bmstu.iu7.impl.model.Questionnaire.black_list.{element}.search_information) {
                  primaryTableReference : information as s1_0
                }
                left  join LazyTableGroup (u1 : ru.bmstu.iu7.impl.model.Questionnaire.black_list.{element}.user) {
                  primaryTableReference : users as u1_0
                }
              }
            }
          }
        }
      }
    }

2025-08-25 22:02:30 DEBUG [main] org.hibernate.orm.jdbc.mutation - Static SQL for collection: ru.bmstu.iu7.impl.model.Questionnaire.black_list
2025-08-25 22:02:30 DEBUG [main] org.hibernate.orm.jdbc.mutation -  Row insert: insert into questionnaire_black_list (questionnaire_id,black_list_id) values (?,?)
2025-08-25 22:02:30 DEBUG [main] org.hibernate.orm.jdbc.mutation -  Row delete: delete from questionnaire_black_list where questionnaire_id=? and black_list_id=?
2025-08-25 22:02:30 DEBUG [main] org.hibernate.orm.jdbc.mutation -  One-shot delete: delete from questionnaire_black_list where questionnaire_id=?
2025-08-25 22:02:30 DEBUG [main] org.hibernate.orm.sql.ast.create - Created new SQL alias : e1_0
2025-08-25 22:02:30 DEBUG [main] org.hibernate.orm.sql.ast.create - Registration of TableGroup [CollectionTableGroup(ru.bmstu.iu7.impl.model.Information.extended_answers)] with identifierForTableGroup [ru.bmstu.iu7.impl.model.Information.extended_answers] for NavigablePath [ru.bmstu.iu7.impl.model.Information.extended_answers] 
2025-08-25 22:02:30 DEBUG [main] org.hibernate.orm.sql.ast.create - Registration of TableGroup [org.hibernate.sql.ast.tree.from.LazyTableGroup@7054c068] with identifierForTableGroup [ru.bmstu.iu7.impl.model.Information.extended_answers.{element}] for NavigablePath [ru.bmstu.iu7.impl.model.Information.extended_answers.{element}] 
2025-08-25 22:02:30 DEBUG [main] org.hibernate.orm.sql.ast.create - Created new SQL alias : e1_1
2025-08-25 22:02:30 DEBUG [main] org.hibernate.orm.sql.ast.create - Registration of TableGroup [org.hibernate.sql.ast.tree.from.LazyTableGroup@48301bfe] with identifierForTableGroup [ru.bmstu.iu7.impl.model.Information.extended_answers.{element}.question] for NavigablePath [ru.bmstu.iu7.impl.model.Information.extended_answers.{element}.question] 
2025-08-25 22:02:30 DEBUG [main] org.hibernate.orm.sql.ast.create - Created new SQL alias : q1_0
2025-08-25 22:02:30 DEBUG [main] org.hibernate.orm.results.graph.AST - DomainResult Graph:
 \-CollectionDomainResult [ru.bmstu.iu7.impl.model.Information.extended_answers]

2025-08-25 22:02:30 DEBUG [main] org.hibernate.orm.sql.ast.tree - SQL AST Tree:
    SelectStatement {
      FromClause {
        CollectionTableGroup (e1 : ru.bmstu.iu7.impl.model.Information.extended_answers) {
          primaryTableReference : information_extended_answers as e1_0
          TableGroupJoins {
             join LazyTableGroup (e1 : ru.bmstu.iu7.impl.model.Information.extended_answers.{element}) {
              primaryTableReference : extended_answer as e1_1
              TableGroupJoins {
                left  join LazyTableGroup (q1 : ru.bmstu.iu7.impl.model.Information.extended_answers.{element}.question) {
                  primaryTableReference : question as q1_0
                }
              }
            }
          }
        }
      }
    }

2025-08-25 22:02:30 DEBUG [main] org.hibernate.orm.jdbc.mutation - Static SQL for collection: ru.bmstu.iu7.impl.model.Information.extended_answers
2025-08-25 22:02:30 DEBUG [main] org.hibernate.orm.jdbc.mutation -  Row insert: insert into information_extended_answers (information_id,extended_answers_id) values (?,?)
2025-08-25 22:02:30 DEBUG [main] org.hibernate.orm.jdbc.mutation -  Row delete: delete from information_extended_answers where information_id=? and extended_answers_id=?
2025-08-25 22:02:30 DEBUG [main] org.hibernate.orm.jdbc.mutation -  One-shot delete: delete from information_extended_answers where information_id=?
2025-08-25 22:02:30 DEBUG [main] org.hibernate.orm.sql.ast.create - Created new SQL alias : t1_0
2025-08-25 22:02:30 DEBUG [main] org.hibernate.orm.sql.ast.create - Registration of TableGroup [CollectionTableGroup(ru.bmstu.iu7.impl.model.Question.tags)] with identifierForTableGroup [ru.bmstu.iu7.impl.model.Question.tags] for NavigablePath [ru.bmstu.iu7.impl.model.Question.tags] 
2025-08-25 22:02:30 DEBUG [main] org.hibernate.orm.sql.ast.create - Registration of TableGroup [org.hibernate.sql.ast.tree.from.LazyTableGroup@c931728] with identifierForTableGroup [ru.bmstu.iu7.impl.model.Question.tags.{element}] for NavigablePath [ru.bmstu.iu7.impl.model.Question.tags.{element}] 
2025-08-25 22:02:30 DEBUG [main] org.hibernate.orm.sql.ast.create - Created new SQL alias : t1_1
2025-08-25 22:02:30 DEBUG [main] org.hibernate.orm.results.graph.AST - DomainResult Graph:
 \-CollectionDomainResult [ru.bmstu.iu7.impl.model.Question.tags]

2025-08-25 22:02:30 DEBUG [main] org.hibernate.orm.sql.ast.tree - SQL AST Tree:
    SelectStatement {
      FromClause {
        CollectionTableGroup (t1 : ru.bmstu.iu7.impl.model.Question.tags) {
          primaryTableReference : question_tags as t1_0
          TableGroupJoins {
             join LazyTableGroup (t1 : ru.bmstu.iu7.impl.model.Question.tags.{element}) {
              primaryTableReference : tag as t1_1
            }
          }
        }
      }
    }

2025-08-25 22:02:30 DEBUG [main] org.hibernate.orm.jdbc.mutation - Static SQL for collection: ru.bmstu.iu7.impl.model.Question.tags
2025-08-25 22:02:30 DEBUG [main] org.hibernate.orm.jdbc.mutation -  Row insert: insert into question_tags (question_id,tags_id) values (?,?)
2025-08-25 22:02:30 DEBUG [main] org.hibernate.orm.jdbc.mutation -  Row delete: delete from question_tags where question_id=? and tags_id=?
2025-08-25 22:02:30 DEBUG [main] org.hibernate.orm.jdbc.mutation -  One-shot delete: delete from question_tags where question_id=?
2025-08-25 22:02:30 DEBUG [main] org.hibernate.orm.sql.ast.create - Created new SQL alias : t1_0
2025-08-25 22:02:30 DEBUG [main] org.hibernate.orm.sql.ast.create - Registration of TableGroup [CollectionTableGroup(ru.bmstu.iu7.impl.model.ExtendedAnswer.tags)] with identifierForTableGroup [ru.bmstu.iu7.impl.model.ExtendedAnswer.tags] for NavigablePath [ru.bmstu.iu7.impl.model.ExtendedAnswer.tags] 
2025-08-25 22:02:30 DEBUG [main] org.hibernate.orm.sql.ast.create - Registration of TableGroup [org.hibernate.sql.ast.tree.from.LazyTableGroup@26c1f3eb] with identifierForTableGroup [ru.bmstu.iu7.impl.model.ExtendedAnswer.tags.{element}] for NavigablePath [ru.bmstu.iu7.impl.model.ExtendedAnswer.tags.{element}] 
2025-08-25 22:02:30 DEBUG [main] org.hibernate.orm.sql.ast.create - Created new SQL alias : t1_1
2025-08-25 22:02:30 DEBUG [main] org.hibernate.orm.results.graph.AST - DomainResult Graph:
 \-CollectionDomainResult [ru.bmstu.iu7.impl.model.ExtendedAnswer.tags]

2025-08-25 22:02:30 DEBUG [main] org.hibernate.orm.sql.ast.tree - SQL AST Tree:
    SelectStatement {
      FromClause {
        CollectionTableGroup (t1 : ru.bmstu.iu7.impl.model.ExtendedAnswer.tags) {
          primaryTableReference : extended_answer_tags as t1_0
          TableGroupJoins {
             join LazyTableGroup (t1 : ru.bmstu.iu7.impl.model.ExtendedAnswer.tags.{element}) {
              primaryTableReference : tag as t1_1
            }
          }
        }
      }
    }

2025-08-25 22:02:30 DEBUG [main] org.hibernate.orm.jdbc.mutation - Static SQL for collection: ru.bmstu.iu7.impl.model.ExtendedAnswer.tags
2025-08-25 22:02:30 DEBUG [main] org.hibernate.orm.jdbc.mutation -  Row insert: insert into extended_answer_tags (extended_answer_id,tags_id) values (?,?)
2025-08-25 22:02:30 DEBUG [main] org.hibernate.orm.jdbc.mutation -  Row delete: delete from extended_answer_tags where extended_answer_id=? and tags_id=?
2025-08-25 22:02:30 DEBUG [main] org.hibernate.orm.jdbc.mutation -  One-shot delete: delete from extended_answer_tags where extended_answer_id=?
2025-08-25 22:02:30 DEBUG [main] org.hibernate.orm.sql.ast.create - Created new SQL alias : f1_0
2025-08-25 22:02:30 DEBUG [main] org.hibernate.orm.sql.ast.create - Registration of TableGroup [CollectionTableGroup(ru.bmstu.iu7.impl.model.Questionnaire.fav_list)] with identifierForTableGroup [ru.bmstu.iu7.impl.model.Questionnaire.fav_list] for NavigablePath [ru.bmstu.iu7.impl.model.Questionnaire.fav_list] 
2025-08-25 22:02:30 DEBUG [main] org.hibernate.orm.sql.ast.create - Registration of TableGroup [org.hibernate.sql.ast.tree.from.LazyTableGroup@ecb8b3e] with identifierForTableGroup [ru.bmstu.iu7.impl.model.Questionnaire.fav_list.{element}] for NavigablePath [ru.bmstu.iu7.impl.model.Questionnaire.fav_list.{element}] 
2025-08-25 22:02:30 DEBUG [main] org.hibernate.orm.sql.ast.create - Created new SQL alias : f1_1
2025-08-25 22:02:30 DEBUG [main] org.hibernate.orm.sql.ast.create - Registration of TableGroup [org.hibernate.sql.ast.tree.from.LazyTableGroup@7e764e5c] with identifierForTableGroup [ru.bmstu.iu7.impl.model.Questionnaire.fav_list.{element}.information] for NavigablePath [ru.bmstu.iu7.impl.model.Questionnaire.fav_list.{element}.information] 
2025-08-25 22:02:30 DEBUG [main] org.hibernate.orm.sql.ast.create - Created new SQL alias : i1_0
2025-08-25 22:02:30 DEBUG [main] org.hibernate.orm.sql.ast.create - Registration of TableGroup [org.hibernate.sql.ast.tree.from.LazyTableGroup@42457891] with identifierForTableGroup [ru.bmstu.iu7.impl.model.Questionnaire.fav_list.{element}.search_information] for NavigablePath [ru.bmstu.iu7.impl.model.Questionnaire.fav_list.{element}.search_information] 
2025-08-25 22:02:30 DEBUG [main] org.hibernate.orm.sql.ast.create - Created new SQL alias : s1_0
2025-08-25 22:02:30 DEBUG [main] org.hibernate.orm.sql.ast.create - Registration of TableGroup [org.hibernate.sql.ast.tree.from.LazyTableGroup@92de794] with identifierForTableGroup [ru.bmstu.iu7.impl.model.Questionnaire.fav_list.{element}.user] for NavigablePath [ru.bmstu.iu7.impl.model.Questionnaire.fav_list.{element}.user] 
2025-08-25 22:02:30 DEBUG [main] org.hibernate.orm.sql.ast.create - Created new SQL alias : u1_0
2025-08-25 22:02:30 DEBUG [main] org.hibernate.orm.results.graph.AST - DomainResult Graph:
 \-CollectionDomainResult [ru.bmstu.iu7.impl.model.Questionnaire.fav_list]

2025-08-25 22:02:30 DEBUG [main] org.hibernate.orm.sql.ast.tree - SQL AST Tree:
    SelectStatement {
      FromClause {
        CollectionTableGroup (f1 : ru.bmstu.iu7.impl.model.Questionnaire.fav_list) {
          primaryTableReference : questionnaire_fav_list as f1_0
          TableGroupJoins {
             join LazyTableGroup (f1 : ru.bmstu.iu7.impl.model.Questionnaire.fav_list.{element}) {
              primaryTableReference : questionnaire as f1_1
              TableGroupJoins {
                left  join LazyTableGroup (i1 : ru.bmstu.iu7.impl.model.Questionnaire.fav_list.{element}.information) {
                  primaryTableReference : information as i1_0
                }
                left  join LazyTableGroup (s1 : ru.bmstu.iu7.impl.model.Questionnaire.fav_list.{element}.search_information) {
                  primaryTableReference : information as s1_0
                }
                left  join LazyTableGroup (u1 : ru.bmstu.iu7.impl.model.Questionnaire.fav_list.{element}.user) {
                  primaryTableReference : users as u1_0
                }
              }
            }
          }
        }
      }
    }

2025-08-25 22:02:30 DEBUG [main] org.hibernate.orm.jdbc.mutation - Static SQL for collection: ru.bmstu.iu7.impl.model.Questionnaire.fav_list
2025-08-25 22:02:30 DEBUG [main] org.hibernate.orm.jdbc.mutation -  Row insert: insert into questionnaire_fav_list (questionnaire_id,fav_list_id) values (?,?)
2025-08-25 22:02:30 DEBUG [main] org.hibernate.orm.jdbc.mutation -  Row delete: delete from questionnaire_fav_list where questionnaire_id=? and fav_list_id=?
2025-08-25 22:02:30 DEBUG [main] org.hibernate.orm.jdbc.mutation -  One-shot delete: delete from questionnaire_fav_list where questionnaire_id=?
2025-08-25 22:02:30 INFO  [main] o.h.e.t.j.p.i.JtaPlatformInitiator - HHH000489: No JTA platform available (set 'hibernate.transaction.jta.platform' to enable JTA platform integration)
2025-08-25 22:02:30 DEBUG [main] o.h.type.spi.TypeConfiguration$Scope - Scoping TypeConfiguration [org.hibernate.type.spi.TypeConfiguration@5341641d] to SessionFactoryImplementor [org.hibernate.internal.SessionFactoryImpl@52b32622]
2025-08-25 22:02:30 DEBUG [main] o.h.q.named.NamedObjectRepository - Checking 0 named HQL queries
2025-08-25 22:02:30 DEBUG [main] o.h.q.named.NamedObjectRepository - Checking 0 named SQL queries
2025-08-25 22:02:30 DEBUG [main] org.hibernate.mapping.Table - No alter strings for table : extended_answer
2025-08-25 22:02:30 DEBUG [main] org.hibernate.mapping.Table - No alter strings for table : extended_answer_tags
2025-08-25 22:02:30 DEBUG [main] org.hibernate.mapping.Table - No alter strings for table : information
2025-08-25 22:02:30 DEBUG [main] org.hibernate.mapping.Table - No alter strings for table : information_extended_answers
2025-08-25 22:02:30 DEBUG [main] org.hibernate.mapping.Table - No alter strings for table : information_variant_answers
2025-08-25 22:02:30 DEBUG [main] org.hibernate.mapping.Table - No alter strings for table : question
2025-08-25 22:02:30 DEBUG [main] org.hibernate.mapping.Table - No alter strings for table : question_tags
2025-08-25 22:02:30 DEBUG [main] org.hibernate.mapping.Table - No alter strings for table : questionnaire
2025-08-25 22:02:30 DEBUG [main] org.hibernate.mapping.Table - No alter strings for table : questionnaire_black_list
2025-08-25 22:02:30 DEBUG [main] org.hibernate.mapping.Table - No alter strings for table : questionnaire_fav_list
2025-08-25 22:02:30 DEBUG [main] org.hibernate.mapping.Table - No alter strings for table : req_cache
2025-08-25 22:02:30 DEBUG [main] org.hibernate.mapping.Table - No alter strings for table : tag
2025-08-25 22:02:30 DEBUG [main] org.hibernate.mapping.Table - No alter strings for table : users
2025-08-25 22:02:30 DEBUG [main] org.hibernate.mapping.Table - No alter strings for table : variant_answer
2025-08-25 22:02:31 DEBUG [main] o.h.internal.SessionFactoryRegistry - Initializing SessionFactoryRegistry : org.hibernate.internal.SessionFactoryRegistry@20706e70
2025-08-25 22:02:31 DEBUG [main] o.h.internal.SessionFactoryRegistry - Registering SessionFactory: 59175ae9-e1d8-4266-9adf-43f28050d9a8 (<unnamed>)
2025-08-25 22:02:31 DEBUG [main] o.h.internal.SessionFactoryRegistry - Not binding SessionFactory to JNDI, no JNDI name configured
2025-08-25 22:02:31 DEBUG [main] o.h.internal.SessionFactoryImpl - Instantiated SessionFactory
2025-08-25 22:02:31 INFO  [main] o.s.o.j.LocalContainerEntityManagerFactoryBean - Initialized JPA EntityManagerFactory for persistence unit 'default'
2025-08-25 22:02:31 DEBUG [main] o.s.b.f.s.DefaultListableBeanFactory - Creating shared instance of singleton bean 'main'
2025-08-25 22:02:31 INFO  [main] o.s.b.f.a.AutowiredAnnotationBeanPostProcessor - Autowired annotation is not supported on static fields: private static java.lang.String ru.bmstu.iu7.Main.mlApiUrl
2025-08-25 22:02:31 INFO  [main] o.s.b.f.a.AutowiredAnnotationBeanPostProcessor - Autowired annotation is not supported on static fields: static java.io.Console ru.bmstu.iu7.Main.con
2025-08-25 22:02:31 DEBUG [main] o.s.c.e.PropertySourcesPropertyResolver - Found key 'olama-host' in PropertySource 'environmentProperties' with value of type String
2025-08-25 22:02:31 DEBUG [main] o.s.b.f.s.DefaultListableBeanFactory - Creating shared instance of singleton bean 'org.springframework.boot.autoconfigure.context.PropertyPlaceholderAutoConfiguration'
2025-08-25 22:02:31 DEBUG [main] o.s.b.f.s.DefaultListableBeanFactory - Creating shared instance of singleton bean 'org.springframework.boot.context.properties.EnableConfigurationPropertiesRegistrar.methodValidationExcludeFilter'
2025-08-25 22:02:31 DEBUG [main] o.s.b.f.s.DefaultListableBeanFactory - Creating shared instance of singleton bean 'org.springframework.boot.autoconfigure.websocket.servlet.WebSocketServletAutoConfiguration'
2025-08-25 22:02:31 DEBUG [main] o.s.b.f.s.DefaultListableBeanFactory - Creating shared instance of singleton bean 'org.springframework.boot.autoconfigure.web.servlet.DispatcherServletAutoConfiguration'
2025-08-25 22:02:31 DEBUG [main] o.s.b.f.s.DefaultListableBeanFactory - Creating shared instance of singleton bean 'org.springframework.boot.autoconfigure.task.TaskExecutorConfigurations$ThreadPoolTaskExecutorBuilderConfiguration'
2025-08-25 22:02:31 DEBUG [main] o.s.b.f.s.DefaultListableBeanFactory - Creating shared instance of singleton bean 'threadPoolTaskExecutorBuilder'
2025-08-25 22:02:31 DEBUG [main] o.s.b.f.s.DefaultListableBeanFactory - Creating shared instance of singleton bean 'spring.task.execution-org.springframework.boot.autoconfigure.task.TaskExecutionProperties'
2025-08-25 22:02:31 DEBUG [main] o.s.b.f.s.DefaultListableBeanFactory - Autowiring by type from bean name 'threadPoolTaskExecutorBuilder' via factory method to bean named 'spring.task.execution-org.springframework.boot.autoconfigure.task.TaskExecutionProperties'
2025-08-25 22:02:31 DEBUG [main] o.s.b.f.s.DefaultListableBeanFactory - Creating shared instance of singleton bean 'org.springframework.boot.autoconfigure.task.TaskExecutorConfigurations$SimpleAsyncTaskExecutorBuilderConfiguration'
2025-08-25 22:02:31 DEBUG [main] o.s.b.f.s.DefaultListableBeanFactory - Autowiring by type from bean name 'org.springframework.boot.autoconfigure.task.TaskExecutorConfigurations$SimpleAsyncTaskExecutorBuilderConfiguration' via constructor to bean named 'spring.task.execution-org.springframework.boot.autoconfigure.task.TaskExecutionProperties'
2025-08-25 22:02:31 DEBUG [main] o.s.b.f.s.DefaultListableBeanFactory - Creating shared instance of singleton bean 'simpleAsyncTaskExecutorBuilder'
2025-08-25 22:02:31 DEBUG [main] o.s.b.f.s.DefaultListableBeanFactory - Creating shared instance of singleton bean 'org.springframework.boot.autoconfigure.task.TaskExecutorConfigurations$TaskExecutorConfiguration'
2025-08-25 22:02:31 DEBUG [main] o.s.b.f.s.DefaultListableBeanFactory - Creating shared instance of singleton bean 'org.springframework.boot.autoconfigure.task.TaskExecutionAutoConfiguration'
2025-08-25 22:02:31 DEBUG [main] o.s.b.f.s.DefaultListableBeanFactory - Creating shared instance of singleton bean 'org.springframework.boot.autoconfigure.web.servlet.error.ErrorMvcAutoConfiguration$WhitelabelErrorViewConfiguration'
2025-08-25 22:02:31 DEBUG [main] o.s.b.f.s.DefaultListableBeanFactory - Creating shared instance of singleton bean 'error'
2025-08-25 22:02:31 DEBUG [main] o.s.b.f.s.DefaultListableBeanFactory - Creating shared instance of singleton bean 'beanNameViewResolver'
2025-08-25 22:02:31 DEBUG [main] o.s.b.f.s.DefaultListableBeanFactory - Creating shared instance of singleton bean 'org.springframework.boot.autoconfigure.web.servlet.error.ErrorMvcAutoConfiguration$DefaultErrorViewResolverConfiguration'
2025-08-25 22:02:31 DEBUG [main] o.s.b.f.s.DefaultListableBeanFactory - Creating shared instance of singleton bean 'spring.web-org.springframework.boot.autoconfigure.web.WebProperties'
2025-08-25 22:02:31 DEBUG [main] o.s.b.f.s.DefaultListableBeanFactory - Autowiring by type from bean name 'org.springframework.boot.autoconfigure.web.servlet.error.ErrorMvcAutoConfiguration$DefaultErrorViewResolverConfiguration' via constructor to bean named 'org.springframework.boot.web.servlet.context.AnnotationConfigServletWebServerApplicationContext@593e824f'
2025-08-25 22:02:31 DEBUG [main] o.s.b.f.s.DefaultListableBeanFactory - Autowiring by type from bean name 'org.springframework.boot.autoconfigure.web.servlet.error.ErrorMvcAutoConfiguration$DefaultErrorViewResolverConfiguration' via constructor to bean named 'spring.web-org.springframework.boot.autoconfigure.web.WebProperties'
2025-08-25 22:02:31 DEBUG [main] o.s.b.f.s.DefaultListableBeanFactory - Creating shared instance of singleton bean 'conventionErrorViewResolver'
2025-08-25 22:02:31 DEBUG [main] o.s.b.f.s.DefaultListableBeanFactory - Creating shared instance of singleton bean 'errorAttributes'
2025-08-25 22:02:31 DEBUG [main] o.s.b.f.s.DefaultListableBeanFactory - Creating shared instance of singleton bean 'basicErrorController'
2025-08-25 22:02:31 DEBUG [main] o.s.b.f.s.DefaultListableBeanFactory - Autowiring by type from bean name 'basicErrorController' via factory method to bean named 'errorAttributes'
2025-08-25 22:02:31 DEBUG [main] o.s.b.f.s.DefaultListableBeanFactory - Creating shared instance of singleton bean 'org.springframework.boot.autoconfigure.web.servlet.WebMvcAutoConfiguration$EnableWebMvcConfiguration'
2025-08-25 22:02:31 DEBUG [main] o.s.b.f.s.DefaultListableBeanFactory - Autowiring by type from bean name 'org.springframework.boot.autoconfigure.web.servlet.WebMvcAutoConfiguration$EnableWebMvcConfiguration' via constructor to bean named 'spring.mvc-org.springframework.boot.autoconfigure.web.servlet.WebMvcProperties'
2025-08-25 22:02:31 DEBUG [main] o.s.b.f.s.DefaultListableBeanFactory - Autowiring by type from bean name 'org.springframework.boot.autoconfigure.web.servlet.WebMvcAutoConfiguration$EnableWebMvcConfiguration' via constructor to bean named 'spring.web-org.springframework.boot.autoconfigure.web.WebProperties'
2025-08-25 22:02:31 DEBUG [main] o.s.b.f.s.DefaultListableBeanFactory - Autowiring by type from bean name 'org.springframework.boot.autoconfigure.web.servlet.WebMvcAutoConfiguration$EnableWebMvcConfiguration' via constructor to bean named 'org.springframework.beans.factory.support.DefaultListableBeanFactory@7cc9ce8'
2025-08-25 22:02:31 DEBUG [main] o.s.b.f.s.DefaultListableBeanFactory - Creating shared instance of singleton bean 'org.springframework.boot.autoconfigure.web.servlet.WebMvcAutoConfiguration$WebMvcAutoConfigurationAdapter'
2025-08-25 22:02:31 DEBUG [main] o.s.b.f.s.DefaultListableBeanFactory - Autowiring by type from bean name 'org.springframework.boot.autoconfigure.web.servlet.WebMvcAutoConfiguration$WebMvcAutoConfigurationAdapter' via constructor to bean named 'spring.web-org.springframework.boot.autoconfigure.web.WebProperties'
2025-08-25 22:02:31 DEBUG [main] o.s.b.f.s.DefaultListableBeanFactory - Autowiring by type from bean name 'org.springframework.boot.autoconfigure.web.servlet.WebMvcAutoConfiguration$WebMvcAutoConfigurationAdapter' via constructor to bean named 'spring.mvc-org.springframework.boot.autoconfigure.web.servlet.WebMvcProperties'
2025-08-25 22:02:31 DEBUG [main] o.s.b.f.s.DefaultListableBeanFactory - Autowiring by type from bean name 'org.springframework.boot.autoconfigure.web.servlet.WebMvcAutoConfiguration$WebMvcAutoConfigurationAdapter' via constructor to bean named 'org.springframework.beans.factory.support.DefaultListableBeanFactory@7cc9ce8'
2025-08-25 22:02:31 DEBUG [main] o.s.b.f.s.DefaultListableBeanFactory - Creating shared instance of singleton bean 'openEntityManagerInViewInterceptorConfigurer'
2025-08-25 22:02:31 DEBUG [main] o.s.b.f.s.DefaultListableBeanFactory - Creating shared instance of singleton bean 'org.springframework.boot.autoconfigure.orm.jpa.JpaBaseConfiguration$JpaWebConfiguration'
2025-08-25 22:02:31 DEBUG [main] o.s.b.f.s.DefaultListableBeanFactory - Autowiring by type from bean name 'org.springframework.boot.autoconfigure.orm.jpa.JpaBaseConfiguration$JpaWebConfiguration' via constructor to bean named 'spring.jpa-org.springframework.boot.autoconfigure.orm.jpa.JpaProperties'
2025-08-25 22:02:31 DEBUG [main] o.s.b.f.s.DefaultListableBeanFactory - Creating shared instance of singleton bean 'openEntityManagerInViewInterceptor'
2025-08-25 22:02:31 WARN  [main] o.s.b.a.o.j.JpaBaseConfiguration$JpaWebConfiguration - spring.jpa.open-in-view is enabled by default. Therefore, database queries may be performed during view rendering. Explicitly configure spring.jpa.open-in-view to disable this warning
2025-08-25 22:02:31 DEBUG [main] o.s.b.f.s.DefaultListableBeanFactory - Autowiring by type from bean name 'openEntityManagerInViewInterceptorConfigurer' via factory method to bean named 'openEntityManagerInViewInterceptor'
2025-08-25 22:02:31 DEBUG [main] o.s.b.f.s.DefaultListableBeanFactory - Creating shared instance of singleton bean 'org.springframework.data.web.config.SpringDataWebConfiguration'
2025-08-25 22:02:31 DEBUG [main] o.s.b.f.s.DefaultListableBeanFactory - Autowiring by type from bean name 'org.springframework.data.web.config.SpringDataWebConfiguration' via constructor to bean named 'org.springframework.boot.web.servlet.context.AnnotationConfigServletWebServerApplicationContext@593e824f'
2025-08-25 22:02:31 DEBUG [main] o.s.b.f.s.DefaultListableBeanFactory - Creating shared instance of singleton bean 'welcomePageHandlerMapping'
2025-08-25 22:02:31 DEBUG [main] o.s.b.f.s.DefaultListableBeanFactory - Creating shared instance of singleton bean 'mvcConversionService'
2025-08-25 22:02:31 DEBUG [main] o.s.b.f.s.DefaultListableBeanFactory - Creating shared instance of singleton bean 'mvcResourceUrlProvider'
2025-08-25 22:02:31 DEBUG [main] o.s.b.f.s.DefaultListableBeanFactory - Autowiring by type from bean name 'welcomePageHandlerMapping' via factory method to bean named 'org.springframework.boot.web.servlet.context.AnnotationConfigServletWebServerApplicationContext@593e824f'
2025-08-25 22:02:31 DEBUG [main] o.s.b.f.s.DefaultListableBeanFactory - Autowiring by type from bean name 'welcomePageHandlerMapping' via factory method to bean named 'mvcConversionService'
2025-08-25 22:02:31 DEBUG [main] o.s.b.f.s.DefaultListableBeanFactory - Autowiring by type from bean name 'welcomePageHandlerMapping' via factory method to bean named 'mvcResourceUrlProvider'
2025-08-25 22:02:31 DEBUG [main] o.apache.catalina.webresources.Cache - Increased cache size by [521] for item [org.apache.catalina.webresources.CachedResource@105cdf61] at [/index.html] making total cache size [1052]
2025-08-25 22:02:31 DEBUG [main] o.s.b.f.s.DefaultListableBeanFactory - Creating shared instance of singleton bean 'welcomePageNotAcceptableHandlerMapping'
2025-08-25 22:02:31 DEBUG [main] o.s.b.f.s.DefaultListableBeanFactory - Autowiring by type from bean name 'welcomePageNotAcceptableHandlerMapping' via factory method to bean named 'org.springframework.boot.web.servlet.context.AnnotationConfigServletWebServerApplicationContext@593e824f'
2025-08-25 22:02:31 DEBUG [main] o.s.b.f.s.DefaultListableBeanFactory - Autowiring by type from bean name 'welcomePageNotAcceptableHandlerMapping' via factory method to bean named 'mvcConversionService'
2025-08-25 22:02:31 DEBUG [main] o.s.b.f.s.DefaultListableBeanFactory - Autowiring by type from bean name 'welcomePageNotAcceptableHandlerMapping' via factory method to bean named 'mvcResourceUrlProvider'
2025-08-25 22:02:31 DEBUG [main] o.s.b.f.s.DefaultListableBeanFactory - Creating shared instance of singleton bean 'localeResolver'
2025-08-25 22:02:31 DEBUG [main] o.s.b.f.s.DefaultListableBeanFactory - Creating shared instance of singleton bean 'themeResolver'
2025-08-25 22:02:31 DEBUG [main] o.s.b.f.s.DefaultListableBeanFactory - Creating shared instance of singleton bean 'flashMapManager'
2025-08-25 22:02:31 DEBUG [main] o.s.b.f.s.DefaultListableBeanFactory - Creating shared instance of singleton bean 'viewNameTranslator'
2025-08-25 22:02:31 DEBUG [main] o.s.b.f.s.DefaultListableBeanFactory - Creating shared instance of singleton bean 'mvcValidator'
2025-08-25 22:02:31 DEBUG [main] o.s.b.f.s.DefaultListableBeanFactory - Creating shared instance of singleton bean 'mvcContentNegotiationManager'
2025-08-25 22:02:31 DEBUG [main] o.s.b.f.s.DefaultListableBeanFactory - Creating shared instance of singleton bean 'requestMappingHandlerMapping'
2025-08-25 22:02:31 DEBUG [main] o.s.b.f.s.DefaultListableBeanFactory - Autowiring by type from bean name 'requestMappingHandlerMapping' via factory method to bean named 'mvcContentNegotiationManager'
2025-08-25 22:02:31 DEBUG [main] o.s.b.f.s.DefaultListableBeanFactory - Autowiring by type from bean name 'requestMappingHandlerMapping' via factory method to bean named 'mvcConversionService'
2025-08-25 22:02:31 DEBUG [main] o.s.b.f.s.DefaultListableBeanFactory - Autowiring by type from bean name 'requestMappingHandlerMapping' via factory method to bean named 'mvcResourceUrlProvider'
2025-08-25 22:02:31 DEBUG [main] _.s.w.s.HandlerMapping.Mappings - 
	o.s.b.a.w.s.e.BasicErrorController:
	{ [/error]}: error(HttpServletRequest)
	{ [/error], produces [text/html]}: errorHtml(HttpServletRequest,HttpServletResponse)
2025-08-25 22:02:31 DEBUG [main] o.s.w.s.m.m.a.RequestMappingHandlerMapping - 2 mappings in 'requestMappingHandlerMapping'
2025-08-25 22:02:31 DEBUG [main] o.s.b.f.s.DefaultListableBeanFactory - Creating shared instance of singleton bean 'mvcPatternParser'
2025-08-25 22:02:31 DEBUG [main] o.s.b.f.s.DefaultListableBeanFactory - Creating shared instance of singleton bean 'mvcUrlPathHelper'
2025-08-25 22:02:31 DEBUG [main] o.s.b.f.s.DefaultListableBeanFactory - Creating shared instance of singleton bean 'mvcPathMatcher'
2025-08-25 22:02:31 DEBUG [main] o.s.b.f.s.DefaultListableBeanFactory - Creating shared instance of singleton bean 'viewControllerHandlerMapping'
2025-08-25 22:02:31 DEBUG [main] o.s.b.f.s.DefaultListableBeanFactory - Autowiring by type from bean name 'viewControllerHandlerMapping' via factory method to bean named 'mvcConversionService'
2025-08-25 22:02:31 DEBUG [main] o.s.b.f.s.DefaultListableBeanFactory - Autowiring by type from bean name 'viewControllerHandlerMapping' via factory method to bean named 'mvcResourceUrlProvider'
2025-08-25 22:02:31 DEBUG [main] o.s.b.f.s.DefaultListableBeanFactory - Creating shared instance of singleton bean 'beanNameHandlerMapping'
2025-08-25 22:02:31 DEBUG [main] o.s.b.f.s.DefaultListableBeanFactory - Autowiring by type from bean name 'beanNameHandlerMapping' via factory method to bean named 'mvcConversionService'
2025-08-25 22:02:31 DEBUG [main] o.s.b.f.s.DefaultListableBeanFactory - Autowiring by type from bean name 'beanNameHandlerMapping' via factory method to bean named 'mvcResourceUrlProvider'
2025-08-25 22:02:31 DEBUG [main] _.s.w.s.HandlerMapping.Mappings - 'beanNameHandlerMapping' {}
2025-08-25 22:02:31 DEBUG [main] o.s.b.f.s.DefaultListableBeanFactory - Creating shared instance of singleton bean 'routerFunctionMapping'
2025-08-25 22:02:31 DEBUG [main] o.s.b.f.s.DefaultListableBeanFactory - Autowiring by type from bean name 'routerFunctionMapping' via factory method to bean named 'mvcConversionService'
2025-08-25 22:02:31 DEBUG [main] o.s.b.f.s.DefaultListableBeanFactory - Autowiring by type from bean name 'routerFunctionMapping' via factory method to bean named 'mvcResourceUrlProvider'
2025-08-25 22:02:31 DEBUG [main] o.s.b.f.s.DefaultListableBeanFactory - Creating shared instance of singleton bean 'messageConverters'
2025-08-25 22:02:31 DEBUG [main] o.s.b.f.s.DefaultListableBeanFactory - Creating shared instance of singleton bean 'org.springframework.boot.autoconfigure.http.HttpMessageConvertersAutoConfiguration'
2025-08-25 22:02:31 DEBUG [main] o.s.b.f.s.DefaultListableBeanFactory - Creating shared instance of singleton bean 'stringHttpMessageConverter'
2025-08-25 22:02:31 DEBUG [main] o.s.b.f.s.DefaultListableBeanFactory - Creating shared instance of singleton bean 'org.springframework.boot.autoconfigure.http.HttpMessageConvertersAutoConfiguration$StringHttpMessageConverterConfiguration'
2025-08-25 22:02:31 DEBUG [main] o.s.b.f.s.DefaultListableBeanFactory - Autowiring by type from bean name 'stringHttpMessageConverter' via factory method to bean named 'environment'
2025-08-25 22:02:31 DEBUG [main] o.s.b.f.s.DefaultListableBeanFactory - Creating shared instance of singleton bean 'mappingJackson2HttpMessageConverter'
2025-08-25 22:02:31 DEBUG [main] o.s.b.f.s.DefaultListableBeanFactory - Creating shared instance of singleton bean 'org.springframework.boot.autoconfigure.http.JacksonHttpMessageConvertersConfiguration$MappingJackson2HttpMessageConverterConfiguration'
2025-08-25 22:02:31 DEBUG [main] o.s.b.f.s.DefaultListableBeanFactory - Creating shared instance of singleton bean 'jacksonObjectMapper'
2025-08-25 22:02:31 DEBUG [main] o.s.b.f.s.DefaultListableBeanFactory - Creating shared instance of singleton bean 'org.springframework.boot.autoconfigure.jackson.JacksonAutoConfiguration$JacksonObjectMapperConfiguration'
2025-08-25 22:02:31 DEBUG [main] o.s.b.f.s.DefaultListableBeanFactory - Creating shared instance of singleton bean 'org.springframework.boot.autoconfigure.jackson.JacksonAutoConfiguration$JacksonObjectMapperBuilderConfiguration'
2025-08-25 22:02:31 DEBUG [main] o.s.b.f.s.DefaultListableBeanFactory - Creating shared instance of singleton bean 'standardJacksonObjectMapperBuilderCustomizer'
2025-08-25 22:02:31 DEBUG [main] o.s.b.f.s.DefaultListableBeanFactory - Creating shared instance of singleton bean 'org.springframework.boot.autoconfigure.jackson.JacksonAutoConfiguration$Jackson2ObjectMapperBuilderCustomizerConfiguration'
2025-08-25 22:02:31 DEBUG [main] o.s.b.f.s.DefaultListableBeanFactory - Creating shared instance of singleton bean 'spring.jackson-org.springframework.boot.autoconfigure.jackson.JacksonProperties'
2025-08-25 22:02:31 DEBUG [main] o.s.b.f.s.DefaultListableBeanFactory - Autowiring by type from bean name 'standardJacksonObjectMapperBuilderCustomizer' via factory method to bean named 'spring.jackson-org.springframework.boot.autoconfigure.jackson.JacksonProperties'
2025-08-25 22:02:31 DEBUG [main] o.s.b.f.s.DefaultListableBeanFactory - Creating shared instance of singleton bean 'parameterNamesModule'
2025-08-25 22:02:31 DEBUG [main] o.s.b.f.s.DefaultListableBeanFactory - Creating shared instance of singleton bean 'org.springframework.boot.autoconfigure.jackson.JacksonAutoConfiguration$ParameterNamesModuleConfiguration'
2025-08-25 22:02:31 DEBUG [main] o.s.b.f.s.DefaultListableBeanFactory - Creating shared instance of singleton bean 'jsonMixinModule'
2025-08-25 22:02:31 DEBUG [main] o.s.b.f.s.DefaultListableBeanFactory - Creating shared instance of singleton bean 'org.springframework.boot.autoconfigure.jackson.JacksonAutoConfiguration$JacksonMixinConfiguration'
2025-08-25 22:02:31 DEBUG [main] o.s.b.f.s.DefaultListableBeanFactory - Creating shared instance of singleton bean 'jsonMixinModuleEntries'
2025-08-25 22:02:31 DEBUG [main] o.s.b.f.s.DefaultListableBeanFactory - Autowiring by type from bean name 'jsonMixinModuleEntries' via factory method to bean named 'org.springframework.boot.web.servlet.context.AnnotationConfigServletWebServerApplicationContext@593e824f'
2025-08-25 22:02:31 DEBUG [main] o.s.b.f.s.DefaultListableBeanFactory - Autowiring by type from bean name 'jsonMixinModule' via factory method to bean named 'org.springframework.boot.web.servlet.context.AnnotationConfigServletWebServerApplicationContext@593e824f'
2025-08-25 22:02:31 DEBUG [main] o.s.b.f.s.DefaultListableBeanFactory - Autowiring by type from bean name 'jsonMixinModule' via factory method to bean named 'jsonMixinModuleEntries'
2025-08-25 22:02:31 DEBUG [main] o.s.b.f.s.DefaultListableBeanFactory - Creating shared instance of singleton bean 'jsonComponentModule'
2025-08-25 22:02:31 DEBUG [main] o.s.b.f.s.DefaultListableBeanFactory - Creating shared instance of singleton bean 'org.springframework.boot.autoconfigure.jackson.JacksonAutoConfiguration'
2025-08-25 22:02:31 DEBUG [main] o.s.b.f.s.DefaultListableBeanFactory - Creating shared instance of singleton bean 'jacksonGeoModule'
2025-08-25 22:02:31 DEBUG [main] o.s.b.f.s.DefaultListableBeanFactory - Creating shared instance of singleton bean 'org.springframework.data.web.config.SpringDataJacksonConfiguration'
2025-08-25 22:02:31 DEBUG [main] o.s.b.f.s.DefaultListableBeanFactory - Creating shared instance of singleton bean 'springDataWebSettings'
2025-08-25 22:02:31 DEBUG [main] o.s.b.f.s.DefaultListableBeanFactory - Creating shared instance of singleton bean 'org.springframework.boot.autoconfigure.data.web.SpringDataWebAutoConfiguration'
2025-08-25 22:02:31 DEBUG [main] o.s.b.f.s.DefaultListableBeanFactory - Creating shared instance of singleton bean 'spring.data.web-org.springframework.boot.autoconfigure.data.web.SpringDataWebProperties'
2025-08-25 22:02:31 DEBUG [main] o.s.b.f.s.DefaultListableBeanFactory - Autowiring by type from bean name 'org.springframework.boot.autoconfigure.data.web.SpringDataWebAutoConfiguration' via constructor to bean named 'spring.data.web-org.springframework.boot.autoconfigure.data.web.SpringDataWebProperties'
2025-08-25 22:02:31 DEBUG [main] o.s.b.f.s.DefaultListableBeanFactory - Creating shared instance of singleton bean 'pageModule'
2025-08-25 22:02:31 DEBUG [main] o.s.b.f.s.DefaultListableBeanFactory - Autowiring by type from bean name 'jacksonObjectMapperBuilder' via factory method to bean named 'org.springframework.boot.web.servlet.context.AnnotationConfigServletWebServerApplicationContext@593e824f'
2025-08-25 22:02:31 DEBUG [main] o.s.b.f.s.DefaultListableBeanFactory - Autowiring by type from bean name 'jacksonObjectMapperBuilder' via factory method to bean named 'standardJacksonObjectMapperBuilderCustomizer'
2025-08-25 22:02:31 DEBUG [main] o.s.b.f.s.DefaultListableBeanFactory - Autowiring by type from bean name 'jacksonObjectMapper' via factory method to bean named 'jacksonObjectMapperBuilder'
2025-08-25 22:02:31 DEBUG [main] o.s.b.f.s.DefaultListableBeanFactory - Autowiring by type from bean name 'mappingJackson2HttpMessageConverter' via factory method to bean named 'jacksonObjectMapper'
2025-08-25 22:02:31 DEBUG [main] o.s.b.f.s.DefaultListableBeanFactory - Creating shared instance of singleton bean 'resourceHandlerMapping'
2025-08-25 22:02:31 DEBUG [main] o.s.b.f.s.DefaultListableBeanFactory - Autowiring by type from bean name 'resourceHandlerMapping' via factory method to bean named 'mvcContentNegotiationManager'
2025-08-25 22:02:31 DEBUG [main] o.s.b.f.s.DefaultListableBeanFactory - Autowiring by type from bean name 'resourceHandlerMapping' via factory method to bean named 'mvcConversionService'
2025-08-25 22:02:31 DEBUG [main] o.s.b.f.s.DefaultListableBeanFactory - Autowiring by type from bean name 'resourceHandlerMapping' via factory method to bean named 'mvcResourceUrlProvider'
2025-08-25 22:02:31 DEBUG [main] o.apache.catalina.webresources.Cache - Increased cache size by [501] for item [org.apache.catalina.webresources.CachedResource@7205a8b7] at [/] making total cache size [1553]
2025-08-25 22:02:31 DEBUG [main] _.s.w.s.HandlerMapping.Mappings - 'resourceHandlerMapping' {/webjars/**=ResourceHttpRequestHandler [classpath [META-INF/resources/webjars/]], /**=ResourceHttpRequestHandler [classpath [META-INF/resources/], classpath [resources/], classpath [static/], classpath [public/], ServletContext [/]]}
2025-08-25 22:02:31 DEBUG [main] o.s.b.f.s.DefaultListableBeanFactory - Creating shared instance of singleton bean 'defaultServletHandlerMapping'
2025-08-25 22:02:31 DEBUG [main] o.s.b.f.s.DefaultListableBeanFactory - Creating shared instance of singleton bean 'requestMappingHandlerAdapter'
2025-08-25 22:02:31 DEBUG [main] o.s.b.f.s.DefaultListableBeanFactory - Autowiring by type from bean name 'requestMappingHandlerAdapter' via factory method to bean named 'mvcContentNegotiationManager'
2025-08-25 22:02:31 DEBUG [main] o.s.b.f.s.DefaultListableBeanFactory - Autowiring by type from bean name 'requestMappingHandlerAdapter' via factory method to bean named 'mvcConversionService'
2025-08-25 22:02:31 DEBUG [main] o.s.b.f.s.DefaultListableBeanFactory - Autowiring by type from bean name 'requestMappingHandlerAdapter' via factory method to bean named 'mvcValidator'
2025-08-25 22:02:31 DEBUG [main] o.s.b.f.s.DefaultListableBeanFactory - Creating shared instance of singleton bean 'sortResolver'
2025-08-25 22:02:31 DEBUG [main] o.s.b.f.s.DefaultListableBeanFactory - Creating shared instance of singleton bean 'sortCustomizer'
2025-08-25 22:02:31 DEBUG [main] o.s.b.f.s.DefaultListableBeanFactory - Creating shared instance of singleton bean 'pageableResolver'
2025-08-25 22:02:31 DEBUG [main] o.s.b.f.s.DefaultListableBeanFactory - Creating shared instance of singleton bean 'pageableCustomizer'
2025-08-25 22:02:31 DEBUG [main] o.s.b.f.s.DefaultListableBeanFactory - Creating shared instance of singleton bean 'applicationTaskExecutor'
2025-08-25 22:02:31 DEBUG [main] o.s.b.f.s.DefaultListableBeanFactory - Autowiring by type from bean name 'applicationTaskExecutor' via factory method to bean named 'threadPoolTaskExecutorBuilder'
2025-08-25 22:02:31 DEBUG [main] o.s.s.c.ThreadPoolTaskExecutor - Initializing ExecutorService 'applicationTaskExecutor'
2025-08-25 22:02:31 DEBUG [main] o.s.w.s.m.m.a.RequestMappingHandlerAdapter - ControllerAdvice beans: 0 @ModelAttribute, 0 @InitBinder, 1 RequestBodyAdvice, 1 ResponseBodyAdvice
2025-08-25 22:02:31 DEBUG [main] o.s.b.f.s.DefaultListableBeanFactory - Creating shared instance of singleton bean 'mvcViewResolver'
2025-08-25 22:02:31 DEBUG [main] o.s.b.f.s.DefaultListableBeanFactory - Autowiring by type from bean name 'mvcViewResolver' via factory method to bean named 'mvcContentNegotiationManager'
2025-08-25 22:02:31 DEBUG [main] o.s.b.f.s.DefaultListableBeanFactory - Creating shared instance of singleton bean 'defaultViewResolver'
2025-08-25 22:02:31 DEBUG [main] o.s.b.f.s.DefaultListableBeanFactory - Creating shared instance of singleton bean 'viewResolver'
2025-08-25 22:02:31 DEBUG [main] o.s.b.f.s.DefaultListableBeanFactory - Autowiring by type from bean name 'viewResolver' via factory method to bean named 'org.springframework.beans.factory.support.DefaultListableBeanFactory@7cc9ce8'
2025-08-25 22:02:31 DEBUG [main] o.s.b.f.s.DefaultListableBeanFactory - Creating shared instance of singleton bean 'viewResolver'
2025-08-25 22:02:31 DEBUG [main] o.s.b.f.s.DefaultListableBeanFactory - Creating shared instance of singleton bean 'handlerFunctionAdapter'
2025-08-25 22:02:31 DEBUG [main] o.s.b.f.s.DefaultListableBeanFactory - Creating shared instance of singleton bean 'mvcUriComponentsContributor'
2025-08-25 22:02:31 DEBUG [main] o.s.b.f.s.DefaultListableBeanFactory - Autowiring by type from bean name 'mvcUriComponentsContributor' via factory method to bean named 'mvcConversionService'
2025-08-25 22:02:31 DEBUG [main] o.s.b.f.s.DefaultListableBeanFactory - Autowiring by type from bean name 'mvcUriComponentsContributor' via factory method to bean named 'requestMappingHandlerAdapter'
2025-08-25 22:02:31 DEBUG [main] o.s.b.f.s.DefaultListableBeanFactory - Creating shared instance of singleton bean 'httpRequestHandlerAdapter'
2025-08-25 22:02:31 DEBUG [main] o.s.b.f.s.DefaultListableBeanFactory - Creating shared instance of singleton bean 'simpleControllerHandlerAdapter'
2025-08-25 22:02:31 DEBUG [main] o.s.b.f.s.DefaultListableBeanFactory - Creating shared instance of singleton bean 'handlerExceptionResolver'
2025-08-25 22:02:31 DEBUG [main] o.s.b.f.s.DefaultListableBeanFactory - Autowiring by type from bean name 'handlerExceptionResolver' via factory method to bean named 'mvcContentNegotiationManager'
2025-08-25 22:02:31 DEBUG [main] o.s.w.s.m.m.a.ExceptionHandlerExceptionResolver - ControllerAdvice beans: 0 @ExceptionHandler, 1 ResponseBodyAdvice
2025-08-25 22:02:31 DEBUG [main] o.s.b.f.s.DefaultListableBeanFactory - Creating shared instance of singleton bean 'org.springframework.boot.autoconfigure.aop.AopAutoConfiguration$AspectJAutoProxyingConfiguration$CglibAutoProxyConfiguration'
2025-08-25 22:02:31 DEBUG [main] o.s.b.f.s.DefaultListableBeanFactory - Creating shared instance of singleton bean 'org.springframework.boot.autoconfigure.aop.AopAutoConfiguration$AspectJAutoProxyingConfiguration'
2025-08-25 22:02:31 DEBUG [main] o.s.b.f.s.DefaultListableBeanFactory - Creating shared instance of singleton bean 'org.springframework.boot.autoconfigure.aop.AopAutoConfiguration'
2025-08-25 22:02:31 DEBUG [main] o.s.b.f.s.DefaultListableBeanFactory - Creating shared instance of singleton bean 'org.springframework.boot.autoconfigure.availability.ApplicationAvailabilityAutoConfiguration'
2025-08-25 22:02:31 DEBUG [main] o.s.b.f.s.DefaultListableBeanFactory - Creating shared instance of singleton bean 'applicationAvailability'
2025-08-25 22:02:31 DEBUG [main] o.s.b.f.s.DefaultListableBeanFactory - Creating shared instance of singleton bean 'org.springframework.boot.autoconfigure.transaction.jta.JtaAutoConfiguration'
2025-08-25 22:02:31 DEBUG [main] o.s.b.f.s.DefaultListableBeanFactory - Creating shared instance of singleton bean 'org.springframework.boot.autoconfigure.jdbc.DataSourceJmxConfiguration$Hikari'
2025-08-25 22:02:31 DEBUG [main] o.s.b.f.s.DefaultListableBeanFactory - Autowiring by type from bean name 'org.springframework.boot.autoconfigure.jdbc.DataSourceJmxConfiguration$Hikari' via constructor to bean named 'dataSource'
2025-08-25 22:02:31 DEBUG [main] o.s.b.f.s.DefaultListableBeanFactory - Creating shared instance of singleton bean 'org.springframework.boot.autoconfigure.jdbc.DataSourceJmxConfiguration'
2025-08-25 22:02:31 DEBUG [main] o.s.b.f.s.DefaultListableBeanFactory - Creating shared instance of singleton bean 'org.springframework.boot.autoconfigure.jdbc.metadata.DataSourcePoolMetadataProvidersConfiguration'
2025-08-25 22:02:31 DEBUG [main] o.s.b.f.s.DefaultListableBeanFactory - Creating shared instance of singleton bean 'org.springframework.boot.autoconfigure.jdbc.DataSourceAutoConfiguration'
2025-08-25 22:02:31 DEBUG [main] o.s.b.f.s.DefaultListableBeanFactory - Creating shared instance of singleton bean 'org.springframework.boot.autoconfigure.transaction.TransactionManagerCustomizationAutoConfiguration'
2025-08-25 22:02:31 DEBUG [main] o.s.b.f.s.DefaultListableBeanFactory - Creating shared instance of singleton bean 'platformTransactionManagerCustomizers'
2025-08-25 22:02:31 DEBUG [main] o.s.b.f.s.DefaultListableBeanFactory - Creating shared instance of singleton bean 'transactionExecutionListeners'
2025-08-25 22:02:31 DEBUG [main] o.s.b.f.s.DefaultListableBeanFactory - Creating shared instance of singleton bean 'spring.transaction-org.springframework.boot.autoconfigure.transaction.TransactionProperties'
2025-08-25 22:02:31 DEBUG [main] o.s.b.f.s.DefaultListableBeanFactory - Creating shared instance of singleton bean 'org.springframework.boot.autoconfigure.orm.jpa.JpaBaseConfiguration$PersistenceManagedTypesConfiguration'
2025-08-25 22:02:31 DEBUG [main] o.s.b.f.s.DefaultListableBeanFactory - Creating shared instance of singleton bean 'transactionManager'
2025-08-25 22:02:31 DEBUG [main] o.s.b.f.s.DefaultListableBeanFactory - Creating shared instance of singleton bean 'org.springframework.boot.autoconfigure.orm.jpa.HibernateJpaAutoConfiguration'
2025-08-25 22:02:31 DEBUG [main] o.s.b.f.s.DefaultListableBeanFactory - Creating shared instance of singleton bean 'org.springframework.boot.autoconfigure.context.ConfigurationPropertiesAutoConfiguration'
2025-08-25 22:02:31 DEBUG [main] o.s.b.f.s.DefaultListableBeanFactory - Creating shared instance of singleton bean 'org.springframework.boot.autoconfigure.context.LifecycleAutoConfiguration'
2025-08-25 22:02:31 DEBUG [main] o.s.b.f.s.DefaultListableBeanFactory - Creating shared instance of singleton bean 'lifecycleProcessor'
2025-08-25 22:02:31 DEBUG [main] o.s.b.f.s.DefaultListableBeanFactory - Creating shared instance of singleton bean 'spring.lifecycle-org.springframework.boot.autoconfigure.context.LifecycleProperties'
2025-08-25 22:02:31 DEBUG [main] o.s.b.f.s.DefaultListableBeanFactory - Autowiring by type from bean name 'lifecycleProcessor' via factory method to bean named 'spring.lifecycle-org.springframework.boot.autoconfigure.context.LifecycleProperties'
2025-08-25 22:02:31 DEBUG [main] o.s.b.f.s.DefaultListableBeanFactory - Creating shared instance of singleton bean 'org.springframework.boot.autoconfigure.dao.PersistenceExceptionTranslationAutoConfiguration'
2025-08-25 22:02:31 DEBUG [main] o.s.b.f.s.DefaultListableBeanFactory - Creating shared instance of singleton bean 'org.springframework.boot.autoconfigure.data.jpa.JpaRepositoriesAutoConfiguration'
2025-08-25 22:02:31 DEBUG [main] o.s.b.f.s.DefaultListableBeanFactory - Creating shared instance of singleton bean 'jpaSharedEM_entityManagerFactory'
2025-08-25 22:02:31 DEBUG [main] o.s.b.f.s.DefaultListableBeanFactory - Creating shared instance of singleton bean 'org.springframework.data.jpa.util.JpaMetamodelCacheCleanup'
2025-08-25 22:02:31 DEBUG [main] o.s.b.f.s.DefaultListableBeanFactory - Creating shared instance of singleton bean 'org.springframework.data.jpa.repository.support.JpaEvaluationContextExtension'
2025-08-25 22:02:31 DEBUG [main] o.s.b.f.s.DefaultListableBeanFactory - Creating shared instance of singleton bean 'jpa.named-queries#0'
2025-08-25 22:02:31 DEBUG [main] o.s.b.f.s.DefaultListableBeanFactory - Creating shared instance of singleton bean 'jpa.SpringInformationRepository.fragments#0'
2025-08-25 22:02:31 DEBUG [main] o.s.b.f.s.DefaultListableBeanFactory - Creating shared instance of singleton bean 'springInformationRepository'
2025-08-25 22:02:31 DEBUG [main] o.s.b.f.s.DefaultListableBeanFactory - Creating shared instance of singleton bean 'jpaMappingContext'
2025-08-25 22:02:31 DEBUG [main] o.s.d.j.r.c.JpaMetamodelMappingContextFactoryBean - Initializing JpaMetamodelMappingContext…
2025-08-25 22:02:31 DEBUG [main] o.s.d.j.r.c.JpaMetamodelMappingContextFactoryBean - Finished initializing JpaMetamodelMappingContext
2025-08-25 22:02:31 DEBUG [main] o.s.o.j.SharedEntityManagerCreator$SharedEntityManagerInvocationHandler - Creating new EntityManager for shared EntityManager invocation
2025-08-25 22:02:32 DEBUG [main] o.h.s.internal.StatisticsInitiator - Statistics initialized [enabled=false]
2025-08-25 22:02:32 DEBUG [main] o.s.o.j.SharedEntityManagerCreator$SharedEntityManagerInvocationHandler - Creating new EntityManager for shared EntityManager invocation
2025-08-25 22:02:32 DEBUG [main] o.s.d.r.c.s.RepositoryFactorySupport - Initializing repository instance for ru.bmstu.iu7.impl.SpringInformationRepository…
2025-08-25 22:02:32 DEBUG [main] o.s.o.j.SharedEntityManagerCreator$SharedEntityManagerInvocationHandler - Creating new EntityManager for shared EntityManager invocation
2025-08-25 22:02:32 DEBUG [main] o.s.d.r.c.s.RepositoryFactorySupport - Finished creation of repository instance for ru.bmstu.iu7.impl.SpringInformationRepository.
2025-08-25 22:02:32 DEBUG [main] o.s.b.f.s.DefaultListableBeanFactory - Creating shared instance of singleton bean 'jpa.named-queries#1'
2025-08-25 22:02:32 DEBUG [main] o.s.b.f.s.DefaultListableBeanFactory - Creating shared instance of singleton bean 'jpa.SpringQuestionRepository.fragments#0'
2025-08-25 22:02:32 DEBUG [main] o.s.b.f.s.DefaultListableBeanFactory - Creating shared instance of singleton bean 'springQuestionRepository'
2025-08-25 22:02:32 DEBUG [main] o.s.o.j.SharedEntityManagerCreator$SharedEntityManagerInvocationHandler - Creating new EntityManager for shared EntityManager invocation
2025-08-25 22:02:32 DEBUG [main] o.s.d.r.c.s.RepositoryFactorySupport - Initializing repository instance for ru.bmstu.iu7.impl.SpringQuestionRepository…
2025-08-25 22:02:32 DEBUG [main] o.s.o.j.SharedEntityManagerCreator$SharedEntityManagerInvocationHandler - Creating new EntityManager for shared EntityManager invocation
2025-08-25 22:02:32 DEBUG [main] o.s.d.j.repository.query.NamedQuery - Looking up named query 'Question.findByQuestion'
2025-08-25 22:02:32 DEBUG [main] o.h.r.t.b.j.i.JdbcResourceLocalTransactionCoordinatorImpl - JDBC transaction marked for rollback-only (exception provided for stack trace)
java.lang.Exception: exception just for purpose of providing stack trace
	at org.hibernate.resource.transaction.backend.jdbc.internal.JdbcResourceLocalTransactionCoordinatorImpl$TransactionDriverControlImpl.markRollbackOnly(JdbcResourceLocalTransactionCoordinatorImpl.java:309)
	at org.hibernate.internal.AbstractSharedSessionContract.buildNamedQuery(AbstractSharedSessionContract.java:1141)
	at org.hibernate.internal.AbstractSharedSessionContract.createNamedQuery(AbstractSharedSessionContract.java:1019)
	at org.hibernate.internal.AbstractSharedSessionContract.createNamedQuery(AbstractSharedSessionContract.java:143)
	at java.base/jdk.internal.reflect.DirectMethodHandleAccessor.invoke(DirectMethodHandleAccessor.java:103)
	at java.base/java.lang.reflect.Method.invoke(Method.java:580)
	at org.springframework.orm.jpa.ExtendedEntityManagerCreator$ExtendedEntityManagerInvocationHandler.invoke(ExtendedEntityManagerCreator.java:364)
	at jdk.proxy2/jdk.proxy2.$Proxy117.createNamedQuery(Unknown Source)
	at org.springframework.data.jpa.repository.query.NamedQuery.hasNamedQuery(NamedQuery.java:120)
	at org.springframework.data.jpa.repository.query.NamedQuery.lookupFrom(NamedQuery.java:147)
	at org.springframework.data.jpa.repository.query.JpaQueryLookupStrategy$DeclaredQueryLookupStrategy.resolveQuery(JpaQueryLookupStrategy.java:184)
	at org.springframework.data.jpa.repository.query.JpaQueryLookupStrategy$CreateIfNotFoundQueryLookupStrategy.resolveQuery(JpaQueryLookupStrategy.java:254)
	at org.springframework.data.jpa.repository.query.JpaQueryLookupStrategy$AbstractQueryLookupStrategy.resolveQuery(JpaQueryLookupStrategy.java:99)
	at org.springframework.data.repository.core.support.QueryExecutorMethodInterceptor.lookupQuery(QueryExecutorMethodInterceptor.java:116)
	at org.springframework.data.repository.core.support.QueryExecutorMethodInterceptor.mapMethodsToQuery(QueryExecutorMethodInterceptor.java:104)
	at org.springframework.data.repository.core.support.QueryExecutorMethodInterceptor.lambda$new$0(QueryExecutorMethodInterceptor.java:92)
	at java.base/java.util.Optional.map(Optional.java:260)
	at org.springframework.data.repository.core.support.QueryExecutorMethodInterceptor.<init>(QueryExecutorMethodInterceptor.java:92)
	at org.springframework.data.repository.core.support.RepositoryFactorySupport.getRepository(RepositoryFactorySupport.java:431)
	at org.springframework.data.repository.core.support.RepositoryFactoryBeanSupport.lambda$afterPropertiesSet$4(RepositoryFactoryBeanSupport.java:350)
	at org.springframework.data.util.Lazy.getNullable(Lazy.java:135)
	at org.springframework.data.util.Lazy.get(Lazy.java:113)
	at org.springframework.data.repository.core.support.RepositoryFactoryBeanSupport.afterPropertiesSet(RepositoryFactoryBeanSupport.java:356)
	at org.springframework.data.jpa.repository.support.JpaRepositoryFactoryBean.afterPropertiesSet(JpaRepositoryFactoryBean.java:132)
	at org.springframework.beans.factory.support.AbstractAutowireCapableBeanFactory.invokeInitMethods(AbstractAutowireCapableBeanFactory.java:1865)
	at org.springframework.beans.factory.support.AbstractAutowireCapableBeanFactory.initializeBean(AbstractAutowireCapableBeanFactory.java:1814)
	at org.springframework.beans.factory.support.AbstractAutowireCapableBeanFactory.doCreateBean(AbstractAutowireCapableBeanFactory.java:607)
	at org.springframework.beans.factory.support.AbstractAutowireCapableBeanFactory.createBean(AbstractAutowireCapableBeanFactory.java:529)
	at org.springframework.beans.factory.support.AbstractBeanFactory.lambda$doGetBean$0(AbstractBeanFactory.java:339)
	at org.springframework.beans.factory.support.DefaultSingletonBeanRegistry.getSingleton(DefaultSingletonBeanRegistry.java:371)
	at org.springframework.beans.factory.support.AbstractBeanFactory.doGetBean(AbstractBeanFactory.java:337)
	at org.springframework.beans.factory.support.AbstractBeanFactory.getBean(AbstractBeanFactory.java:202)
	at org.springframework.beans.factory.support.DefaultListableBeanFactory.instantiateSingleton(DefaultListableBeanFactory.java:1215)
	at org.springframework.beans.factory.support.DefaultListableBeanFactory.preInstantiateSingleton(DefaultListableBeanFactory.java:1187)
	at org.springframework.beans.factory.support.DefaultListableBeanFactory.preInstantiateSingletons(DefaultListableBeanFactory.java:1122)
	at org.springframework.context.support.AbstractApplicationContext.finishBeanFactoryInitialization(AbstractApplicationContext.java:987)
	at org.springframework.context.support.AbstractApplicationContext.refresh(AbstractApplicationContext.java:627)
	at org.springframework.boot.web.servlet.context.ServletWebServerApplicationContext.refresh(ServletWebServerApplicationContext.java:146)
	at org.springframework.boot.SpringApplication.refresh(SpringApplication.java:753)
	at org.springframework.boot.SpringApplication.refreshContext(SpringApplication.java:439)
	at org.springframework.boot.SpringApplication.run(SpringApplication.java:318)
	at org.springframework.boot.SpringApplication.run(SpringApplication.java:1362)
	at org.springframework.boot.SpringApplication.run(SpringApplication.java:1351)
	at ru.bmstu.iu7.Main.main(Main.java:529)
2025-08-25 22:02:32 DEBUG [main] o.s.d.j.repository.query.NamedQuery - Did not find named query Question.findByQuestion
2025-08-25 22:02:32 DEBUG [main] o.s.o.j.SharedEntityManagerCreator$SharedEntityManagerInvocationHandler - Creating new EntityManager for shared EntityManager invocation
2025-08-25 22:02:32 DEBUG [main] o.s.d.r.c.s.RepositoryFactorySupport - Finished creation of repository instance for ru.bmstu.iu7.impl.SpringQuestionRepository.
2025-08-25 22:02:32 DEBUG [main] o.s.b.f.s.DefaultListableBeanFactory - Creating shared instance of singleton bean 'jpa.named-queries#2'
2025-08-25 22:02:32 DEBUG [main] o.s.b.f.s.DefaultListableBeanFactory - Creating shared instance of singleton bean 'jpa.SpringVariantAnswerRepository.fragments#0'
2025-08-25 22:02:32 DEBUG [main] o.s.b.f.s.DefaultListableBeanFactory - Creating shared instance of singleton bean 'springVariantAnswerRepository'
2025-08-25 22:02:32 DEBUG [main] o.s.o.j.SharedEntityManagerCreator$SharedEntityManagerInvocationHandler - Creating new EntityManager for shared EntityManager invocation
2025-08-25 22:02:32 DEBUG [main] o.s.d.r.c.s.RepositoryFactorySupport - Initializing repository instance for ru.bmstu.iu7.impl.SpringVariantAnswerRepository…
2025-08-25 22:02:32 DEBUG [main] o.s.o.j.SharedEntityManagerCreator$SharedEntityManagerInvocationHandler - Creating new EntityManager for shared EntityManager invocation
2025-08-25 22:02:32 DEBUG [main] o.s.d.r.c.s.RepositoryFactorySupport - Finished creation of repository instance for ru.bmstu.iu7.impl.SpringVariantAnswerRepository.
2025-08-25 22:02:32 DEBUG [main] o.s.b.f.s.DefaultListableBeanFactory - Creating shared instance of singleton bean 'jpa.named-queries#3'
2025-08-25 22:02:32 DEBUG [main] o.s.b.f.s.DefaultListableBeanFactory - Creating shared instance of singleton bean 'jpa.SpringTagRepository.fragments#0'
2025-08-25 22:02:32 DEBUG [main] o.s.b.f.s.DefaultListableBeanFactory - Creating shared instance of singleton bean 'springTagRepository'
2025-08-25 22:02:32 DEBUG [main] o.s.o.j.SharedEntityManagerCreator$SharedEntityManagerInvocationHandler - Creating new EntityManager for shared EntityManager invocation
2025-08-25 22:02:32 DEBUG [main] o.s.d.r.c.s.RepositoryFactorySupport - Initializing repository instance for ru.bmstu.iu7.impl.SpringTagRepository…
2025-08-25 22:02:32 DEBUG [main] o.s.o.j.SharedEntityManagerCreator$SharedEntityManagerInvocationHandler - Creating new EntityManager for shared EntityManager invocation
2025-08-25 22:02:32 DEBUG [main] o.s.d.j.repository.query.NamedQuery - Looking up named query 'Tag.findByName'
2025-08-25 22:02:32 DEBUG [main] o.h.r.t.b.j.i.JdbcResourceLocalTransactionCoordinatorImpl - JDBC transaction marked for rollback-only (exception provided for stack trace)
java.lang.Exception: exception just for purpose of providing stack trace
	at org.hibernate.resource.transaction.backend.jdbc.internal.JdbcResourceLocalTransactionCoordinatorImpl$TransactionDriverControlImpl.markRollbackOnly(JdbcResourceLocalTransactionCoordinatorImpl.java:309)
	at org.hibernate.internal.AbstractSharedSessionContract.buildNamedQuery(AbstractSharedSessionContract.java:1141)
	at org.hibernate.internal.AbstractSharedSessionContract.createNamedQuery(AbstractSharedSessionContract.java:1019)
	at org.hibernate.internal.AbstractSharedSessionContract.createNamedQuery(AbstractSharedSessionContract.java:143)
	at java.base/jdk.internal.reflect.DirectMethodHandleAccessor.invoke(DirectMethodHandleAccessor.java:103)
	at java.base/java.lang.reflect.Method.invoke(Method.java:580)
	at org.springframework.orm.jpa.ExtendedEntityManagerCreator$ExtendedEntityManagerInvocationHandler.invoke(ExtendedEntityManagerCreator.java:364)
	at jdk.proxy2/jdk.proxy2.$Proxy117.createNamedQuery(Unknown Source)
	at org.springframework.data.jpa.repository.query.NamedQuery.hasNamedQuery(NamedQuery.java:120)
	at org.springframework.data.jpa.repository.query.NamedQuery.lookupFrom(NamedQuery.java:147)
	at org.springframework.data.jpa.repository.query.JpaQueryLookupStrategy$DeclaredQueryLookupStrategy.resolveQuery(JpaQueryLookupStrategy.java:184)
	at org.springframework.data.jpa.repository.query.JpaQueryLookupStrategy$CreateIfNotFoundQueryLookupStrategy.resolveQuery(JpaQueryLookupStrategy.java:254)
	at org.springframework.data.jpa.repository.query.JpaQueryLookupStrategy$AbstractQueryLookupStrategy.resolveQuery(JpaQueryLookupStrategy.java:99)
	at org.springframework.data.repository.core.support.QueryExecutorMethodInterceptor.lookupQuery(QueryExecutorMethodInterceptor.java:116)
	at org.springframework.data.repository.core.support.QueryExecutorMethodInterceptor.mapMethodsToQuery(QueryExecutorMethodInterceptor.java:104)
	at org.springframework.data.repository.core.support.QueryExecutorMethodInterceptor.lambda$new$0(QueryExecutorMethodInterceptor.java:92)
	at java.base/java.util.Optional.map(Optional.java:260)
	at org.springframework.data.repository.core.support.QueryExecutorMethodInterceptor.<init>(QueryExecutorMethodInterceptor.java:92)
	at org.springframework.data.repository.core.support.RepositoryFactorySupport.getRepository(RepositoryFactorySupport.java:431)
	at org.springframework.data.repository.core.support.RepositoryFactoryBeanSupport.lambda$afterPropertiesSet$4(RepositoryFactoryBeanSupport.java:350)
	at org.springframework.data.util.Lazy.getNullable(Lazy.java:135)
	at org.springframework.data.util.Lazy.get(Lazy.java:113)
	at org.springframework.data.repository.core.support.RepositoryFactoryBeanSupport.afterPropertiesSet(RepositoryFactoryBeanSupport.java:356)
	at org.springframework.data.jpa.repository.support.JpaRepositoryFactoryBean.afterPropertiesSet(JpaRepositoryFactoryBean.java:132)
	at org.springframework.beans.factory.support.AbstractAutowireCapableBeanFactory.invokeInitMethods(AbstractAutowireCapableBeanFactory.java:1865)
	at org.springframework.beans.factory.support.AbstractAutowireCapableBeanFactory.initializeBean(AbstractAutowireCapableBeanFactory.java:1814)
	at org.springframework.beans.factory.support.AbstractAutowireCapableBeanFactory.doCreateBean(AbstractAutowireCapableBeanFactory.java:607)
	at org.springframework.beans.factory.support.AbstractAutowireCapableBeanFactory.createBean(AbstractAutowireCapableBeanFactory.java:529)
	at org.springframework.beans.factory.support.AbstractBeanFactory.lambda$doGetBean$0(AbstractBeanFactory.java:339)
	at org.springframework.beans.factory.support.DefaultSingletonBeanRegistry.getSingleton(DefaultSingletonBeanRegistry.java:371)
	at org.springframework.beans.factory.support.AbstractBeanFactory.doGetBean(AbstractBeanFactory.java:337)
	at org.springframework.beans.factory.support.AbstractBeanFactory.getBean(AbstractBeanFactory.java:202)
	at org.springframework.beans.factory.support.DefaultListableBeanFactory.instantiateSingleton(DefaultListableBeanFactory.java:1215)
	at org.springframework.beans.factory.support.DefaultListableBeanFactory.preInstantiateSingleton(DefaultListableBeanFactory.java:1187)
	at org.springframework.beans.factory.support.DefaultListableBeanFactory.preInstantiateSingletons(DefaultListableBeanFactory.java:1122)
	at org.springframework.context.support.AbstractApplicationContext.finishBeanFactoryInitialization(AbstractApplicationContext.java:987)
	at org.springframework.context.support.AbstractApplicationContext.refresh(AbstractApplicationContext.java:627)
	at org.springframework.boot.web.servlet.context.ServletWebServerApplicationContext.refresh(ServletWebServerApplicationContext.java:146)
	at org.springframework.boot.SpringApplication.refresh(SpringApplication.java:753)
	at org.springframework.boot.SpringApplication.refreshContext(SpringApplication.java:439)
	at org.springframework.boot.SpringApplication.run(SpringApplication.java:318)
	at org.springframework.boot.SpringApplication.run(SpringApplication.java:1362)
	at org.springframework.boot.SpringApplication.run(SpringApplication.java:1351)
	at ru.bmstu.iu7.Main.main(Main.java:529)
2025-08-25 22:02:32 DEBUG [main] o.s.d.j.repository.query.NamedQuery - Did not find named query Tag.findByName
2025-08-25 22:02:32 DEBUG [main] o.s.o.j.SharedEntityManagerCreator$SharedEntityManagerInvocationHandler - Creating new EntityManager for shared EntityManager invocation
2025-08-25 22:02:32 DEBUG [main] o.s.d.r.c.s.RepositoryFactorySupport - Finished creation of repository instance for ru.bmstu.iu7.impl.SpringTagRepository.
2025-08-25 22:02:32 DEBUG [main] o.s.b.f.s.DefaultListableBeanFactory - Creating shared instance of singleton bean 'jpa.named-queries#4'
2025-08-25 22:02:32 DEBUG [main] o.s.b.f.s.DefaultListableBeanFactory - Creating shared instance of singleton bean 'jpa.SpringReqCacheRepository.fragments#0'
2025-08-25 22:02:32 DEBUG [main] o.s.b.f.s.DefaultListableBeanFactory - Creating shared instance of singleton bean 'springReqCacheRepository'
2025-08-25 22:02:32 DEBUG [main] o.s.o.j.SharedEntityManagerCreator$SharedEntityManagerInvocationHandler - Creating new EntityManager for shared EntityManager invocation
2025-08-25 22:02:32 DEBUG [main] o.s.d.r.c.s.RepositoryFactorySupport - Initializing repository instance for ru.bmstu.iu7.impl.SpringReqCacheRepository…
2025-08-25 22:02:32 DEBUG [main] o.s.o.j.SharedEntityManagerCreator$SharedEntityManagerInvocationHandler - Creating new EntityManager for shared EntityManager invocation
2025-08-25 22:02:32 DEBUG [main] o.s.d.j.repository.query.NamedQuery - Looking up named query 'ReqCache.findAllByQuestionnaire1_Id'
2025-08-25 22:02:32 DEBUG [main] o.h.r.t.b.j.i.JdbcResourceLocalTransactionCoordinatorImpl - JDBC transaction marked for rollback-only (exception provided for stack trace)
java.lang.Exception: exception just for purpose of providing stack trace
	at org.hibernate.resource.transaction.backend.jdbc.internal.JdbcResourceLocalTransactionCoordinatorImpl$TransactionDriverControlImpl.markRollbackOnly(JdbcResourceLocalTransactionCoordinatorImpl.java:309)
	at org.hibernate.internal.AbstractSharedSessionContract.buildNamedQuery(AbstractSharedSessionContract.java:1141)
	at org.hibernate.internal.AbstractSharedSessionContract.createNamedQuery(AbstractSharedSessionContract.java:1019)
	at org.hibernate.internal.AbstractSharedSessionContract.createNamedQuery(AbstractSharedSessionContract.java:143)
	at java.base/jdk.internal.reflect.DirectMethodHandleAccessor.invoke(DirectMethodHandleAccessor.java:103)
	at java.base/java.lang.reflect.Method.invoke(Method.java:580)
	at org.springframework.orm.jpa.ExtendedEntityManagerCreator$ExtendedEntityManagerInvocationHandler.invoke(ExtendedEntityManagerCreator.java:364)
	at jdk.proxy2/jdk.proxy2.$Proxy117.createNamedQuery(Unknown Source)
	at org.springframework.data.jpa.repository.query.NamedQuery.hasNamedQuery(NamedQuery.java:120)
	at org.springframework.data.jpa.repository.query.NamedQuery.lookupFrom(NamedQuery.java:147)
	at org.springframework.data.jpa.repository.query.JpaQueryLookupStrategy$DeclaredQueryLookupStrategy.resolveQuery(JpaQueryLookupStrategy.java:184)
	at org.springframework.data.jpa.repository.query.JpaQueryLookupStrategy$CreateIfNotFoundQueryLookupStrategy.resolveQuery(JpaQueryLookupStrategy.java:254)
	at org.springframework.data.jpa.repository.query.JpaQueryLookupStrategy$AbstractQueryLookupStrategy.resolveQuery(JpaQueryLookupStrategy.java:99)
	at org.springframework.data.repository.core.support.QueryExecutorMethodInterceptor.lookupQuery(QueryExecutorMethodInterceptor.java:116)
	at org.springframework.data.repository.core.support.QueryExecutorMethodInterceptor.mapMethodsToQuery(QueryExecutorMethodInterceptor.java:104)
	at org.springframework.data.repository.core.support.QueryExecutorMethodInterceptor.lambda$new$0(QueryExecutorMethodInterceptor.java:92)
	at java.base/java.util.Optional.map(Optional.java:260)
	at org.springframework.data.repository.core.support.QueryExecutorMethodInterceptor.<init>(QueryExecutorMethodInterceptor.java:92)
	at org.springframework.data.repository.core.support.RepositoryFactorySupport.getRepository(RepositoryFactorySupport.java:431)
	at org.springframework.data.repository.core.support.RepositoryFactoryBeanSupport.lambda$afterPropertiesSet$4(RepositoryFactoryBeanSupport.java:350)
	at org.springframework.data.util.Lazy.getNullable(Lazy.java:135)
	at org.springframework.data.util.Lazy.get(Lazy.java:113)
	at org.springframework.data.repository.core.support.RepositoryFactoryBeanSupport.afterPropertiesSet(RepositoryFactoryBeanSupport.java:356)
	at org.springframework.data.jpa.repository.support.JpaRepositoryFactoryBean.afterPropertiesSet(JpaRepositoryFactoryBean.java:132)
	at org.springframework.beans.factory.support.AbstractAutowireCapableBeanFactory.invokeInitMethods(AbstractAutowireCapableBeanFactory.java:1865)
	at org.springframework.beans.factory.support.AbstractAutowireCapableBeanFactory.initializeBean(AbstractAutowireCapableBeanFactory.java:1814)
	at org.springframework.beans.factory.support.AbstractAutowireCapableBeanFactory.doCreateBean(AbstractAutowireCapableBeanFactory.java:607)
	at org.springframework.beans.factory.support.AbstractAutowireCapableBeanFactory.createBean(AbstractAutowireCapableBeanFactory.java:529)
	at org.springframework.beans.factory.support.AbstractBeanFactory.lambda$doGetBean$0(AbstractBeanFactory.java:339)
	at org.springframework.beans.factory.support.DefaultSingletonBeanRegistry.getSingleton(DefaultSingletonBeanRegistry.java:371)
	at org.springframework.beans.factory.support.AbstractBeanFactory.doGetBean(AbstractBeanFactory.java:337)
	at org.springframework.beans.factory.support.AbstractBeanFactory.getBean(AbstractBeanFactory.java:202)
	at org.springframework.beans.factory.support.DefaultListableBeanFactory.instantiateSingleton(DefaultListableBeanFactory.java:1215)
	at org.springframework.beans.factory.support.DefaultListableBeanFactory.preInstantiateSingleton(DefaultListableBeanFactory.java:1187)
	at org.springframework.beans.factory.support.DefaultListableBeanFactory.preInstantiateSingletons(DefaultListableBeanFactory.java:1122)
	at org.springframework.context.support.AbstractApplicationContext.finishBeanFactoryInitialization(AbstractApplicationContext.java:987)
	at org.springframework.context.support.AbstractApplicationContext.refresh(AbstractApplicationContext.java:627)
	at org.springframework.boot.web.servlet.context.ServletWebServerApplicationContext.refresh(ServletWebServerApplicationContext.java:146)
	at org.springframework.boot.SpringApplication.refresh(SpringApplication.java:753)
	at org.springframework.boot.SpringApplication.refreshContext(SpringApplication.java:439)
	at org.springframework.boot.SpringApplication.run(SpringApplication.java:318)
	at org.springframework.boot.SpringApplication.run(SpringApplication.java:1362)
	at org.springframework.boot.SpringApplication.run(SpringApplication.java:1351)
	at ru.bmstu.iu7.Main.main(Main.java:529)
2025-08-25 22:02:32 DEBUG [main] o.s.d.j.repository.query.NamedQuery - Did not find named query ReqCache.findAllByQuestionnaire1_Id
2025-08-25 22:02:32 DEBUG [main] o.s.o.j.SharedEntityManagerCreator$SharedEntityManagerInvocationHandler - Creating new EntityManager for shared EntityManager invocation
2025-08-25 22:02:32 DEBUG [main] o.s.d.j.repository.query.NamedQuery - Looking up named query 'ReqCache.deleteAllByQuestionnaire1'
2025-08-25 22:02:32 DEBUG [main] o.h.r.t.b.j.i.JdbcResourceLocalTransactionCoordinatorImpl - JDBC transaction marked for rollback-only (exception provided for stack trace)
java.lang.Exception: exception just for purpose of providing stack trace
	at org.hibernate.resource.transaction.backend.jdbc.internal.JdbcResourceLocalTransactionCoordinatorImpl$TransactionDriverControlImpl.markRollbackOnly(JdbcResourceLocalTransactionCoordinatorImpl.java:309)
	at org.hibernate.internal.AbstractSharedSessionContract.buildNamedQuery(AbstractSharedSessionContract.java:1141)
	at org.hibernate.internal.AbstractSharedSessionContract.createNamedQuery(AbstractSharedSessionContract.java:1019)
	at org.hibernate.internal.AbstractSharedSessionContract.createNamedQuery(AbstractSharedSessionContract.java:143)
	at java.base/jdk.internal.reflect.DirectMethodHandleAccessor.invoke(DirectMethodHandleAccessor.java:103)
	at java.base/java.lang.reflect.Method.invoke(Method.java:580)
	at org.springframework.orm.jpa.ExtendedEntityManagerCreator$ExtendedEntityManagerInvocationHandler.invoke(ExtendedEntityManagerCreator.java:364)
	at jdk.proxy2/jdk.proxy2.$Proxy117.createNamedQuery(Unknown Source)
	at org.springframework.data.jpa.repository.query.NamedQuery.hasNamedQuery(NamedQuery.java:120)
	at org.springframework.data.jpa.repository.query.NamedQuery.lookupFrom(NamedQuery.java:147)
	at org.springframework.data.jpa.repository.query.JpaQueryLookupStrategy$DeclaredQueryLookupStrategy.resolveQuery(JpaQueryLookupStrategy.java:184)
	at org.springframework.data.jpa.repository.query.JpaQueryLookupStrategy$CreateIfNotFoundQueryLookupStrategy.resolveQuery(JpaQueryLookupStrategy.java:254)
	at org.springframework.data.jpa.repository.query.JpaQueryLookupStrategy$AbstractQueryLookupStrategy.resolveQuery(JpaQueryLookupStrategy.java:99)
	at org.springframework.data.repository.core.support.QueryExecutorMethodInterceptor.lookupQuery(QueryExecutorMethodInterceptor.java:116)
	at org.springframework.data.repository.core.support.QueryExecutorMethodInterceptor.mapMethodsToQuery(QueryExecutorMethodInterceptor.java:104)
	at org.springframework.data.repository.core.support.QueryExecutorMethodInterceptor.lambda$new$0(QueryExecutorMethodInterceptor.java:92)
	at java.base/java.util.Optional.map(Optional.java:260)
	at org.springframework.data.repository.core.support.QueryExecutorMethodInterceptor.<init>(QueryExecutorMethodInterceptor.java:92)
	at org.springframework.data.repository.core.support.RepositoryFactorySupport.getRepository(RepositoryFactorySupport.java:431)
	at org.springframework.data.repository.core.support.RepositoryFactoryBeanSupport.lambda$afterPropertiesSet$4(RepositoryFactoryBeanSupport.java:350)
	at org.springframework.data.util.Lazy.getNullable(Lazy.java:135)
	at org.springframework.data.util.Lazy.get(Lazy.java:113)
	at org.springframework.data.repository.core.support.RepositoryFactoryBeanSupport.afterPropertiesSet(RepositoryFactoryBeanSupport.java:356)
	at org.springframework.data.jpa.repository.support.JpaRepositoryFactoryBean.afterPropertiesSet(JpaRepositoryFactoryBean.java:132)
	at org.springframework.beans.factory.support.AbstractAutowireCapableBeanFactory.invokeInitMethods(AbstractAutowireCapableBeanFactory.java:1865)
	at org.springframework.beans.factory.support.AbstractAutowireCapableBeanFactory.initializeBean(AbstractAutowireCapableBeanFactory.java:1814)
	at org.springframework.beans.factory.support.AbstractAutowireCapableBeanFactory.doCreateBean(AbstractAutowireCapableBeanFactory.java:607)
	at org.springframework.beans.factory.support.AbstractAutowireCapableBeanFactory.createBean(AbstractAutowireCapableBeanFactory.java:529)
	at org.springframework.beans.factory.support.AbstractBeanFactory.lambda$doGetBean$0(AbstractBeanFactory.java:339)
	at org.springframework.beans.factory.support.DefaultSingletonBeanRegistry.getSingleton(DefaultSingletonBeanRegistry.java:371)
	at org.springframework.beans.factory.support.AbstractBeanFactory.doGetBean(AbstractBeanFactory.java:337)
	at org.springframework.beans.factory.support.AbstractBeanFactory.getBean(AbstractBeanFactory.java:202)
	at org.springframework.beans.factory.support.DefaultListableBeanFactory.instantiateSingleton(DefaultListableBeanFactory.java:1215)
	at org.springframework.beans.factory.support.DefaultListableBeanFactory.preInstantiateSingleton(DefaultListableBeanFactory.java:1187)
	at org.springframework.beans.factory.support.DefaultListableBeanFactory.preInstantiateSingletons(DefaultListableBeanFactory.java:1122)
	at org.springframework.context.support.AbstractApplicationContext.finishBeanFactoryInitialization(AbstractApplicationContext.java:987)
	at org.springframework.context.support.AbstractApplicationContext.refresh(AbstractApplicationContext.java:627)
	at org.springframework.boot.web.servlet.context.ServletWebServerApplicationContext.refresh(ServletWebServerApplicationContext.java:146)
	at org.springframework.boot.SpringApplication.refresh(SpringApplication.java:753)
	at org.springframework.boot.SpringApplication.refreshContext(SpringApplication.java:439)
	at org.springframework.boot.SpringApplication.run(SpringApplication.java:318)
	at org.springframework.boot.SpringApplication.run(SpringApplication.java:1362)
	at org.springframework.boot.SpringApplication.run(SpringApplication.java:1351)
	at ru.bmstu.iu7.Main.main(Main.java:529)
2025-08-25 22:02:32 DEBUG [main] o.s.d.j.repository.query.NamedQuery - Did not find named query ReqCache.deleteAllByQuestionnaire1
2025-08-25 22:02:32 DEBUG [main] o.s.o.j.SharedEntityManagerCreator$SharedEntityManagerInvocationHandler - Creating new EntityManager for shared EntityManager invocation
2025-08-25 22:02:32 DEBUG [main] o.s.d.j.repository.query.NamedQuery - Looking up named query 'ReqCache.existsByQuestionnaire1_Id_AndQuestionnaire2_Id'
2025-08-25 22:02:32 DEBUG [main] o.h.r.t.b.j.i.JdbcResourceLocalTransactionCoordinatorImpl - JDBC transaction marked for rollback-only (exception provided for stack trace)
java.lang.Exception: exception just for purpose of providing stack trace
	at org.hibernate.resource.transaction.backend.jdbc.internal.JdbcResourceLocalTransactionCoordinatorImpl$TransactionDriverControlImpl.markRollbackOnly(JdbcResourceLocalTransactionCoordinatorImpl.java:309)
	at org.hibernate.internal.AbstractSharedSessionContract.buildNamedQuery(AbstractSharedSessionContract.java:1141)
	at org.hibernate.internal.AbstractSharedSessionContract.createNamedQuery(AbstractSharedSessionContract.java:1019)
	at org.hibernate.internal.AbstractSharedSessionContract.createNamedQuery(AbstractSharedSessionContract.java:143)
	at java.base/jdk.internal.reflect.DirectMethodHandleAccessor.invoke(DirectMethodHandleAccessor.java:103)
	at java.base/java.lang.reflect.Method.invoke(Method.java:580)
	at org.springframework.orm.jpa.ExtendedEntityManagerCreator$ExtendedEntityManagerInvocationHandler.invoke(ExtendedEntityManagerCreator.java:364)
	at jdk.proxy2/jdk.proxy2.$Proxy117.createNamedQuery(Unknown Source)
	at org.springframework.data.jpa.repository.query.NamedQuery.hasNamedQuery(NamedQuery.java:120)
	at org.springframework.data.jpa.repository.query.NamedQuery.lookupFrom(NamedQuery.java:147)
	at org.springframework.data.jpa.repository.query.JpaQueryLookupStrategy$DeclaredQueryLookupStrategy.resolveQuery(JpaQueryLookupStrategy.java:184)
	at org.springframework.data.jpa.repository.query.JpaQueryLookupStrategy$CreateIfNotFoundQueryLookupStrategy.resolveQuery(JpaQueryLookupStrategy.java:254)
	at org.springframework.data.jpa.repository.query.JpaQueryLookupStrategy$AbstractQueryLookupStrategy.resolveQuery(JpaQueryLookupStrategy.java:99)
	at org.springframework.data.repository.core.support.QueryExecutorMethodInterceptor.lookupQuery(QueryExecutorMethodInterceptor.java:116)
	at org.springframework.data.repository.core.support.QueryExecutorMethodInterceptor.mapMethodsToQuery(QueryExecutorMethodInterceptor.java:104)
	at org.springframework.data.repository.core.support.QueryExecutorMethodInterceptor.lambda$new$0(QueryExecutorMethodInterceptor.java:92)
	at java.base/java.util.Optional.map(Optional.java:260)
	at org.springframework.data.repository.core.support.QueryExecutorMethodInterceptor.<init>(QueryExecutorMethodInterceptor.java:92)
	at org.springframework.data.repository.core.support.RepositoryFactorySupport.getRepository(RepositoryFactorySupport.java:431)
	at org.springframework.data.repository.core.support.RepositoryFactoryBeanSupport.lambda$afterPropertiesSet$4(RepositoryFactoryBeanSupport.java:350)
	at org.springframework.data.util.Lazy.getNullable(Lazy.java:135)
	at org.springframework.data.util.Lazy.get(Lazy.java:113)
	at org.springframework.data.repository.core.support.RepositoryFactoryBeanSupport.afterPropertiesSet(RepositoryFactoryBeanSupport.java:356)
	at org.springframework.data.jpa.repository.support.JpaRepositoryFactoryBean.afterPropertiesSet(JpaRepositoryFactoryBean.java:132)
	at org.springframework.beans.factory.support.AbstractAutowireCapableBeanFactory.invokeInitMethods(AbstractAutowireCapableBeanFactory.java:1865)
	at org.springframework.beans.factory.support.AbstractAutowireCapableBeanFactory.initializeBean(AbstractAutowireCapableBeanFactory.java:1814)
	at org.springframework.beans.factory.support.AbstractAutowireCapableBeanFactory.doCreateBean(AbstractAutowireCapableBeanFactory.java:607)
	at org.springframework.beans.factory.support.AbstractAutowireCapableBeanFactory.createBean(AbstractAutowireCapableBeanFactory.java:529)
	at org.springframework.beans.factory.support.AbstractBeanFactory.lambda$doGetBean$0(AbstractBeanFactory.java:339)
	at org.springframework.beans.factory.support.DefaultSingletonBeanRegistry.getSingleton(DefaultSingletonBeanRegistry.java:371)
	at org.springframework.beans.factory.support.AbstractBeanFactory.doGetBean(AbstractBeanFactory.java:337)
	at org.springframework.beans.factory.support.AbstractBeanFactory.getBean(AbstractBeanFactory.java:202)
	at org.springframework.beans.factory.support.DefaultListableBeanFactory.instantiateSingleton(DefaultListableBeanFactory.java:1215)
	at org.springframework.beans.factory.support.DefaultListableBeanFactory.preInstantiateSingleton(DefaultListableBeanFactory.java:1187)
	at org.springframework.beans.factory.support.DefaultListableBeanFactory.preInstantiateSingletons(DefaultListableBeanFactory.java:1122)
	at org.springframework.context.support.AbstractApplicationContext.finishBeanFactoryInitialization(AbstractApplicationContext.java:987)
	at org.springframework.context.support.AbstractApplicationContext.refresh(AbstractApplicationContext.java:627)
	at org.springframework.boot.web.servlet.context.ServletWebServerApplicationContext.refresh(ServletWebServerApplicationContext.java:146)
	at org.springframework.boot.SpringApplication.refresh(SpringApplication.java:753)
	at org.springframework.boot.SpringApplication.refreshContext(SpringApplication.java:439)
	at org.springframework.boot.SpringApplication.run(SpringApplication.java:318)
	at org.springframework.boot.SpringApplication.run(SpringApplication.java:1362)
	at org.springframework.boot.SpringApplication.run(SpringApplication.java:1351)
	at ru.bmstu.iu7.Main.main(Main.java:529)
2025-08-25 22:02:32 DEBUG [main] o.s.d.j.repository.query.NamedQuery - Did not find named query ReqCache.existsByQuestionnaire1_Id_AndQuestionnaire2_Id
2025-08-25 22:02:32 DEBUG [main] o.s.o.j.SharedEntityManagerCreator$SharedEntityManagerInvocationHandler - Creating new EntityManager for shared EntityManager invocation
2025-08-25 22:02:32 DEBUG [main] o.s.d.r.c.s.RepositoryFactorySupport - Finished creation of repository instance for ru.bmstu.iu7.impl.SpringReqCacheRepository.
2025-08-25 22:02:32 DEBUG [main] o.s.b.f.s.DefaultListableBeanFactory - Creating shared instance of singleton bean 'jpa.named-queries#5'
2025-08-25 22:02:32 DEBUG [main] o.s.b.f.s.DefaultListableBeanFactory - Creating shared instance of singleton bean 'jpa.SpringExtendedAnswerRepository.fragments#0'
2025-08-25 22:02:32 DEBUG [main] o.s.b.f.s.DefaultListableBeanFactory - Creating shared instance of singleton bean 'springExtendedAnswerRepository'
2025-08-25 22:02:32 DEBUG [main] o.s.o.j.SharedEntityManagerCreator$SharedEntityManagerInvocationHandler - Creating new EntityManager for shared EntityManager invocation
2025-08-25 22:02:32 DEBUG [main] o.s.d.r.c.s.RepositoryFactorySupport - Initializing repository instance for ru.bmstu.iu7.impl.SpringExtendedAnswerRepository…
2025-08-25 22:02:32 DEBUG [main] o.s.o.j.SharedEntityManagerCreator$SharedEntityManagerInvocationHandler - Creating new EntityManager for shared EntityManager invocation
2025-08-25 22:02:32 DEBUG [main] o.s.d.r.c.s.RepositoryFactorySupport - Finished creation of repository instance for ru.bmstu.iu7.impl.SpringExtendedAnswerRepository.
2025-08-25 22:02:32 DEBUG [main] o.s.b.f.s.DefaultListableBeanFactory - Creating shared instance of singleton bean 'jpa.named-queries#6'
2025-08-25 22:02:32 DEBUG [main] o.s.b.f.s.DefaultListableBeanFactory - Creating shared instance of singleton bean 'jpa.SpringQuestionnaireRepository.fragments#0'
2025-08-25 22:02:32 DEBUG [main] o.s.b.f.s.DefaultListableBeanFactory - Creating shared instance of singleton bean 'springQuestionnaireRepository'
2025-08-25 22:02:32 DEBUG [main] o.s.o.j.SharedEntityManagerCreator$SharedEntityManagerInvocationHandler - Creating new EntityManager for shared EntityManager invocation
2025-08-25 22:02:32 DEBUG [main] o.s.d.r.c.s.RepositoryFactorySupport - Initializing repository instance for ru.bmstu.iu7.impl.SpringQuestionnaireRepository…
2025-08-25 22:02:32 DEBUG [main] o.s.o.j.SharedEntityManagerCreator$SharedEntityManagerInvocationHandler - Creating new EntityManager for shared EntityManager invocation
2025-08-25 22:02:32 WARN  [main] o.s.d.repository.query.ReturnedType - No constructor parameter names discovered. Compile the affected code with '-parameters' instead or avoid its introspection: ru.bmstu.iu7.impl.QuestionTagDto
2025-08-25 22:02:32 DEBUG [main] o.h.r.t.b.j.i.JdbcResourceLocalTransactionCoordinatorImpl - JDBC transaction marked for rollback-only (exception provided for stack trace)
java.lang.Exception: exception just for purpose of providing stack trace
	at org.hibernate.resource.transaction.backend.jdbc.internal.JdbcResourceLocalTransactionCoordinatorImpl$TransactionDriverControlImpl.markRollbackOnly(JdbcResourceLocalTransactionCoordinatorImpl.java:309)
	at org.hibernate.internal.AbstractSharedSessionContract.buildNamedQuery(AbstractSharedSessionContract.java:1141)
	at org.hibernate.internal.AbstractSharedSessionContract.createNamedQuery(AbstractSharedSessionContract.java:1019)
	at org.hibernate.internal.AbstractSharedSessionContract.createNamedQuery(AbstractSharedSessionContract.java:143)
	at java.base/jdk.internal.reflect.DirectMethodHandleAccessor.invoke(DirectMethodHandleAccessor.java:103)
	at java.base/java.lang.reflect.Method.invoke(Method.java:580)
	at org.springframework.orm.jpa.ExtendedEntityManagerCreator$ExtendedEntityManagerInvocationHandler.invoke(ExtendedEntityManagerCreator.java:364)
	at jdk.proxy2/jdk.proxy2.$Proxy117.createNamedQuery(Unknown Source)
	at org.springframework.data.jpa.repository.query.NamedQuery.hasNamedQuery(NamedQuery.java:120)
	at org.springframework.data.jpa.repository.query.JpaQueryLookupStrategy$DeclaredQueryLookupStrategy.getCountQuery(JpaQueryLookupStrategy.java:206)
	at org.springframework.data.jpa.repository.query.JpaQueryLookupStrategy$DeclaredQueryLookupStrategy.resolveQuery(JpaQueryLookupStrategy.java:175)
	at org.springframework.data.jpa.repository.query.JpaQueryLookupStrategy$CreateIfNotFoundQueryLookupStrategy.resolveQuery(JpaQueryLookupStrategy.java:254)
	at org.springframework.data.jpa.repository.query.JpaQueryLookupStrategy$AbstractQueryLookupStrategy.resolveQuery(JpaQueryLookupStrategy.java:99)
	at org.springframework.data.repository.core.support.QueryExecutorMethodInterceptor.lookupQuery(QueryExecutorMethodInterceptor.java:116)
	at org.springframework.data.repository.core.support.QueryExecutorMethodInterceptor.mapMethodsToQuery(QueryExecutorMethodInterceptor.java:104)
	at org.springframework.data.repository.core.support.QueryExecutorMethodInterceptor.lambda$new$0(QueryExecutorMethodInterceptor.java:92)
	at java.base/java.util.Optional.map(Optional.java:260)
	at org.springframework.data.repository.core.support.QueryExecutorMethodInterceptor.<init>(QueryExecutorMethodInterceptor.java:92)
	at org.springframework.data.repository.core.support.RepositoryFactorySupport.getRepository(RepositoryFactorySupport.java:431)
	at org.springframework.data.repository.core.support.RepositoryFactoryBeanSupport.lambda$afterPropertiesSet$4(RepositoryFactoryBeanSupport.java:350)
	at org.springframework.data.util.Lazy.getNullable(Lazy.java:135)
	at org.springframework.data.util.Lazy.get(Lazy.java:113)
	at org.springframework.data.repository.core.support.RepositoryFactoryBeanSupport.afterPropertiesSet(RepositoryFactoryBeanSupport.java:356)
	at org.springframework.data.jpa.repository.support.JpaRepositoryFactoryBean.afterPropertiesSet(JpaRepositoryFactoryBean.java:132)
	at org.springframework.beans.factory.support.AbstractAutowireCapableBeanFactory.invokeInitMethods(AbstractAutowireCapableBeanFactory.java:1865)
	at org.springframework.beans.factory.support.AbstractAutowireCapableBeanFactory.initializeBean(AbstractAutowireCapableBeanFactory.java:1814)
	at org.springframework.beans.factory.support.AbstractAutowireCapableBeanFactory.doCreateBean(AbstractAutowireCapableBeanFactory.java:607)
	at org.springframework.beans.factory.support.AbstractAutowireCapableBeanFactory.createBean(AbstractAutowireCapableBeanFactory.java:529)
	at org.springframework.beans.factory.support.AbstractBeanFactory.lambda$doGetBean$0(AbstractBeanFactory.java:339)
	at org.springframework.beans.factory.support.DefaultSingletonBeanRegistry.getSingleton(DefaultSingletonBeanRegistry.java:371)
	at org.springframework.beans.factory.support.AbstractBeanFactory.doGetBean(AbstractBeanFactory.java:337)
	at org.springframework.beans.factory.support.AbstractBeanFactory.getBean(AbstractBeanFactory.java:202)
	at org.springframework.beans.factory.support.DefaultListableBeanFactory.instantiateSingleton(DefaultListableBeanFactory.java:1215)
	at org.springframework.beans.factory.support.DefaultListableBeanFactory.preInstantiateSingleton(DefaultListableBeanFactory.java:1187)
	at org.springframework.beans.factory.support.DefaultListableBeanFactory.preInstantiateSingletons(DefaultListableBeanFactory.java:1122)
	at org.springframework.context.support.AbstractApplicationContext.finishBeanFactoryInitialization(AbstractApplicationContext.java:987)
	at org.springframework.context.support.AbstractApplicationContext.refresh(AbstractApplicationContext.java:627)
	at org.springframework.boot.web.servlet.context.ServletWebServerApplicationContext.refresh(ServletWebServerApplicationContext.java:146)
	at org.springframework.boot.SpringApplication.refresh(SpringApplication.java:753)
	at org.springframework.boot.SpringApplication.refreshContext(SpringApplication.java:439)
	at org.springframework.boot.SpringApplication.run(SpringApplication.java:318)
	at org.springframework.boot.SpringApplication.run(SpringApplication.java:1362)
	at org.springframework.boot.SpringApplication.run(SpringApplication.java:1351)
	at ru.bmstu.iu7.Main.main(Main.java:529)
2025-08-25 22:02:32 DEBUG [main] o.s.d.j.repository.query.NamedQuery - Did not find named query Questionnaire.findTopQuestionTags.count
2025-08-25 22:02:32 DEBUG [main] o.s.o.j.SharedEntityManagerCreator$SharedEntityManagerInvocationHandler - Creating new EntityManager for shared EntityManager invocation
2025-08-25 22:02:32 INFO  [main] o.s.d.j.r.query.QueryEnhancerFactory - Hibernate is in classpath; If applicable, HQL parser will be used.
2025-08-25 22:02:32 DEBUG [main] o.h.r.t.b.j.i.JdbcResourceLocalTransactionCoordinatorImpl - JDBC transaction marked for rollback-only (exception provided for stack trace)
java.lang.Exception: exception just for purpose of providing stack trace
	at org.hibernate.resource.transaction.backend.jdbc.internal.JdbcResourceLocalTransactionCoordinatorImpl$TransactionDriverControlImpl.markRollbackOnly(JdbcResourceLocalTransactionCoordinatorImpl.java:309)
	at org.hibernate.internal.AbstractSharedSessionContract.buildNamedQuery(AbstractSharedSessionContract.java:1141)
	at org.hibernate.internal.AbstractSharedSessionContract.createNamedQuery(AbstractSharedSessionContract.java:1019)
	at org.hibernate.internal.AbstractSharedSessionContract.createNamedQuery(AbstractSharedSessionContract.java:143)
	at java.base/jdk.internal.reflect.DirectMethodHandleAccessor.invoke(DirectMethodHandleAccessor.java:103)
	at java.base/java.lang.reflect.Method.invoke(Method.java:580)
	at org.springframework.orm.jpa.ExtendedEntityManagerCreator$ExtendedEntityManagerInvocationHandler.invoke(ExtendedEntityManagerCreator.java:364)
	at jdk.proxy2/jdk.proxy2.$Proxy117.createNamedQuery(Unknown Source)
	at org.springframework.data.jpa.repository.query.NamedQuery.hasNamedQuery(NamedQuery.java:120)
	at org.springframework.data.jpa.repository.query.JpaQueryLookupStrategy$DeclaredQueryLookupStrategy.getCountQuery(JpaQueryLookupStrategy.java:206)
	at org.springframework.data.jpa.repository.query.JpaQueryLookupStrategy$DeclaredQueryLookupStrategy.resolveQuery(JpaQueryLookupStrategy.java:175)
	at org.springframework.data.jpa.repository.query.JpaQueryLookupStrategy$CreateIfNotFoundQueryLookupStrategy.resolveQuery(JpaQueryLookupStrategy.java:254)
	at org.springframework.data.jpa.repository.query.JpaQueryLookupStrategy$AbstractQueryLookupStrategy.resolveQuery(JpaQueryLookupStrategy.java:99)
	at org.springframework.data.repository.core.support.QueryExecutorMethodInterceptor.lookupQuery(QueryExecutorMethodInterceptor.java:116)
	at org.springframework.data.repository.core.support.QueryExecutorMethodInterceptor.mapMethodsToQuery(QueryExecutorMethodInterceptor.java:104)
	at org.springframework.data.repository.core.support.QueryExecutorMethodInterceptor.lambda$new$0(QueryExecutorMethodInterceptor.java:92)
	at java.base/java.util.Optional.map(Optional.java:260)
	at org.springframework.data.repository.core.support.QueryExecutorMethodInterceptor.<init>(QueryExecutorMethodInterceptor.java:92)
	at org.springframework.data.repository.core.support.RepositoryFactorySupport.getRepository(RepositoryFactorySupport.java:431)
	at org.springframework.data.repository.core.support.RepositoryFactoryBeanSupport.lambda$afterPropertiesSet$4(RepositoryFactoryBeanSupport.java:350)
	at org.springframework.data.util.Lazy.getNullable(Lazy.java:135)
	at org.springframework.data.util.Lazy.get(Lazy.java:113)
	at org.springframework.data.repository.core.support.RepositoryFactoryBeanSupport.afterPropertiesSet(RepositoryFactoryBeanSupport.java:356)
	at org.springframework.data.jpa.repository.support.JpaRepositoryFactoryBean.afterPropertiesSet(JpaRepositoryFactoryBean.java:132)
	at org.springframework.beans.factory.support.AbstractAutowireCapableBeanFactory.invokeInitMethods(AbstractAutowireCapableBeanFactory.java:1865)
	at org.springframework.beans.factory.support.AbstractAutowireCapableBeanFactory.initializeBean(AbstractAutowireCapableBeanFactory.java:1814)
	at org.springframework.beans.factory.support.AbstractAutowireCapableBeanFactory.doCreateBean(AbstractAutowireCapableBeanFactory.java:607)
	at org.springframework.beans.factory.support.AbstractAutowireCapableBeanFactory.createBean(AbstractAutowireCapableBeanFactory.java:529)
	at org.springframework.beans.factory.support.AbstractBeanFactory.lambda$doGetBean$0(AbstractBeanFactory.java:339)
	at org.springframework.beans.factory.support.DefaultSingletonBeanRegistry.getSingleton(DefaultSingletonBeanRegistry.java:371)
	at org.springframework.beans.factory.support.AbstractBeanFactory.doGetBean(AbstractBeanFactory.java:337)
	at org.springframework.beans.factory.support.AbstractBeanFactory.getBean(AbstractBeanFactory.java:202)
	at org.springframework.beans.factory.support.DefaultListableBeanFactory.instantiateSingleton(DefaultListableBeanFactory.java:1215)
	at org.springframework.beans.factory.support.DefaultListableBeanFactory.preInstantiateSingleton(DefaultListableBeanFactory.java:1187)
	at org.springframework.beans.factory.support.DefaultListableBeanFactory.preInstantiateSingletons(DefaultListableBeanFactory.java:1122)
	at org.springframework.context.support.AbstractApplicationContext.finishBeanFactoryInitialization(AbstractApplicationContext.java:987)
	at org.springframework.context.support.AbstractApplicationContext.refresh(AbstractApplicationContext.java:627)
	at org.springframework.boot.web.servlet.context.ServletWebServerApplicationContext.refresh(ServletWebServerApplicationContext.java:146)
	at org.springframework.boot.SpringApplication.refresh(SpringApplication.java:753)
	at org.springframework.boot.SpringApplication.refreshContext(SpringApplication.java:439)
	at org.springframework.boot.SpringApplication.run(SpringApplication.java:318)
	at org.springframework.boot.SpringApplication.run(SpringApplication.java:1362)
	at org.springframework.boot.SpringApplication.run(SpringApplication.java:1351)
	at ru.bmstu.iu7.Main.main(Main.java:529)
2025-08-25 22:02:32 DEBUG [main] o.s.d.j.repository.query.NamedQuery - Did not find named query Questionnaire.findRecommendedQuestionnaireIds.count
2025-08-25 22:02:32 DEBUG [main] o.s.o.j.SharedEntityManagerCreator$SharedEntityManagerInvocationHandler - Creating new EntityManager for shared EntityManager invocation
2025-08-25 22:02:32 DEBUG [main] o.s.d.j.repository.query.NamedQuery - Looking up named query 'Questionnaire.findByUserId'
2025-08-25 22:02:32 DEBUG [main] o.h.r.t.b.j.i.JdbcResourceLocalTransactionCoordinatorImpl - JDBC transaction marked for rollback-only (exception provided for stack trace)
java.lang.Exception: exception just for purpose of providing stack trace
	at org.hibernate.resource.transaction.backend.jdbc.internal.JdbcResourceLocalTransactionCoordinatorImpl$TransactionDriverControlImpl.markRollbackOnly(JdbcResourceLocalTransactionCoordinatorImpl.java:309)
	at org.hibernate.internal.AbstractSharedSessionContract.buildNamedQuery(AbstractSharedSessionContract.java:1141)
	at org.hibernate.internal.AbstractSharedSessionContract.createNamedQuery(AbstractSharedSessionContract.java:1019)
	at org.hibernate.internal.AbstractSharedSessionContract.createNamedQuery(AbstractSharedSessionContract.java:143)
	at java.base/jdk.internal.reflect.DirectMethodHandleAccessor.invoke(DirectMethodHandleAccessor.java:103)
	at java.base/java.lang.reflect.Method.invoke(Method.java:580)
	at org.springframework.orm.jpa.ExtendedEntityManagerCreator$ExtendedEntityManagerInvocationHandler.invoke(ExtendedEntityManagerCreator.java:364)
	at jdk.proxy2/jdk.proxy2.$Proxy117.createNamedQuery(Unknown Source)
	at org.springframework.data.jpa.repository.query.NamedQuery.hasNamedQuery(NamedQuery.java:120)
	at org.springframework.data.jpa.repository.query.NamedQuery.lookupFrom(NamedQuery.java:147)
	at org.springframework.data.jpa.repository.query.JpaQueryLookupStrategy$DeclaredQueryLookupStrategy.resolveQuery(JpaQueryLookupStrategy.java:184)
	at org.springframework.data.jpa.repository.query.JpaQueryLookupStrategy$CreateIfNotFoundQueryLookupStrategy.resolveQuery(JpaQueryLookupStrategy.java:254)
	at org.springframework.data.jpa.repository.query.JpaQueryLookupStrategy$AbstractQueryLookupStrategy.resolveQuery(JpaQueryLookupStrategy.java:99)
	at org.springframework.data.repository.core.support.QueryExecutorMethodInterceptor.lookupQuery(QueryExecutorMethodInterceptor.java:116)
	at org.springframework.data.repository.core.support.QueryExecutorMethodInterceptor.mapMethodsToQuery(QueryExecutorMethodInterceptor.java:104)
	at org.springframework.data.repository.core.support.QueryExecutorMethodInterceptor.lambda$new$0(QueryExecutorMethodInterceptor.java:92)
	at java.base/java.util.Optional.map(Optional.java:260)
	at org.springframework.data.repository.core.support.QueryExecutorMethodInterceptor.<init>(QueryExecutorMethodInterceptor.java:92)
	at org.springframework.data.repository.core.support.RepositoryFactorySupport.getRepository(RepositoryFactorySupport.java:431)
	at org.springframework.data.repository.core.support.RepositoryFactoryBeanSupport.lambda$afterPropertiesSet$4(RepositoryFactoryBeanSupport.java:350)
	at org.springframework.data.util.Lazy.getNullable(Lazy.java:135)
	at org.springframework.data.util.Lazy.get(Lazy.java:113)
	at org.springframework.data.repository.core.support.RepositoryFactoryBeanSupport.afterPropertiesSet(RepositoryFactoryBeanSupport.java:356)
	at org.springframework.data.jpa.repository.support.JpaRepositoryFactoryBean.afterPropertiesSet(JpaRepositoryFactoryBean.java:132)
	at org.springframework.beans.factory.support.AbstractAutowireCapableBeanFactory.invokeInitMethods(AbstractAutowireCapableBeanFactory.java:1865)
	at org.springframework.beans.factory.support.AbstractAutowireCapableBeanFactory.initializeBean(AbstractAutowireCapableBeanFactory.java:1814)
	at org.springframework.beans.factory.support.AbstractAutowireCapableBeanFactory.doCreateBean(AbstractAutowireCapableBeanFactory.java:607)
	at org.springframework.beans.factory.support.AbstractAutowireCapableBeanFactory.createBean(AbstractAutowireCapableBeanFactory.java:529)
	at org.springframework.beans.factory.support.AbstractBeanFactory.lambda$doGetBean$0(AbstractBeanFactory.java:339)
	at org.springframework.beans.factory.support.DefaultSingletonBeanRegistry.getSingleton(DefaultSingletonBeanRegistry.java:371)
	at org.springframework.beans.factory.support.AbstractBeanFactory.doGetBean(AbstractBeanFactory.java:337)
	at org.springframework.beans.factory.support.AbstractBeanFactory.getBean(AbstractBeanFactory.java:202)
	at org.springframework.beans.factory.support.DefaultListableBeanFactory.instantiateSingleton(DefaultListableBeanFactory.java:1215)
	at org.springframework.beans.factory.support.DefaultListableBeanFactory.preInstantiateSingleton(DefaultListableBeanFactory.java:1187)
	at org.springframework.beans.factory.support.DefaultListableBeanFactory.preInstantiateSingletons(DefaultListableBeanFactory.java:1122)
	at org.springframework.context.support.AbstractApplicationContext.finishBeanFactoryInitialization(AbstractApplicationContext.java:987)
	at org.springframework.context.support.AbstractApplicationContext.refresh(AbstractApplicationContext.java:627)
	at org.springframework.boot.web.servlet.context.ServletWebServerApplicationContext.refresh(ServletWebServerApplicationContext.java:146)
	at org.springframework.boot.SpringApplication.refresh(SpringApplication.java:753)
	at org.springframework.boot.SpringApplication.refreshContext(SpringApplication.java:439)
	at org.springframework.boot.SpringApplication.run(SpringApplication.java:318)
	at org.springframework.boot.SpringApplication.run(SpringApplication.java:1362)
	at org.springframework.boot.SpringApplication.run(SpringApplication.java:1351)
	at ru.bmstu.iu7.Main.main(Main.java:529)
2025-08-25 22:02:32 DEBUG [main] o.s.d.j.repository.query.NamedQuery - Did not find named query Questionnaire.findByUserId
2025-08-25 22:02:32 DEBUG [main] o.s.o.j.SharedEntityManagerCreator$SharedEntityManagerInvocationHandler - Creating new EntityManager for shared EntityManager invocation
2025-08-25 22:02:32 DEBUG [main] o.s.d.j.repository.query.NamedQuery - Looking up named query 'Questionnaire.deleteByUserId'
2025-08-25 22:02:32 DEBUG [main] o.h.r.t.b.j.i.JdbcResourceLocalTransactionCoordinatorImpl - JDBC transaction marked for rollback-only (exception provided for stack trace)
java.lang.Exception: exception just for purpose of providing stack trace
	at org.hibernate.resource.transaction.backend.jdbc.internal.JdbcResourceLocalTransactionCoordinatorImpl$TransactionDriverControlImpl.markRollbackOnly(JdbcResourceLocalTransactionCoordinatorImpl.java:309)
	at org.hibernate.internal.AbstractSharedSessionContract.buildNamedQuery(AbstractSharedSessionContract.java:1141)
	at org.hibernate.internal.AbstractSharedSessionContract.createNamedQuery(AbstractSharedSessionContract.java:1019)
	at org.hibernate.internal.AbstractSharedSessionContract.createNamedQuery(AbstractSharedSessionContract.java:143)
	at java.base/jdk.internal.reflect.DirectMethodHandleAccessor.invoke(DirectMethodHandleAccessor.java:103)
	at java.base/java.lang.reflect.Method.invoke(Method.java:580)
	at org.springframework.orm.jpa.ExtendedEntityManagerCreator$ExtendedEntityManagerInvocationHandler.invoke(ExtendedEntityManagerCreator.java:364)
	at jdk.proxy2/jdk.proxy2.$Proxy117.createNamedQuery(Unknown Source)
	at org.springframework.data.jpa.repository.query.NamedQuery.hasNamedQuery(NamedQuery.java:120)
	at org.springframework.data.jpa.repository.query.NamedQuery.lookupFrom(NamedQuery.java:147)
	at org.springframework.data.jpa.repository.query.JpaQueryLookupStrategy$DeclaredQueryLookupStrategy.resolveQuery(JpaQueryLookupStrategy.java:184)
	at org.springframework.data.jpa.repository.query.JpaQueryLookupStrategy$CreateIfNotFoundQueryLookupStrategy.resolveQuery(JpaQueryLookupStrategy.java:254)
	at org.springframework.data.jpa.repository.query.JpaQueryLookupStrategy$AbstractQueryLookupStrategy.resolveQuery(JpaQueryLookupStrategy.java:99)
	at org.springframework.data.repository.core.support.QueryExecutorMethodInterceptor.lookupQuery(QueryExecutorMethodInterceptor.java:116)
	at org.springframework.data.repository.core.support.QueryExecutorMethodInterceptor.mapMethodsToQuery(QueryExecutorMethodInterceptor.java:104)
	at org.springframework.data.repository.core.support.QueryExecutorMethodInterceptor.lambda$new$0(QueryExecutorMethodInterceptor.java:92)
	at java.base/java.util.Optional.map(Optional.java:260)
	at org.springframework.data.repository.core.support.QueryExecutorMethodInterceptor.<init>(QueryExecutorMethodInterceptor.java:92)
	at org.springframework.data.repository.core.support.RepositoryFactorySupport.getRepository(RepositoryFactorySupport.java:431)
	at org.springframework.data.repository.core.support.RepositoryFactoryBeanSupport.lambda$afterPropertiesSet$4(RepositoryFactoryBeanSupport.java:350)
	at org.springframework.data.util.Lazy.getNullable(Lazy.java:135)
	at org.springframework.data.util.Lazy.get(Lazy.java:113)
	at org.springframework.data.repository.core.support.RepositoryFactoryBeanSupport.afterPropertiesSet(RepositoryFactoryBeanSupport.java:356)
	at org.springframework.data.jpa.repository.support.JpaRepositoryFactoryBean.afterPropertiesSet(JpaRepositoryFactoryBean.java:132)
	at org.springframework.beans.factory.support.AbstractAutowireCapableBeanFactory.invokeInitMethods(AbstractAutowireCapableBeanFactory.java:1865)
	at org.springframework.beans.factory.support.AbstractAutowireCapableBeanFactory.initializeBean(AbstractAutowireCapableBeanFactory.java:1814)
	at org.springframework.beans.factory.support.AbstractAutowireCapableBeanFactory.doCreateBean(AbstractAutowireCapableBeanFactory.java:607)
	at org.springframework.beans.factory.support.AbstractAutowireCapableBeanFactory.createBean(AbstractAutowireCapableBeanFactory.java:529)
	at org.springframework.beans.factory.support.AbstractBeanFactory.lambda$doGetBean$0(AbstractBeanFactory.java:339)
	at org.springframework.beans.factory.support.DefaultSingletonBeanRegistry.getSingleton(DefaultSingletonBeanRegistry.java:371)
	at org.springframework.beans.factory.support.AbstractBeanFactory.doGetBean(AbstractBeanFactory.java:337)
	at org.springframework.beans.factory.support.AbstractBeanFactory.getBean(AbstractBeanFactory.java:202)
	at org.springframework.beans.factory.support.DefaultListableBeanFactory.instantiateSingleton(DefaultListableBeanFactory.java:1215)
	at org.springframework.beans.factory.support.DefaultListableBeanFactory.preInstantiateSingleton(DefaultListableBeanFactory.java:1187)
	at org.springframework.beans.factory.support.DefaultListableBeanFactory.preInstantiateSingletons(DefaultListableBeanFactory.java:1122)
	at org.springframework.context.support.AbstractApplicationContext.finishBeanFactoryInitialization(AbstractApplicationContext.java:987)
	at org.springframework.context.support.AbstractApplicationContext.refresh(AbstractApplicationContext.java:627)
	at org.springframework.boot.web.servlet.context.ServletWebServerApplicationContext.refresh(ServletWebServerApplicationContext.java:146)
	at org.springframework.boot.SpringApplication.refresh(SpringApplication.java:753)
	at org.springframework.boot.SpringApplication.refreshContext(SpringApplication.java:439)
	at org.springframework.boot.SpringApplication.run(SpringApplication.java:318)
	at org.springframework.boot.SpringApplication.run(SpringApplication.java:1362)
	at org.springframework.boot.SpringApplication.run(SpringApplication.java:1351)
	at ru.bmstu.iu7.Main.main(Main.java:529)
2025-08-25 22:02:32 DEBUG [main] o.s.d.j.repository.query.NamedQuery - Did not find named query Questionnaire.deleteByUserId
2025-08-25 22:02:32 DEBUG [main] o.s.o.j.SharedEntityManagerCreator$SharedEntityManagerInvocationHandler - Creating new EntityManager for shared EntityManager invocation
2025-08-25 22:02:32 DEBUG [main] o.s.d.j.repository.query.NamedQuery - Looking up named query 'Questionnaire.findAllByUserIdNot'
2025-08-25 22:02:32 DEBUG [main] o.h.r.t.b.j.i.JdbcResourceLocalTransactionCoordinatorImpl - JDBC transaction marked for rollback-only (exception provided for stack trace)
java.lang.Exception: exception just for purpose of providing stack trace
	at org.hibernate.resource.transaction.backend.jdbc.internal.JdbcResourceLocalTransactionCoordinatorImpl$TransactionDriverControlImpl.markRollbackOnly(JdbcResourceLocalTransactionCoordinatorImpl.java:309)
	at org.hibernate.internal.AbstractSharedSessionContract.buildNamedQuery(AbstractSharedSessionContract.java:1141)
	at org.hibernate.internal.AbstractSharedSessionContract.createNamedQuery(AbstractSharedSessionContract.java:1019)
	at org.hibernate.internal.AbstractSharedSessionContract.createNamedQuery(AbstractSharedSessionContract.java:143)
	at java.base/jdk.internal.reflect.DirectMethodHandleAccessor.invoke(DirectMethodHandleAccessor.java:103)
	at java.base/java.lang.reflect.Method.invoke(Method.java:580)
	at org.springframework.orm.jpa.ExtendedEntityManagerCreator$ExtendedEntityManagerInvocationHandler.invoke(ExtendedEntityManagerCreator.java:364)
	at jdk.proxy2/jdk.proxy2.$Proxy117.createNamedQuery(Unknown Source)
	at org.springframework.data.jpa.repository.query.NamedQuery.hasNamedQuery(NamedQuery.java:120)
	at org.springframework.data.jpa.repository.query.NamedQuery.lookupFrom(NamedQuery.java:147)
	at org.springframework.data.jpa.repository.query.JpaQueryLookupStrategy$DeclaredQueryLookupStrategy.resolveQuery(JpaQueryLookupStrategy.java:184)
	at org.springframework.data.jpa.repository.query.JpaQueryLookupStrategy$CreateIfNotFoundQueryLookupStrategy.resolveQuery(JpaQueryLookupStrategy.java:254)
	at org.springframework.data.jpa.repository.query.JpaQueryLookupStrategy$AbstractQueryLookupStrategy.resolveQuery(JpaQueryLookupStrategy.java:99)
	at org.springframework.data.repository.core.support.QueryExecutorMethodInterceptor.lookupQuery(QueryExecutorMethodInterceptor.java:116)
	at org.springframework.data.repository.core.support.QueryExecutorMethodInterceptor.mapMethodsToQuery(QueryExecutorMethodInterceptor.java:104)
	at org.springframework.data.repository.core.support.QueryExecutorMethodInterceptor.lambda$new$0(QueryExecutorMethodInterceptor.java:92)
	at java.base/java.util.Optional.map(Optional.java:260)
	at org.springframework.data.repository.core.support.QueryExecutorMethodInterceptor.<init>(QueryExecutorMethodInterceptor.java:92)
	at org.springframework.data.repository.core.support.RepositoryFactorySupport.getRepository(RepositoryFactorySupport.java:431)
	at org.springframework.data.repository.core.support.RepositoryFactoryBeanSupport.lambda$afterPropertiesSet$4(RepositoryFactoryBeanSupport.java:350)
	at org.springframework.data.util.Lazy.getNullable(Lazy.java:135)
	at org.springframework.data.util.Lazy.get(Lazy.java:113)
	at org.springframework.data.repository.core.support.RepositoryFactoryBeanSupport.afterPropertiesSet(RepositoryFactoryBeanSupport.java:356)
	at org.springframework.data.jpa.repository.support.JpaRepositoryFactoryBean.afterPropertiesSet(JpaRepositoryFactoryBean.java:132)
	at org.springframework.beans.factory.support.AbstractAutowireCapableBeanFactory.invokeInitMethods(AbstractAutowireCapableBeanFactory.java:1865)
	at org.springframework.beans.factory.support.AbstractAutowireCapableBeanFactory.initializeBean(AbstractAutowireCapableBeanFactory.java:1814)
	at org.springframework.beans.factory.support.AbstractAutowireCapableBeanFactory.doCreateBean(AbstractAutowireCapableBeanFactory.java:607)
	at org.springframework.beans.factory.support.AbstractAutowireCapableBeanFactory.createBean(AbstractAutowireCapableBeanFactory.java:529)
	at org.springframework.beans.factory.support.AbstractBeanFactory.lambda$doGetBean$0(AbstractBeanFactory.java:339)
	at org.springframework.beans.factory.support.DefaultSingletonBeanRegistry.getSingleton(DefaultSingletonBeanRegistry.java:371)
	at org.springframework.beans.factory.support.AbstractBeanFactory.doGetBean(AbstractBeanFactory.java:337)
	at org.springframework.beans.factory.support.AbstractBeanFactory.getBean(AbstractBeanFactory.java:202)
	at org.springframework.beans.factory.support.DefaultListableBeanFactory.instantiateSingleton(DefaultListableBeanFactory.java:1215)
	at org.springframework.beans.factory.support.DefaultListableBeanFactory.preInstantiateSingleton(DefaultListableBeanFactory.java:1187)
	at org.springframework.beans.factory.support.DefaultListableBeanFactory.preInstantiateSingletons(DefaultListableBeanFactory.java:1122)
	at org.springframework.context.support.AbstractApplicationContext.finishBeanFactoryInitialization(AbstractApplicationContext.java:987)
	at org.springframework.context.support.AbstractApplicationContext.refresh(AbstractApplicationContext.java:627)
	at org.springframework.boot.web.servlet.context.ServletWebServerApplicationContext.refresh(ServletWebServerApplicationContext.java:146)
	at org.springframework.boot.SpringApplication.refresh(SpringApplication.java:753)
	at org.springframework.boot.SpringApplication.refreshContext(SpringApplication.java:439)
	at org.springframework.boot.SpringApplication.run(SpringApplication.java:318)
	at org.springframework.boot.SpringApplication.run(SpringApplication.java:1362)
	at org.springframework.boot.SpringApplication.run(SpringApplication.java:1351)
	at ru.bmstu.iu7.Main.main(Main.java:529)
2025-08-25 22:02:32 DEBUG [main] o.s.d.j.repository.query.NamedQuery - Did not find named query Questionnaire.findAllByUserIdNot
2025-08-25 22:02:32 DEBUG [main] o.s.o.j.SharedEntityManagerCreator$SharedEntityManagerInvocationHandler - Creating new EntityManager for shared EntityManager invocation
2025-08-25 22:02:32 DEBUG [main] o.s.d.r.c.s.RepositoryFactorySupport - Finished creation of repository instance for ru.bmstu.iu7.impl.SpringQuestionnaireRepository.
2025-08-25 22:02:32 DEBUG [main] o.s.b.f.s.DefaultListableBeanFactory - Creating shared instance of singleton bean 'jpa.named-queries#7'
2025-08-25 22:02:32 DEBUG [main] o.s.b.f.s.DefaultListableBeanFactory - Creating shared instance of singleton bean 'jpa.SpringUserRepository.fragments#0'
2025-08-25 22:02:32 DEBUG [main] o.s.b.f.s.DefaultListableBeanFactory - Creating shared instance of singleton bean 'springUserRepository'
2025-08-25 22:02:32 DEBUG [main] o.s.o.j.SharedEntityManagerCreator$SharedEntityManagerInvocationHandler - Creating new EntityManager for shared EntityManager invocation
2025-08-25 22:02:32 DEBUG [main] o.s.d.r.c.s.RepositoryFactorySupport - Initializing repository instance for ru.bmstu.iu7.impl.SpringUserRepository…
2025-08-25 22:02:32 DEBUG [main] o.s.o.j.SharedEntityManagerCreator$SharedEntityManagerInvocationHandler - Creating new EntityManager for shared EntityManager invocation
2025-08-25 22:02:32 DEBUG [main] o.s.d.j.repository.query.NamedQuery - Looking up named query 'User.findByName'
2025-08-25 22:02:32 DEBUG [main] o.h.r.t.b.j.i.JdbcResourceLocalTransactionCoordinatorImpl - JDBC transaction marked for rollback-only (exception provided for stack trace)
java.lang.Exception: exception just for purpose of providing stack trace
	at org.hibernate.resource.transaction.backend.jdbc.internal.JdbcResourceLocalTransactionCoordinatorImpl$TransactionDriverControlImpl.markRollbackOnly(JdbcResourceLocalTransactionCoordinatorImpl.java:309)
	at org.hibernate.internal.AbstractSharedSessionContract.buildNamedQuery(AbstractSharedSessionContract.java:1141)
	at org.hibernate.internal.AbstractSharedSessionContract.createNamedQuery(AbstractSharedSessionContract.java:1019)
	at org.hibernate.internal.AbstractSharedSessionContract.createNamedQuery(AbstractSharedSessionContract.java:143)
	at java.base/jdk.internal.reflect.DirectMethodHandleAccessor.invoke(DirectMethodHandleAccessor.java:103)
	at java.base/java.lang.reflect.Method.invoke(Method.java:580)
	at org.springframework.orm.jpa.ExtendedEntityManagerCreator$ExtendedEntityManagerInvocationHandler.invoke(ExtendedEntityManagerCreator.java:364)
	at jdk.proxy2/jdk.proxy2.$Proxy117.createNamedQuery(Unknown Source)
	at org.springframework.data.jpa.repository.query.NamedQuery.hasNamedQuery(NamedQuery.java:120)
	at org.springframework.data.jpa.repository.query.NamedQuery.lookupFrom(NamedQuery.java:147)
	at org.springframework.data.jpa.repository.query.JpaQueryLookupStrategy$DeclaredQueryLookupStrategy.resolveQuery(JpaQueryLookupStrategy.java:184)
	at org.springframework.data.jpa.repository.query.JpaQueryLookupStrategy$CreateIfNotFoundQueryLookupStrategy.resolveQuery(JpaQueryLookupStrategy.java:254)
	at org.springframework.data.jpa.repository.query.JpaQueryLookupStrategy$AbstractQueryLookupStrategy.resolveQuery(JpaQueryLookupStrategy.java:99)
	at org.springframework.data.repository.core.support.QueryExecutorMethodInterceptor.lookupQuery(QueryExecutorMethodInterceptor.java:116)
	at org.springframework.data.repository.core.support.QueryExecutorMethodInterceptor.mapMethodsToQuery(QueryExecutorMethodInterceptor.java:104)
	at org.springframework.data.repository.core.support.QueryExecutorMethodInterceptor.lambda$new$0(QueryExecutorMethodInterceptor.java:92)
	at java.base/java.util.Optional.map(Optional.java:260)
	at org.springframework.data.repository.core.support.QueryExecutorMethodInterceptor.<init>(QueryExecutorMethodInterceptor.java:92)
	at org.springframework.data.repository.core.support.RepositoryFactorySupport.getRepository(RepositoryFactorySupport.java:431)
	at org.springframework.data.repository.core.support.RepositoryFactoryBeanSupport.lambda$afterPropertiesSet$4(RepositoryFactoryBeanSupport.java:350)
	at org.springframework.data.util.Lazy.getNullable(Lazy.java:135)
	at org.springframework.data.util.Lazy.get(Lazy.java:113)
	at org.springframework.data.repository.core.support.RepositoryFactoryBeanSupport.afterPropertiesSet(RepositoryFactoryBeanSupport.java:356)
	at org.springframework.data.jpa.repository.support.JpaRepositoryFactoryBean.afterPropertiesSet(JpaRepositoryFactoryBean.java:132)
	at org.springframework.beans.factory.support.AbstractAutowireCapableBeanFactory.invokeInitMethods(AbstractAutowireCapableBeanFactory.java:1865)
	at org.springframework.beans.factory.support.AbstractAutowireCapableBeanFactory.initializeBean(AbstractAutowireCapableBeanFactory.java:1814)
	at org.springframework.beans.factory.support.AbstractAutowireCapableBeanFactory.doCreateBean(AbstractAutowireCapableBeanFactory.java:607)
	at org.springframework.beans.factory.support.AbstractAutowireCapableBeanFactory.createBean(AbstractAutowireCapableBeanFactory.java:529)
	at org.springframework.beans.factory.support.AbstractBeanFactory.lambda$doGetBean$0(AbstractBeanFactory.java:339)
	at org.springframework.beans.factory.support.DefaultSingletonBeanRegistry.getSingleton(DefaultSingletonBeanRegistry.java:371)
	at org.springframework.beans.factory.support.AbstractBeanFactory.doGetBean(AbstractBeanFactory.java:337)
	at org.springframework.beans.factory.support.AbstractBeanFactory.getBean(AbstractBeanFactory.java:202)
	at org.springframework.beans.factory.support.DefaultListableBeanFactory.instantiateSingleton(DefaultListableBeanFactory.java:1215)
	at org.springframework.beans.factory.support.DefaultListableBeanFactory.preInstantiateSingleton(DefaultListableBeanFactory.java:1187)
	at org.springframework.beans.factory.support.DefaultListableBeanFactory.preInstantiateSingletons(DefaultListableBeanFactory.java:1122)
	at org.springframework.context.support.AbstractApplicationContext.finishBeanFactoryInitialization(AbstractApplicationContext.java:987)
	at org.springframework.context.support.AbstractApplicationContext.refresh(AbstractApplicationContext.java:627)
	at org.springframework.boot.web.servlet.context.ServletWebServerApplicationContext.refresh(ServletWebServerApplicationContext.java:146)
	at org.springframework.boot.SpringApplication.refresh(SpringApplication.java:753)
	at org.springframework.boot.SpringApplication.refreshContext(SpringApplication.java:439)
	at org.springframework.boot.SpringApplication.run(SpringApplication.java:318)
	at org.springframework.boot.SpringApplication.run(SpringApplication.java:1362)
	at org.springframework.boot.SpringApplication.run(SpringApplication.java:1351)
	at ru.bmstu.iu7.Main.main(Main.java:529)
2025-08-25 22:02:32 DEBUG [main] o.s.d.j.repository.query.NamedQuery - Did not find named query User.findByName
2025-08-25 22:02:32 DEBUG [main] o.s.o.j.SharedEntityManagerCreator$SharedEntityManagerInvocationHandler - Creating new EntityManager for shared EntityManager invocation
2025-08-25 22:02:32 DEBUG [main] o.s.d.r.c.s.RepositoryFactorySupport - Finished creation of repository instance for ru.bmstu.iu7.impl.SpringUserRepository.
2025-08-25 22:02:32 DEBUG [main] o.s.b.f.s.DefaultListableBeanFactory - Creating shared instance of singleton bean 'data-jpa.repository-aot-processor#0'
2025-08-25 22:02:32 DEBUG [main] o.s.b.f.s.DefaultListableBeanFactory - Creating shared instance of singleton bean 'org.springframework.boot.autoconfigure.http.JacksonHttpMessageConvertersConfiguration'
2025-08-25 22:02:32 DEBUG [main] o.s.b.f.s.DefaultListableBeanFactory - Creating shared instance of singleton bean 'org.springframework.data.web.config.ProjectingArgumentResolverRegistrar'
2025-08-25 22:02:32 DEBUG [main] o.s.b.f.s.DefaultListableBeanFactory - Creating shared instance of singleton bean 'offsetResolver'
2025-08-25 22:02:32 DEBUG [main] o.s.b.f.s.DefaultListableBeanFactory - Creating shared instance of singleton bean 'org.springframework.boot.autoconfigure.http.client.HttpClientAutoConfiguration'
2025-08-25 22:02:32 DEBUG [main] o.s.b.f.s.DefaultListableBeanFactory - Creating shared instance of singleton bean 'clientHttpRequestFactoryBuilder'
2025-08-25 22:02:32 DEBUG [main] o.s.b.f.s.DefaultListableBeanFactory - Creating shared instance of singleton bean 'spring.http.client-org.springframework.boot.autoconfigure.http.client.HttpClientProperties'
2025-08-25 22:02:32 DEBUG [main] o.s.b.f.s.DefaultListableBeanFactory - Autowiring by type from bean name 'clientHttpRequestFactoryBuilder' via factory method to bean named 'spring.http.client-org.springframework.boot.autoconfigure.http.client.HttpClientProperties'
2025-08-25 22:02:32 DEBUG [main] o.s.b.f.s.DefaultListableBeanFactory - Creating shared instance of singleton bean 'clientHttpRequestFactorySettings'
2025-08-25 22:02:32 DEBUG [main] o.s.b.f.s.DefaultListableBeanFactory - Autowiring by type from bean name 'clientHttpRequestFactorySettings' via factory method to bean named 'spring.http.client-org.springframework.boot.autoconfigure.http.client.HttpClientProperties'
2025-08-25 22:02:32 DEBUG [main] o.s.b.f.s.DefaultListableBeanFactory - Creating shared instance of singleton bean 'org.springframework.boot.autoconfigure.info.ProjectInfoAutoConfiguration'
2025-08-25 22:02:32 DEBUG [main] o.s.b.f.s.DefaultListableBeanFactory - Creating shared instance of singleton bean 'spring.info-org.springframework.boot.autoconfigure.info.ProjectInfoProperties'
2025-08-25 22:02:32 DEBUG [main] o.s.b.f.s.DefaultListableBeanFactory - Autowiring by type from bean name 'org.springframework.boot.autoconfigure.info.ProjectInfoAutoConfiguration' via constructor to bean named 'spring.info-org.springframework.boot.autoconfigure.info.ProjectInfoProperties'
2025-08-25 22:02:32 DEBUG [main] o.s.b.f.s.DefaultListableBeanFactory - Creating shared instance of singleton bean 'org.springframework.boot.autoconfigure.jdbc.JdbcTemplateConfiguration'
2025-08-25 22:02:32 DEBUG [main] o.s.b.f.s.DefaultListableBeanFactory - Creating shared instance of singleton bean 'jdbcTemplate'
2025-08-25 22:02:32 DEBUG [main] o.s.b.f.s.DefaultListableBeanFactory - Creating shared instance of singleton bean 'spring.jdbc-org.springframework.boot.autoconfigure.jdbc.JdbcProperties'
2025-08-25 22:02:32 DEBUG [main] o.s.b.f.s.DefaultListableBeanFactory - Autowiring by type from bean name 'jdbcTemplate' via factory method to bean named 'dataSource'
2025-08-25 22:02:32 DEBUG [main] o.s.b.f.s.DefaultListableBeanFactory - Autowiring by type from bean name 'jdbcTemplate' via factory method to bean named 'spring.jdbc-org.springframework.boot.autoconfigure.jdbc.JdbcProperties'
2025-08-25 22:02:32 DEBUG [main] o.s.b.f.s.DefaultListableBeanFactory - Creating shared instance of singleton bean 'org.springframework.boot.autoconfigure.jdbc.NamedParameterJdbcTemplateConfiguration'
2025-08-25 22:02:32 DEBUG [main] o.s.b.f.s.DefaultListableBeanFactory - Creating shared instance of singleton bean 'namedParameterJdbcTemplate'
2025-08-25 22:02:32 DEBUG [main] o.s.b.f.s.DefaultListableBeanFactory - Autowiring by type from bean name 'namedParameterJdbcTemplate' via factory method to bean named 'jdbcTemplate'
2025-08-25 22:02:32 DEBUG [main] o.s.b.f.s.DefaultListableBeanFactory - Creating shared instance of singleton bean 'org.springframework.boot.autoconfigure.jdbc.JdbcTemplateAutoConfiguration'
2025-08-25 22:02:32 DEBUG [main] o.s.b.f.s.DefaultListableBeanFactory - Creating shared instance of singleton bean 'org.springframework.boot.autoconfigure.jdbc.JdbcClientAutoConfiguration'
2025-08-25 22:02:32 DEBUG [main] o.s.b.f.s.DefaultListableBeanFactory - Creating shared instance of singleton bean 'jdbcClient'
2025-08-25 22:02:32 DEBUG [main] o.s.b.f.s.DefaultListableBeanFactory - Autowiring by type from bean name 'jdbcClient' via factory method to bean named 'namedParameterJdbcTemplate'
2025-08-25 22:02:32 DEBUG [main] o.s.b.f.s.DefaultListableBeanFactory - Creating shared instance of singleton bean 'org.springframework.boot.autoconfigure.sql.init.SqlInitializationAutoConfiguration'
2025-08-25 22:02:32 DEBUG [main] o.s.b.f.s.DefaultListableBeanFactory - Creating shared instance of singleton bean 'org.springframework.boot.autoconfigure.task.TaskSchedulingConfigurations$ThreadPoolTaskSchedulerBuilderConfiguration'
2025-08-25 22:02:32 DEBUG [main] o.s.b.f.s.DefaultListableBeanFactory - Creating shared instance of singleton bean 'threadPoolTaskSchedulerBuilder'
2025-08-25 22:02:32 DEBUG [main] o.s.b.f.s.DefaultListableBeanFactory - Creating shared instance of singleton bean 'spring.task.scheduling-org.springframework.boot.autoconfigure.task.TaskSchedulingProperties'
2025-08-25 22:02:32 DEBUG [main] o.s.b.f.s.DefaultListableBeanFactory - Autowiring by type from bean name 'threadPoolTaskSchedulerBuilder' via factory method to bean named 'spring.task.scheduling-org.springframework.boot.autoconfigure.task.TaskSchedulingProperties'
2025-08-25 22:02:32 DEBUG [main] o.s.b.f.s.DefaultListableBeanFactory - Creating shared instance of singleton bean 'org.springframework.boot.autoconfigure.task.TaskSchedulingConfigurations$SimpleAsyncTaskSchedulerBuilderConfiguration'
2025-08-25 22:02:32 DEBUG [main] o.s.b.f.s.DefaultListableBeanFactory - Autowiring by type from bean name 'org.springframework.boot.autoconfigure.task.TaskSchedulingConfigurations$SimpleAsyncTaskSchedulerBuilderConfiguration' via constructor to bean named 'spring.task.scheduling-org.springframework.boot.autoconfigure.task.TaskSchedulingProperties'
2025-08-25 22:02:32 DEBUG [main] o.s.b.f.s.DefaultListableBeanFactory - Creating shared instance of singleton bean 'simpleAsyncTaskSchedulerBuilder'
2025-08-25 22:02:32 DEBUG [main] o.s.b.f.s.DefaultListableBeanFactory - Creating shared instance of singleton bean 'org.springframework.boot.autoconfigure.task.TaskSchedulingAutoConfiguration'
2025-08-25 22:02:32 DEBUG [main] o.s.b.f.s.DefaultListableBeanFactory - Creating shared instance of singleton bean 'org.springframework.boot.autoconfigure.jdbc.DataSourceTransactionManagerAutoConfiguration$JdbcTransactionManagerConfiguration'
2025-08-25 22:02:32 DEBUG [main] o.s.b.f.s.DefaultListableBeanFactory - Creating shared instance of singleton bean 'org.springframework.boot.autoconfigure.jdbc.DataSourceTransactionManagerAutoConfiguration'
2025-08-25 22:02:32 DEBUG [main] o.s.b.f.s.DefaultListableBeanFactory - Creating shared instance of singleton bean 'org.springframework.boot.autoconfigure.transaction.TransactionAutoConfiguration$EnableTransactionManagementConfiguration$CglibAutoProxyConfiguration'
2025-08-25 22:02:32 DEBUG [main] o.s.b.f.s.DefaultListableBeanFactory - Creating shared instance of singleton bean 'org.springframework.boot.autoconfigure.transaction.TransactionAutoConfiguration$EnableTransactionManagementConfiguration'
2025-08-25 22:02:32 DEBUG [main] o.s.b.f.s.DefaultListableBeanFactory - Creating shared instance of singleton bean 'org.springframework.boot.autoconfigure.transaction.TransactionAutoConfiguration$TransactionTemplateConfiguration'
2025-08-25 22:02:32 DEBUG [main] o.s.b.f.s.DefaultListableBeanFactory - Creating shared instance of singleton bean 'transactionTemplate'
2025-08-25 22:02:32 DEBUG [main] o.s.b.f.s.DefaultListableBeanFactory - Autowiring by type from bean name 'transactionTemplate' via factory method to bean named 'transactionManager'
2025-08-25 22:02:32 DEBUG [main] o.s.b.f.s.DefaultListableBeanFactory - Creating shared instance of singleton bean 'org.springframework.boot.autoconfigure.transaction.TransactionAutoConfiguration'
2025-08-25 22:02:32 DEBUG [main] o.s.b.f.s.DefaultListableBeanFactory - Creating shared instance of singleton bean 'org.springframework.boot.autoconfigure.web.client.RestClientAutoConfiguration'
2025-08-25 22:02:32 DEBUG [main] o.s.b.f.s.DefaultListableBeanFactory - Creating shared instance of singleton bean 'httpMessageConvertersRestClientCustomizer'
2025-08-25 22:02:32 DEBUG [main] o.s.b.f.s.DefaultListableBeanFactory - Creating shared instance of singleton bean 'restClientSsl'
2025-08-25 22:02:32 DEBUG [main] o.s.b.f.s.DefaultListableBeanFactory - Autowiring by type from bean name 'restClientSsl' via factory method to bean named 'sslBundleRegistry'
2025-08-25 22:02:32 DEBUG [main] o.s.b.f.s.DefaultListableBeanFactory - Creating shared instance of singleton bean 'restClientBuilderConfigurer'
2025-08-25 22:02:32 DEBUG [main] o.s.b.f.s.DefaultListableBeanFactory - Creating shared instance of singleton bean 'org.springframework.boot.autoconfigure.web.client.RestTemplateAutoConfiguration'
2025-08-25 22:02:32 DEBUG [main] o.s.b.f.s.DefaultListableBeanFactory - Creating shared instance of singleton bean 'org.springframework.boot.autoconfigure.web.embedded.EmbeddedWebServerFactoryCustomizerAutoConfiguration'
2025-08-25 22:02:32 DEBUG [main] o.s.b.f.s.DefaultListableBeanFactory - Creating shared instance of singleton bean 'multipartResolver'
2025-08-25 22:02:32 DEBUG [main] o.s.c.s.DefaultLifecycleProcessor - Starting beans in phase -2147483647
2025-08-25 22:02:32 DEBUG [main] o.s.c.s.DefaultLifecycleProcessor - Successfully started bean 'springBootLoggingLifecycle'
2025-08-25 22:02:32 DEBUG [main] o.s.c.s.DefaultLifecycleProcessor - Starting beans in phase 1073741823
2025-08-25 22:02:32 DEBUG [main] o.s.c.s.DefaultLifecycleProcessor - Starting beans in phase 2147481599
2025-08-25 22:02:32 DEBUG [main] o.apache.catalina.util.LifecycleBase - Setting state for [Connector["http-nio-127.0.0.1-9099"]] to [STARTING_PREP]
2025-08-25 22:02:32 DEBUG [main] o.apache.catalina.util.LifecycleBase - Setting state for [Connector["http-nio-127.0.0.1-9099"]] to [STARTING]
2025-08-25 22:02:32 INFO  [main] o.a.coyote.http11.Http11NioProtocol - Starting ProtocolHandler ["http-nio-127.0.0.1-9099"]
2025-08-25 22:02:32 DEBUG [main] o.apache.catalina.util.LifecycleBase - Setting state for [Connector["http-nio-127.0.0.1-9099"]] to [STARTED]
2025-08-25 22:02:32 INFO  [main] o.s.b.w.e.tomcat.TomcatWebServer - Tomcat started on port 9099 (http) with context path '/'
2025-08-25 22:02:32 DEBUG [main] o.s.c.s.DefaultLifecycleProcessor - Successfully started bean 'webServerStartStop'
2025-08-25 22:02:32 DEBUG [main] o.s.c.s.DefaultLifecycleProcessor - Starting beans in phase 2147482623
2025-08-25 22:02:32 DEBUG [main] o.s.c.s.DefaultLifecycleProcessor - Successfully started bean 'webServerGracefulShutdown'
2025-08-25 22:02:32 DEBUG [main] o.s.b.a.l.ConditionEvaluationReportLogger - 


============================
CONDITIONS EVALUATION REPORT
============================


Positive matches:
-----------------

   AopAutoConfiguration matched:
      - @ConditionalOnProperty (spring.aop.auto=true) matched (OnPropertyCondition)

   AopAutoConfiguration.AspectJAutoProxyingConfiguration matched:
      - @ConditionalOnClass found required class 'org.aspectj.weaver.Advice' (OnClassCondition)

   AopAutoConfiguration.AspectJAutoProxyingConfiguration.CglibAutoProxyConfiguration matched:
      - @ConditionalOnProperty (spring.aop.proxy-target-class=true) matched (OnPropertyCondition)

   ApplicationAvailabilityAutoConfiguration#applicationAvailability matched:
      - @ConditionalOnMissingBean (types: org.springframework.boot.availability.ApplicationAvailability; SearchStrategy: all) did not find any beans (OnBeanCondition)

   DataSourceAutoConfiguration matched:
      - @ConditionalOnClass found required classes 'javax.sql.DataSource', 'org.springframework.jdbc.datasource.embedded.EmbeddedDatabaseType' (OnClassCondition)
      - @ConditionalOnMissingBean (types: io.r2dbc.spi.ConnectionFactory; SearchStrategy: all) did not find any beans (OnBeanCondition)

   DataSourceAutoConfiguration.PooledDataSourceConfiguration matched:
      - AnyNestedCondition 1 matched 1 did not; NestedCondition on DataSourceAutoConfiguration.PooledDataSourceCondition.PooledDataSourceAvailable PooledDataSource found supported DataSource; NestedCondition on DataSourceAutoConfiguration.PooledDataSourceCondition.ExplicitType @ConditionalOnProperty (spring.datasource.type) did not find property 'type' (DataSourceAutoConfiguration.PooledDataSourceCondition)
      - @ConditionalOnMissingBean (types: javax.sql.DataSource,javax.sql.XADataSource; SearchStrategy: all) did not find any beans (OnBeanCondition)

   DataSourceAutoConfiguration.PooledDataSourceConfiguration#jdbcConnectionDetails matched:
      - @ConditionalOnMissingBean (types: org.springframework.boot.autoconfigure.jdbc.JdbcConnectionDetails; SearchStrategy: all) did not find any beans (OnBeanCondition)

   DataSourceConfiguration.Hikari matched:
      - @ConditionalOnClass found required class 'com.zaxxer.hikari.HikariDataSource' (OnClassCondition)
      - @ConditionalOnProperty (spring.datasource.type=com.zaxxer.hikari.HikariDataSource) matched (OnPropertyCondition)
      - @ConditionalOnMissingBean (types: javax.sql.DataSource; SearchStrategy: all) did not find any beans (OnBeanCondition)

   DataSourceInitializationConfiguration matched:
      - @ConditionalOnClass found required class 'org.springframework.jdbc.datasource.init.DatabasePopulator' (OnClassCondition)
      - @ConditionalOnSingleCandidate (types: javax.sql.DataSource; SearchStrategy: all) found a single bean 'dataSource'; @ConditionalOnMissingBean (types: org.springframework.boot.autoconfigure.sql.init.SqlDataSourceScriptDatabaseInitializer,org.springframework.boot.autoconfigure.sql.init.SqlR2dbcScriptDatabaseInitializer; SearchStrategy: all) did not find any beans (OnBeanCondition)

   DataSourceJmxConfiguration matched:
      - @ConditionalOnProperty (spring.jmx.enabled=true) matched (OnPropertyCondition)

   DataSourceJmxConfiguration.Hikari matched:
      - @ConditionalOnClass found required class 'com.zaxxer.hikari.HikariDataSource' (OnClassCondition)
      - @ConditionalOnSingleCandidate (types: javax.sql.DataSource; SearchStrategy: all) found a single bean 'dataSource' (OnBeanCondition)

   DataSourcePoolMetadataProvidersConfiguration.HikariPoolDataSourceMetadataProviderConfiguration matched:
      - @ConditionalOnClass found required class 'com.zaxxer.hikari.HikariDataSource' (OnClassCondition)

   DataSourceTransactionManagerAutoConfiguration matched:
      - @ConditionalOnClass found required classes 'javax.sql.DataSource', 'org.springframework.jdbc.core.JdbcTemplate', 'org.springframework.transaction.TransactionManager' (OnClassCondition)

   DataSourceTransactionManagerAutoConfiguration.JdbcTransactionManagerConfiguration matched:
      - @ConditionalOnSingleCandidate (types: javax.sql.DataSource; SearchStrategy: all) found a single bean 'dataSource' (OnBeanCondition)

   DispatcherServletAutoConfiguration matched:
      - @ConditionalOnClass found required class 'org.springframework.web.servlet.DispatcherServlet' (OnClassCondition)
      - found 'session' scope (OnWebApplicationCondition)

   DispatcherServletAutoConfiguration.DispatcherServletConfiguration matched:
      - @ConditionalOnClass found required class 'jakarta.servlet.ServletRegistration' (OnClassCondition)
      - Default DispatcherServlet did not find dispatcher servlet beans (DispatcherServletAutoConfiguration.DefaultDispatcherServletCondition)

   DispatcherServletAutoConfiguration.DispatcherServletRegistrationConfiguration matched:
      - @ConditionalOnClass found required class 'jakarta.servlet.ServletRegistration' (OnClassCondition)
      - DispatcherServlet Registration did not find servlet registration bean (DispatcherServletAutoConfiguration.DispatcherServletRegistrationCondition)

   DispatcherServletAutoConfiguration.DispatcherServletRegistrationConfiguration#dispatcherServletRegistration matched:
      - @ConditionalOnBean (names: dispatcherServlet types: org.springframework.web.servlet.DispatcherServlet; SearchStrategy: all) found bean 'dispatcherServlet' (OnBeanCondition)

   EmbeddedWebServerFactoryCustomizerAutoConfiguration matched:
      - @ConditionalOnWebApplication (required) found 'session' scope (OnWebApplicationCondition)
      - @ConditionalOnWarDeployment the application is not deployed as a WAR file. (OnWarDeploymentCondition)

   EmbeddedWebServerFactoryCustomizerAutoConfiguration.TomcatWebServerFactoryCustomizerConfiguration matched:
      - @ConditionalOnClass found required classes 'org.apache.catalina.startup.Tomcat', 'org.apache.coyote.UpgradeProtocol' (OnClassCondition)

   ErrorMvcAutoConfiguration matched:
      - @ConditionalOnClass found required classes 'jakarta.servlet.Servlet', 'org.springframework.web.servlet.DispatcherServlet' (OnClassCondition)
      - found 'session' scope (OnWebApplicationCondition)

   ErrorMvcAutoConfiguration#basicErrorController matched:
      - @ConditionalOnMissingBean (types: org.springframework.boot.web.servlet.error.ErrorController; SearchStrategy: current) did not find any beans (OnBeanCondition)

   ErrorMvcAutoConfiguration#errorAttributes matched:
      - @ConditionalOnMissingBean (types: org.springframework.boot.web.servlet.error.ErrorAttributes; SearchStrategy: current) did not find any beans (OnBeanCondition)

   ErrorMvcAutoConfiguration.DefaultErrorViewResolverConfiguration#conventionErrorViewResolver matched:
      - @ConditionalOnBean (types: org.springframework.web.servlet.DispatcherServlet; SearchStrategy: all) found bean 'dispatcherServlet'; @ConditionalOnMissingBean (types: org.springframework.boot.autoconfigure.web.servlet.error.ErrorViewResolver; SearchStrategy: all) did not find any beans (OnBeanCondition)

   ErrorMvcAutoConfiguration.WhitelabelErrorViewConfiguration matched:
      - @ConditionalOnProperty (server.error.whitelabel.enabled) matched (OnPropertyCondition)
      - ErrorTemplate Missing did not find error template view (ErrorMvcAutoConfiguration.ErrorTemplateMissingCondition)

   ErrorMvcAutoConfiguration.WhitelabelErrorViewConfiguration#beanNameViewResolver matched:
      - @ConditionalOnMissingBean (types: org.springframework.web.servlet.view.BeanNameViewResolver; SearchStrategy: all) did not find any beans (OnBeanCondition)

   ErrorMvcAutoConfiguration.WhitelabelErrorViewConfiguration#defaultErrorView matched:
      - @ConditionalOnMissingBean (names: error; SearchStrategy: all) did not find any beans (OnBeanCondition)

   GenericCacheConfiguration matched:
      - Cache org.springframework.boot.autoconfigure.cache.GenericCacheConfiguration automatic cache type (CacheCondition)

   HibernateJpaAutoConfiguration matched:
      - @ConditionalOnClass found required classes 'org.springframework.orm.jpa.LocalContainerEntityManagerFactoryBean', 'jakarta.persistence.EntityManager', 'org.hibernate.engine.spi.SessionImplementor' (OnClassCondition)

   HibernateJpaConfiguration matched:
      - @ConditionalOnSingleCandidate (types: javax.sql.DataSource; SearchStrategy: all) found a single bean 'dataSource' (OnBeanCondition)

   HttpClientAutoConfiguration matched:
      - @ConditionalOnClass found required class 'org.springframework.http.client.ClientHttpRequestFactory' (OnClassCondition)
      - NoneNestedConditions 0 matched 1 did not; NestedCondition on NotReactiveWebApplicationCondition.ReactiveWebApplication did not find reactive web application classes (NotReactiveWebApplicationCondition)

   HttpClientAutoConfiguration#clientHttpRequestFactoryBuilder matched:
      - @ConditionalOnMissingBean (types: org.springframework.boot.http.client.ClientHttpRequestFactoryBuilder; SearchStrategy: all) did not find any beans (OnBeanCondition)

   HttpClientAutoConfiguration#clientHttpRequestFactorySettings matched:
      - @ConditionalOnMissingBean (types: org.springframework.boot.http.client.ClientHttpRequestFactorySettings; SearchStrategy: all) did not find any beans (OnBeanCondition)

   HttpEncodingAutoConfiguration matched:
      - @ConditionalOnClass found required class 'org.springframework.web.filter.CharacterEncodingFilter' (OnClassCondition)
      - found 'session' scope (OnWebApplicationCondition)
      - @ConditionalOnProperty (server.servlet.encoding.enabled) matched (OnPropertyCondition)

   HttpEncodingAutoConfiguration#characterEncodingFilter matched:
      - @ConditionalOnMissingBean (types: org.springframework.web.filter.CharacterEncodingFilter; SearchStrategy: all) did not find any beans (OnBeanCondition)

   HttpMessageConvertersAutoConfiguration matched:
      - @ConditionalOnClass found required class 'org.springframework.http.converter.HttpMessageConverter' (OnClassCondition)
      - NoneNestedConditions 0 matched 1 did not; NestedCondition on HttpMessageConvertersAutoConfiguration.NotReactiveWebApplicationCondition.ReactiveWebApplication did not find reactive web application classes (HttpMessageConvertersAutoConfiguration.NotReactiveWebApplicationCondition)

   HttpMessageConvertersAutoConfiguration#messageConverters matched:
      - @ConditionalOnMissingBean (types: org.springframework.boot.autoconfigure.http.HttpMessageConverters; SearchStrategy: all) did not find any beans (OnBeanCondition)

   HttpMessageConvertersAutoConfiguration.StringHttpMessageConverterConfiguration matched:
      - @ConditionalOnClass found required class 'org.springframework.http.converter.StringHttpMessageConverter' (OnClassCondition)

   HttpMessageConvertersAutoConfiguration.StringHttpMessageConverterConfiguration#stringHttpMessageConverter matched:
      - @ConditionalOnMissingBean (types: org.springframework.http.converter.StringHttpMessageConverter; SearchStrategy: all) did not find any beans (OnBeanCondition)

   JacksonAutoConfiguration matched:
      - @ConditionalOnClass found required class 'com.fasterxml.jackson.databind.ObjectMapper' (OnClassCondition)

   JacksonAutoConfiguration.Jackson2ObjectMapperBuilderCustomizerConfiguration matched:
      - @ConditionalOnClass found required class 'org.springframework.http.converter.json.Jackson2ObjectMapperBuilder' (OnClassCondition)

   JacksonAutoConfiguration.JacksonObjectMapperBuilderConfiguration matched:
      - @ConditionalOnClass found required class 'org.springframework.http.converter.json.Jackson2ObjectMapperBuilder' (OnClassCondition)

   JacksonAutoConfiguration.JacksonObjectMapperBuilderConfiguration#jacksonObjectMapperBuilder matched:
      - @ConditionalOnMissingBean (types: org.springframework.http.converter.json.Jackson2ObjectMapperBuilder; SearchStrategy: all) did not find any beans (OnBeanCondition)

   JacksonAutoConfiguration.JacksonObjectMapperConfiguration matched:
      - @ConditionalOnClass found required class 'org.springframework.http.converter.json.Jackson2ObjectMapperBuilder' (OnClassCondition)

   JacksonAutoConfiguration.JacksonObjectMapperConfiguration#jacksonObjectMapper matched:
      - @ConditionalOnMissingBean (types: com.fasterxml.jackson.databind.ObjectMapper; SearchStrategy: all) did not find any beans (OnBeanCondition)

   JacksonAutoConfiguration.ParameterNamesModuleConfiguration matched:
      - @ConditionalOnClass found required class 'com.fasterxml.jackson.module.paramnames.ParameterNamesModule' (OnClassCondition)

   JacksonAutoConfiguration.ParameterNamesModuleConfiguration#parameterNamesModule matched:
      - @ConditionalOnMissingBean (types: com.fasterxml.jackson.module.paramnames.ParameterNamesModule; SearchStrategy: all) did not find any beans (OnBeanCondition)

   JacksonHttpMessageConvertersConfiguration.MappingJackson2HttpMessageConverterConfiguration matched:
      - @ConditionalOnClass found required class 'com.fasterxml.jackson.databind.ObjectMapper' (OnClassCondition)
      - @ConditionalOnProperty (spring.mvc.converters.preferred-json-mapper=jackson) matched (OnPropertyCondition)
      - @ConditionalOnBean (types: com.fasterxml.jackson.databind.ObjectMapper; SearchStrategy: all) found bean 'jacksonObjectMapper' (OnBeanCondition)

   JacksonHttpMessageConvertersConfiguration.MappingJackson2HttpMessageConverterConfiguration#mappingJackson2HttpMessageConverter matched:
      - @ConditionalOnMissingBean (types: org.springframework.http.converter.json.MappingJackson2HttpMessageConverter ignored: org.springframework.hateoas.server.mvc.TypeConstrainedMappingJackson2HttpMessageConverter,org.springframework.data.rest.webmvc.alps.AlpsJsonHttpMessageConverter; SearchStrategy: all) did not find any beans (OnBeanCondition)

   JdbcClientAutoConfiguration matched:
      - @ConditionalOnSingleCandidate (types: org.springframework.jdbc.core.namedparam.NamedParameterJdbcTemplate; SearchStrategy: all) found a single bean 'namedParameterJdbcTemplate'; @ConditionalOnMissingBean (types: org.springframework.jdbc.core.simple.JdbcClient; SearchStrategy: all) did not find any beans (OnBeanCondition)

   JdbcTemplateAutoConfiguration matched:
      - @ConditionalOnClass found required classes 'javax.sql.DataSource', 'org.springframework.jdbc.core.JdbcTemplate' (OnClassCondition)
      - @ConditionalOnSingleCandidate (types: javax.sql.DataSource; SearchStrategy: all) found a single bean 'dataSource' (OnBeanCondition)

   JdbcTemplateConfiguration matched:
      - @ConditionalOnMissingBean (types: org.springframework.jdbc.core.JdbcOperations; SearchStrategy: all) did not find any beans (OnBeanCondition)

   JpaBaseConfiguration#entityManagerFactory matched:
      - @ConditionalOnMissingBean (types: org.springframework.orm.jpa.LocalContainerEntityManagerFactoryBean,jakarta.persistence.EntityManagerFactory; SearchStrategy: all) did not find any beans (OnBeanCondition)

   JpaBaseConfiguration#entityManagerFactoryBuilder matched:
      - @ConditionalOnMissingBean (types: org.springframework.boot.orm.jpa.EntityManagerFactoryBuilder; SearchStrategy: all) did not find any beans (OnBeanCondition)

   JpaBaseConfiguration#jpaVendorAdapter matched:
      - @ConditionalOnMissingBean (types: org.springframework.orm.jpa.JpaVendorAdapter; SearchStrategy: all) did not find any beans (OnBeanCondition)

   JpaBaseConfiguration#transactionManager matched:
      - @ConditionalOnMissingBean (types: org.springframework.transaction.TransactionManager; SearchStrategy: all) did not find any beans (OnBeanCondition)

   JpaBaseConfiguration.JpaWebConfiguration matched:
      - @ConditionalOnClass found required class 'org.springframework.web.servlet.config.annotation.WebMvcConfigurer' (OnClassCondition)
      - found 'session' scope (OnWebApplicationCondition)
      - @ConditionalOnProperty (spring.jpa.open-in-view=true) matched (OnPropertyCondition)
      - @ConditionalOnMissingBean (types: org.springframework.orm.jpa.support.OpenEntityManagerInViewInterceptor,org.springframework.orm.jpa.support.OpenEntityManagerInViewFilter; SearchStrategy: all) did not find any beans (OnBeanCondition)

   JpaBaseConfiguration.PersistenceManagedTypesConfiguration matched:
      - @ConditionalOnMissingBean (types: org.springframework.orm.jpa.LocalContainerEntityManagerFactoryBean,jakarta.persistence.EntityManagerFactory; SearchStrategy: all) did not find any beans (OnBeanCondition)

   JpaBaseConfiguration.PersistenceManagedTypesConfiguration#persistenceManagedTypes matched:
      - @ConditionalOnMissingBean (types: org.springframework.orm.jpa.persistenceunit.PersistenceManagedTypes; SearchStrategy: all) did not find any beans (OnBeanCondition)

   JpaRepositoriesAutoConfiguration matched:
      - @ConditionalOnClass found required class 'org.springframework.data.jpa.repository.JpaRepository' (OnClassCondition)
      - @ConditionalOnProperty (spring.data.jpa.repositories.enabled=true) matched (OnPropertyCondition)
      - @ConditionalOnBean (types: javax.sql.DataSource; SearchStrategy: all) found bean 'dataSource'; @ConditionalOnMissingBean (types: org.springframework.data.jpa.repository.support.JpaRepositoryFactoryBean,org.springframework.data.jpa.repository.config.JpaRepositoryConfigExtension; SearchStrategy: all) did not find any beans (OnBeanCondition)

   JtaAutoConfiguration matched:
      - @ConditionalOnClass found required class 'jakarta.transaction.Transaction' (OnClassCondition)
      - @ConditionalOnProperty (spring.jta.enabled) matched (OnPropertyCondition)

   LifecycleAutoConfiguration#defaultLifecycleProcessor matched:
      - @ConditionalOnMissingBean (names: lifecycleProcessor; SearchStrategy: current) did not find any beans (OnBeanCondition)

   MultipartAutoConfiguration matched:
      - @ConditionalOnClass found required classes 'jakarta.servlet.Servlet', 'org.springframework.web.multipart.support.StandardServletMultipartResolver', 'jakarta.servlet.MultipartConfigElement' (OnClassCondition)
      - found 'session' scope (OnWebApplicationCondition)
      - @ConditionalOnProperty (spring.servlet.multipart.enabled) matched (OnPropertyCondition)

   MultipartAutoConfiguration#multipartConfigElement matched:
      - @ConditionalOnMissingBean (types: jakarta.servlet.MultipartConfigElement; SearchStrategy: all) did not find any beans (OnBeanCondition)

   MultipartAutoConfiguration#multipartResolver matched:
      - @ConditionalOnMissingBean (types: org.springframework.web.multipart.MultipartResolver; SearchStrategy: all) did not find any beans (OnBeanCondition)

   NamedParameterJdbcTemplateConfiguration matched:
      - @ConditionalOnSingleCandidate (types: org.springframework.jdbc.core.JdbcTemplate; SearchStrategy: all) found a single bean 'jdbcTemplate'; @ConditionalOnMissingBean (types: org.springframework.jdbc.core.namedparam.NamedParameterJdbcOperations; SearchStrategy: all) did not find any beans (OnBeanCondition)

   NoOpCacheConfiguration matched:
      - Cache org.springframework.boot.autoconfigure.cache.NoOpCacheConfiguration automatic cache type (CacheCondition)

   PersistenceExceptionTranslationAutoConfiguration matched:
      - @ConditionalOnClass found required class 'org.springframework.dao.annotation.PersistenceExceptionTranslationPostProcessor' (OnClassCondition)

   PersistenceExceptionTranslationAutoConfiguration#persistenceExceptionTranslationPostProcessor matched:
      - @ConditionalOnProperty (spring.dao.exceptiontranslation.enabled) matched (OnPropertyCondition)
      - @ConditionalOnMissingBean (types: org.springframework.dao.annotation.PersistenceExceptionTranslationPostProcessor; SearchStrategy: all) did not find any beans (OnBeanCondition)

   PropertyPlaceholderAutoConfiguration#propertySourcesPlaceholderConfigurer matched:
      - @ConditionalOnMissingBean (types: org.springframework.context.support.PropertySourcesPlaceholderConfigurer; SearchStrategy: current) did not find any beans (OnBeanCondition)

   RestClientAutoConfiguration matched:
      - @ConditionalOnClass found required class 'org.springframework.web.client.RestClient' (OnClassCondition)
      - NoneNestedConditions 0 matched 1 did not; NestedCondition on NotReactiveWebApplicationCondition.ReactiveWebApplication did not find reactive web application classes (NotReactiveWebApplicationCondition)

   RestClientAutoConfiguration#httpMessageConvertersRestClientCustomizer matched:
      - @ConditionalOnMissingBean (types: org.springframework.boot.autoconfigure.web.client.HttpMessageConvertersRestClientCustomizer; SearchStrategy: all) did not find any beans (OnBeanCondition)

   RestClientAutoConfiguration#restClientBuilder matched:
      - @ConditionalOnMissingBean (types: org.springframework.web.client.RestClient$Builder; SearchStrategy: all) did not find any beans (OnBeanCondition)

   RestClientAutoConfiguration#restClientBuilderConfigurer matched:
      - @ConditionalOnMissingBean (types: org.springframework.boot.autoconfigure.web.client.RestClientBuilderConfigurer; SearchStrategy: all) did not find any beans (OnBeanCondition)

   RestClientAutoConfiguration#restClientSsl matched:
      - @ConditionalOnBean (types: org.springframework.boot.ssl.SslBundles; SearchStrategy: all) found bean 'sslBundleRegistry'; @ConditionalOnMissingBean (types: org.springframework.boot.autoconfigure.web.client.RestClientSsl; SearchStrategy: all) did not find any beans (OnBeanCondition)

   RestTemplateAutoConfiguration matched:
      - @ConditionalOnClass found required class 'org.springframework.web.client.RestTemplate' (OnClassCondition)
      - NoneNestedConditions 0 matched 1 did not; NestedCondition on NotReactiveWebApplicationCondition.ReactiveWebApplication did not find reactive web application classes (NotReactiveWebApplicationCondition)

   RestTemplateAutoConfiguration#restTemplateBuilder matched:
      - @ConditionalOnMissingBean (types: org.springframework.boot.web.client.RestTemplateBuilder; SearchStrategy: all) did not find any beans (OnBeanCondition)

   ServletWebServerFactoryAutoConfiguration matched:
      - @ConditionalOnClass found required class 'jakarta.servlet.ServletRequest' (OnClassCondition)
      - found 'session' scope (OnWebApplicationCondition)

   ServletWebServerFactoryAutoConfiguration#tomcatServletWebServerFactoryCustomizer matched:
      - @ConditionalOnClass found required class 'org.apache.catalina.startup.Tomcat' (OnClassCondition)

   ServletWebServerFactoryConfiguration.EmbeddedTomcat matched:
      - @ConditionalOnClass found required classes 'jakarta.servlet.Servlet', 'org.apache.catalina.startup.Tomcat', 'org.apache.coyote.UpgradeProtocol' (OnClassCondition)
      - @ConditionalOnMissingBean (types: org.springframework.boot.web.servlet.server.ServletWebServerFactory; SearchStrategy: current) did not find any beans (OnBeanCondition)

   SimpleCacheConfiguration matched:
      - Cache org.springframework.boot.autoconfigure.cache.SimpleCacheConfiguration automatic cache type (CacheCondition)

   SpringDataWebAutoConfiguration matched:
      - @ConditionalOnClass found required classes 'org.springframework.data.web.PageableHandlerMethodArgumentResolver', 'org.springframework.web.servlet.config.annotation.WebMvcConfigurer' (OnClassCondition)
      - found 'session' scope (OnWebApplicationCondition)
      - @ConditionalOnMissingBean (types: org.springframework.data.web.PageableHandlerMethodArgumentResolver; SearchStrategy: all) did not find any beans (OnBeanCondition)

   SpringDataWebAutoConfiguration#pageableCustomizer matched:
      - @ConditionalOnMissingBean (types: org.springframework.data.web.config.PageableHandlerMethodArgumentResolverCustomizer; SearchStrategy: all) did not find any beans (OnBeanCondition)

   SpringDataWebAutoConfiguration#sortCustomizer matched:
      - @ConditionalOnMissingBean (types: org.springframework.data.web.config.SortHandlerMethodArgumentResolverCustomizer; SearchStrategy: all) did not find any beans (OnBeanCondition)

   SpringDataWebAutoConfiguration#springDataWebSettings matched:
      - @ConditionalOnMissingBean (types: org.springframework.data.web.config.SpringDataWebSettings; SearchStrategy: all) did not find any beans (OnBeanCondition)

   SqlInitializationAutoConfiguration matched:
      - @ConditionalOnProperty (spring.sql.init.enabled) matched (OnPropertyCondition)
      - NoneNestedConditions 0 matched 1 did not; NestedCondition on SqlInitializationAutoConfiguration.SqlInitializationModeCondition.ModeIsNever @ConditionalOnProperty (spring.sql.init.mode=never) did not find property 'mode' (SqlInitializationAutoConfiguration.SqlInitializationModeCondition)

   SslAutoConfiguration#sslBundleRegistry matched:
      - @ConditionalOnMissingBean (types: org.springframework.boot.ssl.SslBundleRegistry,org.springframework.boot.ssl.SslBundles; SearchStrategy: all) did not find any beans (OnBeanCondition)

   TaskExecutionAutoConfiguration matched:
      - @ConditionalOnClass found required class 'org.springframework.scheduling.concurrent.ThreadPoolTaskExecutor' (OnClassCondition)

   TaskExecutorConfigurations.SimpleAsyncTaskExecutorBuilderConfiguration#simpleAsyncTaskExecutorBuilder matched:
      - @ConditionalOnMissingBean (types: org.springframework.boot.task.SimpleAsyncTaskExecutorBuilder; SearchStrategy: all) did not find any beans (OnBeanCondition)
      - @ConditionalOnThreading found PLATFORM (OnThreadingCondition)

   TaskExecutorConfigurations.TaskExecutorConfiguration matched:
      - @ConditionalOnMissingBean (types: java.util.concurrent.Executor; SearchStrategy: all) did not find any beans (OnBeanCondition)

   TaskExecutorConfigurations.TaskExecutorConfiguration#applicationTaskExecutor matched:
      - @ConditionalOnThreading found PLATFORM (OnThreadingCondition)

   TaskExecutorConfigurations.ThreadPoolTaskExecutorBuilderConfiguration#threadPoolTaskExecutorBuilder matched:
      - @ConditionalOnMissingBean (types: org.springframework.boot.task.ThreadPoolTaskExecutorBuilder; SearchStrategy: all) did not find any beans (OnBeanCondition)

   TaskSchedulingAutoConfiguration matched:
      - @ConditionalOnClass found required class 'org.springframework.scheduling.concurrent.ThreadPoolTaskScheduler' (OnClassCondition)

   TaskSchedulingConfigurations.SimpleAsyncTaskSchedulerBuilderConfiguration#simpleAsyncTaskSchedulerBuilder matched:
      - @ConditionalOnMissingBean (types: org.springframework.boot.task.SimpleAsyncTaskSchedulerBuilder; SearchStrategy: all) did not find any beans (OnBeanCondition)
      - @ConditionalOnThreading found PLATFORM (OnThreadingCondition)

   TaskSchedulingConfigurations.ThreadPoolTaskSchedulerBuilderConfiguration#threadPoolTaskSchedulerBuilder matched:
      - @ConditionalOnMissingBean (types: org.springframework.boot.task.ThreadPoolTaskSchedulerBuilder; SearchStrategy: all) did not find any beans (OnBeanCondition)

   TransactionAutoConfiguration matched:
      - @ConditionalOnClass found required class 'org.springframework.transaction.PlatformTransactionManager' (OnClassCondition)

   TransactionAutoConfiguration.EnableTransactionManagementConfiguration matched:
      - @ConditionalOnBean (types: org.springframework.transaction.TransactionManager; SearchStrategy: all) found bean 'transactionManager'; @ConditionalOnMissingBean (types: org.springframework.transaction.annotation.AbstractTransactionManagementConfiguration; SearchStrategy: all) did not find any beans (OnBeanCondition)

   TransactionAutoConfiguration.EnableTransactionManagementConfiguration.CglibAutoProxyConfiguration matched:
      - @ConditionalOnProperty (spring.aop.proxy-target-class=true) matched (OnPropertyCondition)

   TransactionAutoConfiguration.TransactionTemplateConfiguration matched:
      - @ConditionalOnSingleCandidate (types: org.springframework.transaction.PlatformTransactionManager; SearchStrategy: all) found a single bean 'transactionManager' (OnBeanCondition)

   TransactionAutoConfiguration.TransactionTemplateConfiguration#transactionTemplate matched:
      - @ConditionalOnMissingBean (types: org.springframework.transaction.support.TransactionOperations; SearchStrategy: all) did not find any beans (OnBeanCondition)

   TransactionManagerCustomizationAutoConfiguration matched:
      - @ConditionalOnClass found required class 'org.springframework.transaction.PlatformTransactionManager' (OnClassCondition)

   TransactionManagerCustomizationAutoConfiguration#platformTransactionManagerCustomizers matched:
      - @ConditionalOnMissingBean (types: org.springframework.boot.autoconfigure.transaction.TransactionManagerCustomizers; SearchStrategy: all) did not find any beans (OnBeanCondition)

   WebMvcAutoConfiguration matched:
      - @ConditionalOnClass found required classes 'jakarta.servlet.Servlet', 'org.springframework.web.servlet.DispatcherServlet', 'org.springframework.web.servlet.config.annotation.WebMvcConfigurer' (OnClassCondition)
      - found 'session' scope (OnWebApplicationCondition)
      - @ConditionalOnMissingBean (types: org.springframework.web.servlet.config.annotation.WebMvcConfigurationSupport; SearchStrategy: all) did not find any beans (OnBeanCondition)

   WebMvcAutoConfiguration#formContentFilter matched:
      - @ConditionalOnProperty (spring.mvc.formcontent.filter.enabled) matched (OnPropertyCondition)
      - @ConditionalOnMissingBean (types: org.springframework.web.filter.FormContentFilter; SearchStrategy: all) did not find any beans (OnBeanCondition)

   WebMvcAutoConfiguration.EnableWebMvcConfiguration#flashMapManager matched:
      - @ConditionalOnMissingBean (names: flashMapManager; SearchStrategy: all) did not find any beans (OnBeanCondition)

   WebMvcAutoConfiguration.EnableWebMvcConfiguration#localeResolver matched:
      - @ConditionalOnMissingBean (names: localeResolver; SearchStrategy: all) did not find any beans (OnBeanCondition)

   WebMvcAutoConfiguration.EnableWebMvcConfiguration#themeResolver matched:
      - @ConditionalOnMissingBean (names: themeResolver; SearchStrategy: all) did not find any beans (OnBeanCondition)

   WebMvcAutoConfiguration.EnableWebMvcConfiguration#viewNameTranslator matched:
      - @ConditionalOnMissingBean (names: viewNameTranslator; SearchStrategy: all) did not find any beans (OnBeanCondition)

   WebMvcAutoConfiguration.WebMvcAutoConfigurationAdapter#defaultViewResolver matched:
      - @ConditionalOnMissingBean (types: org.springframework.web.servlet.view.InternalResourceViewResolver; SearchStrategy: all) did not find any beans (OnBeanCondition)

   WebMvcAutoConfiguration.WebMvcAutoConfigurationAdapter#requestContextFilter matched:
      - @ConditionalOnMissingBean (types: org.springframework.web.context.request.RequestContextListener,org.springframework.web.filter.RequestContextFilter; SearchStrategy: all) did not find any beans (OnBeanCondition)

   WebMvcAutoConfiguration.WebMvcAutoConfigurationAdapter#viewResolver matched:
      - @ConditionalOnBean (types: org.springframework.web.servlet.ViewResolver; SearchStrategy: all) found beans 'defaultViewResolver', 'beanNameViewResolver', 'mvcViewResolver'; @ConditionalOnMissingBean (names: viewResolver types: org.springframework.web.servlet.view.ContentNegotiatingViewResolver; SearchStrategy: all) did not find any beans (OnBeanCondition)

   WebSocketServletAutoConfiguration matched:
      - @ConditionalOnClass found required classes 'jakarta.servlet.Servlet', 'jakarta.websocket.server.ServerContainer' (OnClassCondition)
      - found 'session' scope (OnWebApplicationCondition)

   WebSocketServletAutoConfiguration.TomcatWebSocketConfiguration matched:
      - @ConditionalOnClass found required classes 'org.apache.catalina.startup.Tomcat', 'org.apache.tomcat.websocket.server.WsSci' (OnClassCondition)

   WebSocketServletAutoConfiguration.TomcatWebSocketConfiguration#websocketServletWebServerCustomizer matched:
      - @ConditionalOnMissingBean (names: websocketServletWebServerCustomizer; SearchStrategy: all) did not find any beans (OnBeanCondition)


Negative matches:
-----------------

   ActiveMQAutoConfiguration:
      Did not match:
         - @ConditionalOnClass did not find required class 'jakarta.jms.ConnectionFactory' (OnClassCondition)

   AopAutoConfiguration.AspectJAutoProxyingConfiguration.JdkDynamicAutoProxyConfiguration:
      Did not match:
         - @ConditionalOnProperty (spring.aop.proxy-target-class=false) did not find property 'proxy-target-class' (OnPropertyCondition)

   AopAutoConfiguration.ClassProxyingConfiguration:
      Did not match:
         - @ConditionalOnMissingClass found unwanted class 'org.aspectj.weaver.Advice' (OnClassCondition)

   ArtemisAutoConfiguration:
      Did not match:
         - @ConditionalOnClass did not find required class 'jakarta.jms.ConnectionFactory' (OnClassCondition)

   BatchAutoConfiguration:
      Did not match:
         - @ConditionalOnClass did not find required class 'org.springframework.batch.core.launch.JobLauncher' (OnClassCondition)

   Cache2kCacheConfiguration:
      Did not match:
         - @ConditionalOnClass did not find required class 'org.cache2k.Cache2kBuilder' (OnClassCondition)

   CacheAutoConfiguration:
      Did not match:
         - @ConditionalOnBean (types: org.springframework.cache.interceptor.CacheAspectSupport; SearchStrategy: all) did not find any beans of type org.springframework.cache.interceptor.CacheAspectSupport (OnBeanCondition)
      Matched:
         - @ConditionalOnClass found required class 'org.springframework.cache.CacheManager' (OnClassCondition)

   CacheAutoConfiguration.CacheManagerEntityManagerFactoryDependsOnPostProcessor:
      Did not match:
         - Ancestor org.springframework.boot.autoconfigure.cache.CacheAutoConfiguration did not match (ConditionEvaluationReport.AncestorsMatchedCondition)
      Matched:
         - @ConditionalOnClass found required class 'org.springframework.orm.jpa.LocalContainerEntityManagerFactoryBean' (OnClassCondition)

   CaffeineCacheConfiguration:
      Did not match:
         - @ConditionalOnClass did not find required class 'com.github.benmanes.caffeine.cache.Caffeine' (OnClassCondition)

   CassandraAutoConfiguration:
      Did not match:
         - @ConditionalOnClass did not find required class 'com.datastax.oss.driver.api.core.CqlSession' (OnClassCondition)

   CassandraDataAutoConfiguration:
      Did not match:
         - @ConditionalOnClass did not find required class 'com.datastax.oss.driver.api.core.CqlSession' (OnClassCondition)

   CassandraReactiveDataAutoConfiguration:
      Did not match:
         - @ConditionalOnClass did not find required class 'com.datastax.oss.driver.api.core.CqlSession' (OnClassCondition)

   CassandraReactiveRepositoriesAutoConfiguration:
      Did not match:
         - @ConditionalOnClass did not find required class 'org.springframework.data.cassandra.ReactiveSession' (OnClassCondition)

   CassandraRepositoriesAutoConfiguration:
      Did not match:
         - @ConditionalOnClass did not find required class 'com.datastax.oss.driver.api.core.CqlSession' (OnClassCondition)

   ClientHttpConnectorAutoConfiguration:
      Did not match:
         - @ConditionalOnClass did not find required class 'org.springframework.web.reactive.function.client.WebClient' (OnClassCondition)

   CodecsAutoConfiguration:
      Did not match:
         - @ConditionalOnClass did not find required class 'org.springframework.web.reactive.function.client.WebClient' (OnClassCondition)

   CouchbaseAutoConfiguration:
      Did not match:
         - @ConditionalOnClass did not find required class 'com.couchbase.client.java.Cluster' (OnClassCondition)

   CouchbaseCacheConfiguration:
      Did not match:
         - @ConditionalOnClass did not find required class 'com.couchbase.client.java.Cluster' (OnClassCondition)

   CouchbaseDataAutoConfiguration:
      Did not match:
         - @ConditionalOnClass did not find required class 'com.couchbase.client.java.Bucket' (OnClassCondition)

   CouchbaseReactiveDataAutoConfiguration:
      Did not match:
         - @ConditionalOnClass did not find required class 'com.couchbase.client.java.Cluster' (OnClassCondition)

   CouchbaseReactiveRepositoriesAutoConfiguration:
      Did not match:
         - @ConditionalOnClass did not find required class 'com.couchbase.client.java.Cluster' (OnClassCondition)

   CouchbaseRepositoriesAutoConfiguration:
      Did not match:
         - @ConditionalOnClass did not find required class 'com.couchbase.client.java.Bucket' (OnClassCondition)

   DataSourceAutoConfiguration.EmbeddedDatabaseConfiguration:
      Did not match:
         - EmbeddedDataSource spring.datasource.url is set (DataSourceAutoConfiguration.EmbeddedDatabaseCondition)

   DataSourceCheckpointRestoreConfiguration:
      Did not match:
         - @ConditionalOnClass did not find required class 'org.crac.Resource' (OnClassCondition)

   DataSourceConfiguration.Dbcp2:
      Did not match:
         - @ConditionalOnClass did not find required class 'org.apache.commons.dbcp2.BasicDataSource' (OnClassCondition)

   DataSourceConfiguration.Generic:
      Did not match:
         - @ConditionalOnProperty (spring.datasource.type) did not find property 'spring.datasource.type' (OnPropertyCondition)

   DataSourceConfiguration.OracleUcp:
      Did not match:
         - @ConditionalOnClass did not find required classes 'oracle.ucp.jdbc.PoolDataSourceImpl', 'oracle.jdbc.OracleConnection' (OnClassCondition)

   DataSourceConfiguration.Tomcat:
      Did not match:
         - @ConditionalOnClass did not find required class 'org.apache.tomcat.jdbc.pool.DataSource' (OnClassCondition)

   DataSourceJmxConfiguration.TomcatDataSourceJmxConfiguration:
      Did not match:
         - @ConditionalOnClass did not find required class 'org.apache.tomcat.jdbc.pool.DataSourceProxy' (OnClassCondition)

   DataSourcePoolMetadataProvidersConfiguration.CommonsDbcp2PoolDataSourceMetadataProviderConfiguration:
      Did not match:
         - @ConditionalOnClass did not find required class 'org.apache.commons.dbcp2.BasicDataSource' (OnClassCondition)

   DataSourcePoolMetadataProvidersConfiguration.OracleUcpPoolDataSourceMetadataProviderConfiguration:
      Did not match:
         - @ConditionalOnClass did not find required classes 'oracle.ucp.jdbc.PoolDataSource', 'oracle.jdbc.OracleConnection' (OnClassCondition)

   DataSourcePoolMetadataProvidersConfiguration.TomcatDataSourcePoolMetadataProviderConfiguration:
      Did not match:
         - @ConditionalOnClass did not find required class 'org.apache.tomcat.jdbc.pool.DataSource' (OnClassCondition)

   DataSourceTransactionManagerAutoConfiguration.JdbcTransactionManagerConfiguration#transactionManager:
      Did not match:
         - @ConditionalOnMissingBean (types: org.springframework.transaction.TransactionManager; SearchStrategy: all) found beans of type 'org.springframework.transaction.TransactionManager' transactionManager (OnBeanCondition)

   DispatcherServletAutoConfiguration.DispatcherServletConfiguration#multipartResolver:
      Did not match:
         - @ConditionalOnBean (types: org.springframework.web.multipart.MultipartResolver; SearchStrategy: all) did not find any beans of type org.springframework.web.multipart.MultipartResolver (OnBeanCondition)

   ElasticsearchClientAutoConfiguration:
      Did not match:
         - @ConditionalOnClass did not find required class 'co.elastic.clients.elasticsearch.ElasticsearchClient' (OnClassCondition)

   ElasticsearchDataAutoConfiguration:
      Did not match:
         - @ConditionalOnClass did not find required class 'org.springframework.data.elasticsearch.client.elc.ElasticsearchTemplate' (OnClassCondition)

   ElasticsearchRepositoriesAutoConfiguration:
      Did not match:
         - @ConditionalOnClass did not find required class 'org.springframework.data.elasticsearch.repository.ElasticsearchRepository' (OnClassCondition)

   ElasticsearchRestClientAutoConfiguration:
      Did not match:
         - @ConditionalOnClass did not find required class 'org.elasticsearch.client.RestClientBuilder' (OnClassCondition)

   EmbeddedLdapAutoConfiguration:
      Did not match:
         - @ConditionalOnClass did not find required class 'com.unboundid.ldap.listener.InMemoryDirectoryServer' (OnClassCondition)

   EmbeddedWebServerFactoryCustomizerAutoConfiguration.JettyWebServerFactoryCustomizerConfiguration:
      Did not match:
         - @ConditionalOnClass did not find required classes 'org.eclipse.jetty.server.Server', 'org.eclipse.jetty.util.Loader', 'org.eclipse.jetty.ee10.webapp.WebAppContext' (OnClassCondition)

   EmbeddedWebServerFactoryCustomizerAutoConfiguration.NettyWebServerFactoryCustomizerConfiguration:
      Did not match:
         - @ConditionalOnClass did not find required class 'reactor.netty.http.server.HttpServer' (OnClassCondition)

   EmbeddedWebServerFactoryCustomizerAutoConfiguration.TomcatWebServerFactoryCustomizerConfiguration#tomcatVirtualThreadsProtocolHandlerCustomizer:
      Did not match:
         - @ConditionalOnThreading did not find VIRTUAL (OnThreadingCondition)

   EmbeddedWebServerFactoryCustomizerAutoConfiguration.UndertowWebServerFactoryCustomizerConfiguration:
      Did not match:
         - @ConditionalOnClass did not find required classes 'io.undertow.Undertow', 'org.xnio.SslClientAuthMode' (OnClassCondition)

   ErrorWebFluxAutoConfiguration:
      Did not match:
         - @ConditionalOnClass did not find required class 'org.springframework.web.reactive.config.WebFluxConfigurer' (OnClassCondition)

   FlywayAutoConfiguration:
      Did not match:
         - @ConditionalOnClass did not find required class 'org.flywaydb.core.Flyway' (OnClassCondition)

   FreeMarkerAutoConfiguration:
      Did not match:
         - @ConditionalOnClass did not find required class 'freemarker.template.Configuration' (OnClassCondition)

   GraphQlAutoConfiguration:
      Did not match:
         - @ConditionalOnClass did not find required class 'graphql.GraphQL' (OnClassCondition)

   GraphQlQueryByExampleAutoConfiguration:
      Did not match:
         - @ConditionalOnClass did not find required class 'graphql.GraphQL' (OnClassCondition)

   GraphQlQuerydslAutoConfiguration:
      Did not match:
         - @ConditionalOnClass did not find required class 'com.querydsl.core.Query' (OnClassCondition)

   GraphQlRSocketAutoConfiguration:
      Did not match:
         - @ConditionalOnClass did not find required class 'graphql.GraphQL' (OnClassCondition)

   GraphQlReactiveQueryByExampleAutoConfiguration:
      Did not match:
         - @ConditionalOnClass did not find required class 'graphql.GraphQL' (OnClassCondition)

   GraphQlReactiveQuerydslAutoConfiguration:
      Did not match:
         - @ConditionalOnClass did not find required class 'com.querydsl.core.Query' (OnClassCondition)

   GraphQlWebFluxAutoConfiguration:
      Did not match:
         - @ConditionalOnClass did not find required class 'graphql.GraphQL' (OnClassCondition)

   GraphQlWebFluxSecurityAutoConfiguration:
      Did not match:
         - @ConditionalOnClass did not find required class 'graphql.GraphQL' (OnClassCondition)

   GraphQlWebMvcAutoConfiguration:
      Did not match:
         - @ConditionalOnClass did not find required class 'graphql.GraphQL' (OnClassCondition)

   GraphQlWebMvcSecurityAutoConfiguration:
      Did not match:
         - @ConditionalOnClass did not find required class 'graphql.GraphQL' (OnClassCondition)

   GroovyTemplateAutoConfiguration:
      Did not match:
         - @ConditionalOnClass did not find required class 'groovy.text.markup.MarkupTemplateEngine' (OnClassCondition)

   GsonAutoConfiguration:
      Did not match:
         - @ConditionalOnClass did not find required class 'com.google.gson.Gson' (OnClassCondition)

   GsonHttpMessageConvertersConfiguration:
      Did not match:
         - @ConditionalOnClass did not find required class 'com.google.gson.Gson' (OnClassCondition)

   H2ConsoleAutoConfiguration:
      Did not match:
         - @ConditionalOnClass did not find required class 'org.h2.server.web.JakartaWebServlet' (OnClassCondition)

   HazelcastAutoConfiguration:
      Did not match:
         - @ConditionalOnClass did not find required class 'com.hazelcast.core.HazelcastInstance' (OnClassCondition)

   HazelcastCacheConfiguration:
      Did not match:
         - @ConditionalOnClass did not find required class 'com.hazelcast.core.HazelcastInstance' (OnClassCondition)

   HazelcastJpaDependencyAutoConfiguration:
      Did not match:
         - @ConditionalOnClass did not find required class 'com.hazelcast.core.HazelcastInstance' (OnClassCondition)

   HttpHandlerAutoConfiguration:
      Did not match:
         - @ConditionalOnClass did not find required class 'org.springframework.web.reactive.DispatcherHandler' (OnClassCondition)

   HypermediaAutoConfiguration:
      Did not match:
         - @ConditionalOnClass did not find required class 'org.springframework.hateoas.EntityModel' (OnClassCondition)

   InfinispanCacheConfiguration:
      Did not match:
         - @ConditionalOnClass did not find required class 'org.infinispan.spring.embedded.provider.SpringEmbeddedCacheManager' (OnClassCondition)

   IntegrationAutoConfiguration:
      Did not match:
         - @ConditionalOnClass did not find required class 'org.springframework.integration.config.EnableIntegration' (OnClassCondition)

   JCacheCacheConfiguration:
      Did not match:
         - @ConditionalOnClass did not find required class 'javax.cache.Caching' (OnClassCondition)

   JacksonHttpMessageConvertersConfiguration.MappingJackson2XmlHttpMessageConverterConfiguration:
      Did not match:
         - @ConditionalOnClass did not find required class 'com.fasterxml.jackson.dataformat.xml.XmlMapper' (OnClassCondition)

   JdbcRepositoriesAutoConfiguration:
      Did not match:
         - @ConditionalOnClass did not find required class 'org.springframework.data.jdbc.repository.config.AbstractJdbcConfiguration' (OnClassCondition)

   JerseyAutoConfiguration:
      Did not match:
         - @ConditionalOnClass did not find required class 'org.glassfish.jersey.server.spring.SpringComponentProvider' (OnClassCondition)

   JmsAutoConfiguration:
      Did not match:
         - @ConditionalOnClass did not find required class 'jakarta.jms.Message' (OnClassCondition)

   JmxAutoConfiguration:
      Did not match:
         - @ConditionalOnProperty (spring.jmx.enabled=true) did not find property 'enabled' (OnPropertyCondition)
      Matched:
         - @ConditionalOnClass found required class 'org.springframework.jmx.export.MBeanExporter' (OnClassCondition)

   JndiConnectionFactoryAutoConfiguration:
      Did not match:
         - @ConditionalOnClass did not find required class 'org.springframework.jms.core.JmsTemplate' (OnClassCondition)

   JndiDataSourceAutoConfiguration:
      Did not match:
         - @ConditionalOnProperty (spring.datasource.jndi-name) did not find property 'jndi-name' (OnPropertyCondition)
      Matched:
         - @ConditionalOnClass found required classes 'javax.sql.DataSource', 'org.springframework.jdbc.datasource.embedded.EmbeddedDatabaseType' (OnClassCondition)

   JndiJtaConfiguration:
      Did not match:
         - @ConditionalOnJndi JNDI environment is not available (OnJndiCondition)
      Matched:
         - @ConditionalOnClass found required class 'org.springframework.transaction.jta.JtaTransactionManager' (OnClassCondition)

   JooqAutoConfiguration:
      Did not match:
         - @ConditionalOnClass did not find required class 'org.jooq.DSLContext' (OnClassCondition)

   JpaRepositoriesAutoConfiguration#entityManagerFactoryBootstrapExecutorCustomizer:
      Did not match:
         - AnyNestedCondition 0 matched 2 did not; NestedCondition on JpaRepositoriesAutoConfiguration.BootstrapExecutorCondition.LazyBootstrapMode @ConditionalOnProperty (spring.data.jpa.repositories.bootstrap-mode=lazy) did not find property 'bootstrap-mode'; NestedCondition on JpaRepositoriesAutoConfiguration.BootstrapExecutorCondition.DeferredBootstrapMode @ConditionalOnProperty (spring.data.jpa.repositories.bootstrap-mode=deferred) did not find property 'bootstrap-mode' (JpaRepositoriesAutoConfiguration.BootstrapExecutorCondition)

   JsonbAutoConfiguration:
      Did not match:
         - @ConditionalOnClass did not find required class 'jakarta.json.bind.Jsonb' (OnClassCondition)

   JsonbHttpMessageConvertersConfiguration:
      Did not match:
         - @ConditionalOnClass did not find required class 'jakarta.json.bind.Jsonb' (OnClassCondition)

   KafkaAutoConfiguration:
      Did not match:
         - @ConditionalOnClass did not find required class 'org.springframework.kafka.core.KafkaTemplate' (OnClassCondition)

   LdapAutoConfiguration:
      Did not match:
         - @ConditionalOnClass did not find required class 'org.springframework.ldap.core.ContextSource' (OnClassCondition)

   LdapRepositoriesAutoConfiguration:
      Did not match:
         - @ConditionalOnClass did not find required class 'org.springframework.data.ldap.repository.LdapRepository' (OnClassCondition)

   LiquibaseAutoConfiguration:
      Did not match:
         - @ConditionalOnClass did not find required class 'liquibase.change.DatabaseChange' (OnClassCondition)

   MailSenderAutoConfiguration:
      Did not match:
         - @ConditionalOnClass did not find required class 'jakarta.mail.internet.MimeMessage' (OnClassCondition)

   MailSenderValidatorAutoConfiguration:
      Did not match:
         - @ConditionalOnSingleCandidate did not find required type 'org.springframework.mail.javamail.JavaMailSenderImpl' (OnBeanCondition)

   MessageSourceAutoConfiguration:
      Did not match:
         - ResourceBundle did not find bundle with basename messages (MessageSourceAutoConfiguration.ResourceBundleCondition)

   MongoAutoConfiguration:
      Did not match:
         - @ConditionalOnClass did not find required class 'com.mongodb.client.MongoClient' (OnClassCondition)

   MongoDataAutoConfiguration:
      Did not match:
         - @ConditionalOnClass did not find required class 'com.mongodb.client.MongoClient' (OnClassCondition)

   MongoReactiveAutoConfiguration:
      Did not match:
         - @ConditionalOnClass did not find required class 'com.mongodb.reactivestreams.client.MongoClient' (OnClassCondition)

   MongoReactiveDataAutoConfiguration:
      Did not match:
         - @ConditionalOnClass did not find required class 'com.mongodb.reactivestreams.client.MongoClient' (OnClassCondition)

   MongoReactiveRepositoriesAutoConfiguration:
      Did not match:
         - @ConditionalOnClass did not find required class 'com.mongodb.reactivestreams.client.MongoClient' (OnClassCondition)

   MongoRepositoriesAutoConfiguration:
      Did not match:
         - @ConditionalOnClass did not find required class 'com.mongodb.client.MongoClient' (OnClassCondition)

   MustacheAutoConfiguration:
      Did not match:
         - @ConditionalOnClass did not find required class 'com.samskivert.mustache.Mustache' (OnClassCondition)

   Neo4jAutoConfiguration:
      Did not match:
         - @ConditionalOnClass did not find required class 'org.neo4j.driver.Driver' (OnClassCondition)

   Neo4jDataAutoConfiguration:
      Did not match:
         - @ConditionalOnClass did not find required class 'org.neo4j.driver.Driver' (OnClassCondition)

   Neo4jReactiveDataAutoConfiguration:
      Did not match:
         - @ConditionalOnClass did not find required class 'org.neo4j.driver.Driver' (OnClassCondition)

   Neo4jReactiveRepositoriesAutoConfiguration:
      Did not match:
         - @ConditionalOnClass did not find required class 'org.neo4j.driver.Driver' (OnClassCondition)

   Neo4jRepositoriesAutoConfiguration:
      Did not match:
         - @ConditionalOnClass did not find required class 'org.neo4j.driver.Driver' (OnClassCondition)

   NettyAutoConfiguration:
      Did not match:
         - @ConditionalOnClass did not find required class 'io.netty.util.NettyRuntime' (OnClassCondition)

   OAuth2AuthorizationServerAutoConfiguration:
      Did not match:
         - @ConditionalOnClass did not find required class 'org.springframework.security.oauth2.server.authorization.OAuth2Authorization' (OnClassCondition)

   OAuth2AuthorizationServerJwtAutoConfiguration:
      Did not match:
         - @ConditionalOnClass did not find required class 'com.nimbusds.jose.jwk.source.JWKSource' (OnClassCondition)

   OAuth2ClientAutoConfiguration:
      Did not match:
         - @ConditionalOnClass did not find required class 'org.springframework.security.config.annotation.web.configuration.EnableWebSecurity' (OnClassCondition)

   OAuth2ResourceServerAutoConfiguration:
      Did not match:
         - @ConditionalOnClass did not find required class 'org.springframework.security.oauth2.server.resource.authentication.BearerTokenAuthenticationToken' (OnClassCondition)

   ProjectInfoAutoConfiguration#buildProperties:
      Did not match:
         - @ConditionalOnResource did not find resource '${spring.info.build.location:classpath:META-INF/build-info.properties}' (OnResourceCondition)

   ProjectInfoAutoConfiguration#gitProperties:
      Did not match:
         - GitResource did not find git info at classpath:git.properties (ProjectInfoAutoConfiguration.GitResourceAvailableCondition)

   PulsarAutoConfiguration:
      Did not match:
         - @ConditionalOnClass did not find required class 'org.apache.pulsar.client.api.PulsarClient' (OnClassCondition)

   PulsarReactiveAutoConfiguration:
      Did not match:
         - @ConditionalOnClass did not find required class 'org.apache.pulsar.client.api.PulsarClient' (OnClassCondition)

   QuartzAutoConfiguration:
      Did not match:
         - @ConditionalOnClass did not find required class 'org.quartz.Scheduler' (OnClassCondition)

   R2dbcAutoConfiguration:
      Did not match:
         - @ConditionalOnClass did not find required class 'io.r2dbc.spi.ConnectionFactory' (OnClassCondition)

   R2dbcDataAutoConfiguration:
      Did not match:
         - @ConditionalOnClass did not find required class 'org.springframework.data.r2dbc.core.R2dbcEntityTemplate' (OnClassCondition)

   R2dbcInitializationConfiguration:
      Did not match:
         - @ConditionalOnClass did not find required classes 'io.r2dbc.spi.ConnectionFactory', 'org.springframework.r2dbc.connection.init.DatabasePopulator' (OnClassCondition)

   R2dbcProxyAutoConfiguration:
      Did not match:
         - @ConditionalOnClass did not find required class 'io.r2dbc.proxy.ProxyConnectionFactory' (OnClassCondition)

   R2dbcRepositoriesAutoConfiguration:
      Did not match:
         - @ConditionalOnClass did not find required class 'io.r2dbc.spi.ConnectionFactory' (OnClassCondition)

   R2dbcTransactionManagerAutoConfiguration:
      Did not match:
         - @ConditionalOnClass did not find required class 'org.springframework.r2dbc.connection.R2dbcTransactionManager' (OnClassCondition)

   RSocketGraphQlClientAutoConfiguration:
      Did not match:
         - @ConditionalOnClass did not find required class 'graphql.GraphQL' (OnClassCondition)

   RSocketMessagingAutoConfiguration:
      Did not match:
         - @ConditionalOnClass did not find required class 'io.rsocket.RSocket' (OnClassCondition)

   RSocketRequesterAutoConfiguration:
      Did not match:
         - @ConditionalOnClass did not find required class 'io.rsocket.RSocket' (OnClassCondition)

   RSocketSecurityAutoConfiguration:
      Did not match:
         - @ConditionalOnClass did not find required class 'org.springframework.security.rsocket.core.SecuritySocketAcceptorInterceptor' (OnClassCondition)

   RSocketServerAutoConfiguration:
      Did not match:
         - @ConditionalOnClass did not find required class 'io.rsocket.core.RSocketServer' (OnClassCondition)

   RSocketStrategiesAutoConfiguration:
      Did not match:
         - @ConditionalOnClass did not find required class 'io.netty.buffer.PooledByteBufAllocator' (OnClassCondition)

   RabbitAutoConfiguration:
      Did not match:
         - @ConditionalOnClass did not find required class 'com.rabbitmq.client.Channel' (OnClassCondition)

   ReactiveElasticsearchClientAutoConfiguration:
      Did not match:
         - @ConditionalOnClass did not find required class 'co.elastic.clients.transport.ElasticsearchTransport' (OnClassCondition)

   ReactiveElasticsearchRepositoriesAutoConfiguration:
      Did not match:
         - @ConditionalOnClass did not find required class 'reactor.core.publisher.Mono' (OnClassCondition)

   ReactiveMultipartAutoConfiguration:
      Did not match:
         - @ConditionalOnClass did not find required class 'org.springframework.web.reactive.config.WebFluxConfigurer' (OnClassCondition)

   ReactiveOAuth2ClientAutoConfiguration:
      Did not match:
         - @ConditionalOnClass did not find required class 'reactor.core.publisher.Flux' (OnClassCondition)

   ReactiveOAuth2ResourceServerAutoConfiguration:
      Did not match:
         - @ConditionalOnClass did not find required class 'org.springframework.security.config.annotation.web.reactive.EnableWebFluxSecurity' (OnClassCondition)

   ReactiveSecurityAutoConfiguration:
      Did not match:
         - @ConditionalOnClass did not find required class 'reactor.core.publisher.Flux' (OnClassCondition)

   ReactiveUserDetailsServiceAutoConfiguration:
      Did not match:
         - @ConditionalOnClass did not find required class 'org.springframework.security.authentication.ReactiveAuthenticationManager' (OnClassCondition)

   ReactiveWebServerFactoryAutoConfiguration:
      Did not match:
         - @ConditionalOnWebApplication did not find reactive web application classes (OnWebApplicationCondition)

   ReactorAutoConfiguration:
      Did not match:
         - @ConditionalOnClass did not find required class 'reactor.core.publisher.Hooks' (OnClassCondition)

   RedisAutoConfiguration:
      Did not match:
         - @ConditionalOnClass did not find required class 'org.springframework.data.redis.core.RedisOperations' (OnClassCondition)

   RedisCacheConfiguration:
      Did not match:
         - @ConditionalOnClass did not find required class 'org.springframework.data.redis.connection.RedisConnectionFactory' (OnClassCondition)

   RedisReactiveAutoConfiguration:
      Did not match:
         - @ConditionalOnClass did not find required class 'reactor.core.publisher.Flux' (OnClassCondition)

   RedisRepositoriesAutoConfiguration:
      Did not match:
         - @ConditionalOnClass did not find required class 'org.springframework.data.redis.repository.configuration.EnableRedisRepositories' (OnClassCondition)

   RepositoryRestMvcAutoConfiguration:
      Did not match:
         - @ConditionalOnClass did not find required class 'org.springframework.data.rest.webmvc.config.RepositoryRestMvcConfiguration' (OnClassCondition)

   Saml2RelyingPartyAutoConfiguration:
      Did not match:
         - @ConditionalOnClass did not find required class 'org.springframework.security.saml2.provider.service.registration.RelyingPartyRegistrationRepository' (OnClassCondition)

   SecurityAutoConfiguration:
      Did not match:
         - @ConditionalOnClass did not find required class 'org.springframework.security.authentication.DefaultAuthenticationEventPublisher' (OnClassCondition)

   SecurityFilterAutoConfiguration:
      Did not match:
         - @ConditionalOnClass did not find required class 'org.springframework.security.config.http.SessionCreationPolicy' (OnClassCondition)

   SendGridAutoConfiguration:
      Did not match:
         - @ConditionalOnClass did not find required class 'com.sendgrid.SendGrid' (OnClassCondition)

   ServletWebServerFactoryAutoConfiguration.ForwardedHeaderFilterConfiguration:
      Did not match:
         - @ConditionalOnProperty (server.forward-headers-strategy=framework) did not find property 'server.forward-headers-strategy' (OnPropertyCondition)

   ServletWebServerFactoryConfiguration.EmbeddedJetty:
      Did not match:
         - @ConditionalOnClass did not find required classes 'org.eclipse.jetty.server.Server', 'org.eclipse.jetty.util.Loader', 'org.eclipse.jetty.ee10.webapp.WebAppContext' (OnClassCondition)

   ServletWebServerFactoryConfiguration.EmbeddedUndertow:
      Did not match:
         - @ConditionalOnClass did not find required classes 'io.undertow.Undertow', 'org.xnio.SslClientAuthMode' (OnClassCondition)

   SessionAutoConfiguration:
      Did not match:
         - @ConditionalOnClass did not find required class 'org.springframework.session.Session' (OnClassCondition)

   SpringApplicationAdminJmxAutoConfiguration:
      Did not match:
         - @ConditionalOnProperty (spring.application.admin.enabled=true) did not find property 'enabled' (OnPropertyCondition)

   TaskExecutorConfigurations.SimpleAsyncTaskExecutorBuilderConfiguration#simpleAsyncTaskExecutorBuilderVirtualThreads:
      Did not match:
         - @ConditionalOnMissingBean (types: org.springframework.boot.task.SimpleAsyncTaskExecutorBuilder; SearchStrategy: all) found beans of type 'org.springframework.boot.task.SimpleAsyncTaskExecutorBuilder' simpleAsyncTaskExecutorBuilder (OnBeanCondition)

   TaskExecutorConfigurations.TaskExecutorConfiguration#applicationTaskExecutorVirtualThreads:
      Did not match:
         - @ConditionalOnThreading did not find VIRTUAL (OnThreadingCondition)

   TaskSchedulingAutoConfiguration#scheduledBeanLazyInitializationExcludeFilter:
      Did not match:
         - @ConditionalOnBean (names: org.springframework.context.annotation.internalScheduledAnnotationProcessor; SearchStrategy: all) did not find any beans named org.springframework.context.annotation.internalScheduledAnnotationProcessor (OnBeanCondition)

   TaskSchedulingConfigurations.SimpleAsyncTaskSchedulerBuilderConfiguration#simpleAsyncTaskSchedulerBuilderVirtualThreads:
      Did not match:
         - @ConditionalOnMissingBean (types: org.springframework.boot.task.SimpleAsyncTaskSchedulerBuilder; SearchStrategy: all) found beans of type 'org.springframework.boot.task.SimpleAsyncTaskSchedulerBuilder' simpleAsyncTaskSchedulerBuilder (OnBeanCondition)

   TaskSchedulingConfigurations.TaskSchedulerConfiguration:
      Did not match:
         - @ConditionalOnBean (names: org.springframework.context.annotation.internalScheduledAnnotationProcessor; SearchStrategy: all) did not find any beans named org.springframework.context.annotation.internalScheduledAnnotationProcessor (OnBeanCondition)

   ThymeleafAutoConfiguration:
      Did not match:
         - @ConditionalOnClass did not find required class 'org.thymeleaf.spring6.SpringTemplateEngine' (OnClassCondition)

   TransactionAutoConfiguration#transactionalOperator:
      Did not match:
         - @ConditionalOnSingleCandidate (types: org.springframework.transaction.ReactiveTransactionManager; SearchStrategy: all) did not find any beans (OnBeanCondition)

   TransactionAutoConfiguration.AspectJTransactionManagementConfiguration:
      Did not match:
         - @ConditionalOnBean (types: org.springframework.transaction.aspectj.AbstractTransactionAspect; SearchStrategy: all) did not find any beans of type org.springframework.transaction.aspectj.AbstractTransactionAspect (OnBeanCondition)

   TransactionAutoConfiguration.EnableTransactionManagementConfiguration.JdkDynamicAutoProxyConfiguration:
      Did not match:
         - @ConditionalOnProperty (spring.aop.proxy-target-class=false) did not find property 'proxy-target-class' (OnPropertyCondition)

   UserDetailsServiceAutoConfiguration:
      Did not match:
         - @ConditionalOnClass did not find required class 'org.springframework.security.authentication.AuthenticationManager' (OnClassCondition)

   ValidationAutoConfiguration:
      Did not match:
         - @ConditionalOnClass did not find required class 'jakarta.validation.executable.ExecutableValidator' (OnClassCondition)

   WebClientAutoConfiguration:
      Did not match:
         - @ConditionalOnClass did not find required class 'org.springframework.web.reactive.function.client.WebClient' (OnClassCondition)

   WebFluxAutoConfiguration:
      Did not match:
         - @ConditionalOnClass did not find required class 'org.springframework.web.reactive.config.WebFluxConfigurer' (OnClassCondition)

   WebMvcAutoConfiguration#hiddenHttpMethodFilter:
      Did not match:
         - @ConditionalOnProperty (spring.mvc.hiddenmethod.filter.enabled) did not find property 'enabled' (OnPropertyCondition)

   WebMvcAutoConfiguration.ProblemDetailsErrorHandlingConfiguration:
      Did not match:
         - @ConditionalOnProperty (spring.mvc.problemdetails.enabled=true) did not find property 'enabled' (OnPropertyCondition)

   WebMvcAutoConfiguration.ResourceChainCustomizerConfiguration:
      Did not match:
         - @ConditionalOnEnabledResourceChain did not find class org.webjars.WebJarVersionLocator (OnEnabledResourceChainCondition)

   WebMvcAutoConfiguration.WebMvcAutoConfigurationAdapter#beanNameViewResolver:
      Did not match:
         - @ConditionalOnMissingBean (types: org.springframework.web.servlet.view.BeanNameViewResolver; SearchStrategy: all) found beans of type 'org.springframework.web.servlet.view.BeanNameViewResolver' beanNameViewResolver (OnBeanCondition)

   WebServiceTemplateAutoConfiguration:
      Did not match:
         - @ConditionalOnClass did not find required class 'org.springframework.oxm.Marshaller' (OnClassCondition)

   WebServicesAutoConfiguration:
      Did not match:
         - @ConditionalOnClass did not find required class 'org.springframework.ws.transport.http.MessageDispatcherServlet' (OnClassCondition)

   WebSessionIdResolverAutoConfiguration:
      Did not match:
         - @ConditionalOnClass did not find required class 'reactor.core.publisher.Mono' (OnClassCondition)

   WebSocketMessagingAutoConfiguration:
      Did not match:
         - @ConditionalOnClass did not find required class 'org.springframework.web.socket.config.annotation.WebSocketMessageBrokerConfigurer' (OnClassCondition)

   WebSocketReactiveAutoConfiguration:
      Did not match:
         - @ConditionalOnWebApplication did not find reactive web application classes (OnWebApplicationCondition)

   WebSocketServletAutoConfiguration.JettyWebSocketConfiguration:
      Did not match:
         - @ConditionalOnClass did not find required class 'org.eclipse.jetty.ee10.websocket.jakarta.server.config.JakartaWebSocketServletContainerInitializer' (OnClassCondition)

   WebSocketServletAutoConfiguration.UndertowWebSocketConfiguration:
      Did not match:
         - @ConditionalOnClass did not find required class 'io.undertow.websockets.jsr.Bootstrap' (OnClassCondition)

   XADataSourceAutoConfiguration:
      Did not match:
         - @ConditionalOnBean (types: org.springframework.boot.jdbc.XADataSourceWrapper; SearchStrategy: all) did not find any beans of type org.springframework.boot.jdbc.XADataSourceWrapper (OnBeanCondition)
      Matched:
         - @ConditionalOnClass found required classes 'javax.sql.DataSource', 'jakarta.transaction.TransactionManager', 'org.springframework.jdbc.datasource.embedded.EmbeddedDatabaseType' (OnClassCondition)


Exclusions:
-----------

    None


Unconditional classes:
----------------------

    org.springframework.boot.autoconfigure.context.ConfigurationPropertiesAutoConfiguration

    org.springframework.boot.autoconfigure.ssl.SslAutoConfiguration

    org.springframework.boot.autoconfigure.context.LifecycleAutoConfiguration

    org.springframework.boot.autoconfigure.context.PropertyPlaceholderAutoConfiguration

    org.springframework.boot.autoconfigure.availability.ApplicationAvailabilityAutoConfiguration

    org.springframework.boot.autoconfigure.info.ProjectInfoAutoConfiguration



2025-08-25 22:02:32 INFO  [main] ru.bmstu.iu7.Main - Started Main in 6.815 seconds (process running for 7.387)
2025-08-25 22:02:32 DEBUG [main] o.s.b.a.ApplicationAvailabilityBean - Application availability state LivenessState changed to CORRECT
2025-08-25 22:02:32 DEBUG [main] o.s.b.a.ApplicationAvailabilityBean - Application availability state ReadinessState changed to ACCEPTING_TRAFFIC
2025-08-25 22:02:32 INFO  [main] ru.bmstu.iu7.ML_port - OLAMA HOST ishttp://localhost:11434/api/generate
2025-08-25 22:02:32 DEBUG [main] o.s.o.j.SharedEntityManagerCreator$SharedEntityManagerInvocationHandler - Creating new EntityManager for shared EntityManager invocation
2025-08-25 22:02:32 DEBUG [main] org.hibernate.orm.sql.ast.create - Created new SQL alias : t1_0
2025-08-25 22:02:32 DEBUG [main] org.hibernate.orm.sql.ast.create - Registration of TableGroup [StandardTableGroup(ru.bmstu.iu7.impl.model.Tag(4))] with identifierForTableGroup [ru.bmstu.iu7.impl.model.Tag] for NavigablePath [ru.bmstu.iu7.impl.model.Tag] 
2025-08-25 22:02:32 DEBUG [main] o.h.q.s.sql.BaseSqmToSqlAstConverter - Determining mapping-model type for SqmParameter : org.hibernate.query.sqm.tree.expression.SqmJpaCriteriaParameterWrapper@2d6cbbdb
2025-08-25 22:02:32 DEBUG [main] o.h.q.s.sql.BaseSqmToSqlAstConverter - Determining mapping-model type for SqmPath : SqmBasicValuedSimplePath(ru.bmstu.iu7.impl.model.Tag(4).name) 
2025-08-25 22:02:32 DEBUG [main] org.hibernate.orm.results.graph.AST - DomainResult Graph:
 \-EntityResultImpl [ru.bmstu.iu7.impl.model.Tag(4)]
 |  \-BasicFetch [ru.bmstu.iu7.impl.model.Tag(4).name]

2025-08-25 22:02:32 DEBUG [main] org.hibernate.orm.sql.ast.tree - SQL AST Tree:
    SelectStatement {
      FromClause {
        StandardTableGroup (t1 : ru.bmstu.iu7.impl.model.Tag(4)) {
          primaryTableReference : tag as t1_0
        }
      }
    }

2025-08-25 22:02:32 DEBUG [main] org.hibernate.orm.sql.exec - Skipping reading Query result cache data: cache-enabled = false, cache-mode = NORMAL
2025-08-25 22:02:32 DEBUG [main] org.hibernate.SQL - select t1_0.id,t1_0.name from tag t1_0 where t1_0.name=?
2025-08-25 22:02:32 DEBUG [main] org.hibernate.orm.results - Initializer list:
	  ru.bmstu.iu7.impl.model.Tag(4) -> EntityJoinedFetchInitializer(ru.bmstu.iu7.impl.model.Tag(4))@1478277241 (SingleTableEntityPersister(ru.bmstu.iu7.impl.model.Tag))

2025-08-25 22:02:32 DEBUG [main] o.s.o.j.SharedEntityManagerCreator$SharedEntityManagerInvocationHandler - Creating new EntityManager for shared EntityManager invocation
2025-08-25 22:02:32 DEBUG [main] org.hibernate.orm.sql.ast.create - Created new SQL alias : t1_0
2025-08-25 22:02:32 DEBUG [main] org.hibernate.orm.sql.ast.create - Registration of TableGroup [StandardTableGroup(ru.bmstu.iu7.impl.model.Tag(4))] with identifierForTableGroup [ru.bmstu.iu7.impl.model.Tag] for NavigablePath [ru.bmstu.iu7.impl.model.Tag] 
2025-08-25 22:02:32 DEBUG [main] o.h.q.s.sql.BaseSqmToSqlAstConverter - Determining mapping-model type for SqmParameter : org.hibernate.query.sqm.tree.expression.SqmJpaCriteriaParameterWrapper@661d49d1
2025-08-25 22:02:32 DEBUG [main] o.h.q.s.sql.BaseSqmToSqlAstConverter - Determining mapping-model type for SqmPath : SqmBasicValuedSimplePath(ru.bmstu.iu7.impl.model.Tag(4).name) 
2025-08-25 22:02:32 DEBUG [main] org.hibernate.orm.results.graph.AST - DomainResult Graph:
 \-EntityResultImpl [ru.bmstu.iu7.impl.model.Tag(4)]
 |  \-BasicFetch [ru.bmstu.iu7.impl.model.Tag(4).name]

2025-08-25 22:02:32 DEBUG [main] org.hibernate.orm.sql.ast.tree - SQL AST Tree:
    SelectStatement {
      FromClause {
        StandardTableGroup (t1 : ru.bmstu.iu7.impl.model.Tag(4)) {
          primaryTableReference : tag as t1_0
        }
      }
    }

2025-08-25 22:02:32 DEBUG [main] org.hibernate.orm.sql.exec - Skipping reading Query result cache data: cache-enabled = false, cache-mode = NORMAL
2025-08-25 22:02:32 DEBUG [main] org.hibernate.SQL - select t1_0.id,t1_0.name from tag t1_0 where t1_0.name=?
2025-08-25 22:02:32 DEBUG [main] org.hibernate.orm.results - Initializer list:
	  ru.bmstu.iu7.impl.model.Tag(4) -> EntityJoinedFetchInitializer(ru.bmstu.iu7.impl.model.Tag(4))@131646052 (SingleTableEntityPersister(ru.bmstu.iu7.impl.model.Tag))

2025-08-25 22:02:32 DEBUG [main] o.s.o.j.SharedEntityManagerCreator$SharedEntityManagerInvocationHandler - Creating new EntityManager for shared EntityManager invocation
2025-08-25 22:02:32 DEBUG [main] org.hibernate.orm.sql.ast.create - Created new SQL alias : t1_0
2025-08-25 22:02:32 DEBUG [main] org.hibernate.orm.sql.ast.create - Registration of TableGroup [StandardTableGroup(ru.bmstu.iu7.impl.model.Tag(4))] with identifierForTableGroup [ru.bmstu.iu7.impl.model.Tag] for NavigablePath [ru.bmstu.iu7.impl.model.Tag] 
2025-08-25 22:02:32 DEBUG [main] o.h.q.s.sql.BaseSqmToSqlAstConverter - Determining mapping-model type for SqmParameter : org.hibernate.query.sqm.tree.expression.SqmJpaCriteriaParameterWrapper@7479cdf7
2025-08-25 22:02:32 DEBUG [main] o.h.q.s.sql.BaseSqmToSqlAstConverter - Determining mapping-model type for SqmPath : SqmBasicValuedSimplePath(ru.bmstu.iu7.impl.model.Tag(4).name) 
2025-08-25 22:02:32 DEBUG [main] org.hibernate.orm.results.graph.AST - DomainResult Graph:
 \-EntityResultImpl [ru.bmstu.iu7.impl.model.Tag(4)]
 |  \-BasicFetch [ru.bmstu.iu7.impl.model.Tag(4).name]

2025-08-25 22:02:32 DEBUG [main] org.hibernate.orm.sql.ast.tree - SQL AST Tree:
    SelectStatement {
      FromClause {
        StandardTableGroup (t1 : ru.bmstu.iu7.impl.model.Tag(4)) {
          primaryTableReference : tag as t1_0
        }
      }
    }

2025-08-25 22:02:32 DEBUG [main] org.hibernate.orm.sql.exec - Skipping reading Query result cache data: cache-enabled = false, cache-mode = NORMAL
2025-08-25 22:02:32 DEBUG [main] org.hibernate.SQL - select t1_0.id,t1_0.name from tag t1_0 where t1_0.name=?
2025-08-25 22:02:32 DEBUG [main] org.hibernate.orm.results - Initializer list:
	  ru.bmstu.iu7.impl.model.Tag(4) -> EntityJoinedFetchInitializer(ru.bmstu.iu7.impl.model.Tag(4))@533657337 (SingleTableEntityPersister(ru.bmstu.iu7.impl.model.Tag))

2025-08-25 22:02:32 DEBUG [main] o.s.o.j.SharedEntityManagerCreator$SharedEntityManagerInvocationHandler - Creating new EntityManager for shared EntityManager invocation
2025-08-25 22:02:32 DEBUG [main] org.hibernate.orm.sql.ast.create - Created new SQL alias : t1_0
2025-08-25 22:02:32 DEBUG [main] org.hibernate.orm.sql.ast.create - Registration of TableGroup [StandardTableGroup(ru.bmstu.iu7.impl.model.Tag(4))] with identifierForTableGroup [ru.bmstu.iu7.impl.model.Tag] for NavigablePath [ru.bmstu.iu7.impl.model.Tag] 
2025-08-25 22:02:32 DEBUG [main] o.h.q.s.sql.BaseSqmToSqlAstConverter - Determining mapping-model type for SqmParameter : org.hibernate.query.sqm.tree.expression.SqmJpaCriteriaParameterWrapper@d4f2f3d
2025-08-25 22:02:32 DEBUG [main] o.h.q.s.sql.BaseSqmToSqlAstConverter - Determining mapping-model type for SqmPath : SqmBasicValuedSimplePath(ru.bmstu.iu7.impl.model.Tag(4).name) 
2025-08-25 22:02:32 DEBUG [main] org.hibernate.orm.results.graph.AST - DomainResult Graph:
 \-EntityResultImpl [ru.bmstu.iu7.impl.model.Tag(4)]
 |  \-BasicFetch [ru.bmstu.iu7.impl.model.Tag(4).name]

2025-08-25 22:02:32 DEBUG [main] org.hibernate.orm.sql.ast.tree - SQL AST Tree:
    SelectStatement {
      FromClause {
        StandardTableGroup (t1 : ru.bmstu.iu7.impl.model.Tag(4)) {
          primaryTableReference : tag as t1_0
        }
      }
    }

2025-08-25 22:02:32 DEBUG [main] org.hibernate.orm.sql.exec - Skipping reading Query result cache data: cache-enabled = false, cache-mode = NORMAL
2025-08-25 22:02:32 DEBUG [main] org.hibernate.SQL - select t1_0.id,t1_0.name from tag t1_0 where t1_0.name=?
2025-08-25 22:02:32 DEBUG [main] org.hibernate.orm.results - Initializer list:
	  ru.bmstu.iu7.impl.model.Tag(4) -> EntityJoinedFetchInitializer(ru.bmstu.iu7.impl.model.Tag(4))@1756686261 (SingleTableEntityPersister(ru.bmstu.iu7.impl.model.Tag))

2025-08-25 22:02:32 DEBUG [main] o.s.o.j.SharedEntityManagerCreator$SharedEntityManagerInvocationHandler - Creating new EntityManager for shared EntityManager invocation
2025-08-25 22:02:32 DEBUG [main] org.hibernate.orm.sql.ast.create - Created new SQL alias : q1_0
2025-08-25 22:02:32 DEBUG [main] org.hibernate.orm.sql.ast.create - Registration of TableGroup [StandardTableGroup(ru.bmstu.iu7.impl.model.Question(2))] with identifierForTableGroup [ru.bmstu.iu7.impl.model.Question] for NavigablePath [ru.bmstu.iu7.impl.model.Question] 
2025-08-25 22:02:32 DEBUG [main] o.h.q.s.sql.BaseSqmToSqlAstConverter - Determining mapping-model type for SqmParameter : org.hibernate.query.sqm.tree.expression.SqmJpaCriteriaParameterWrapper@3c8c5513
2025-08-25 22:02:32 DEBUG [main] o.h.q.s.sql.BaseSqmToSqlAstConverter - Determining mapping-model type for SqmPath : SqmBasicValuedSimplePath(ru.bmstu.iu7.impl.model.Question(2).question) 
2025-08-25 22:02:32 DEBUG [main] org.hibernate.orm.results.graph.AST - DomainResult Graph:
 \-EntityResultImpl [ru.bmstu.iu7.impl.model.Question(2)]
 |  +-BasicFetch [ru.bmstu.iu7.impl.model.Question(2).is_extended]
 |  +-BasicFetch [ru.bmstu.iu7.impl.model.Question(2).question]
 |  \-SelectEagerCollectionFetch [ru.bmstu.iu7.impl.model.Question(2).tags]

2025-08-25 22:02:32 DEBUG [main] org.hibernate.orm.sql.ast.tree - SQL AST Tree:
    SelectStatement {
      FromClause {
        StandardTableGroup (q1 : ru.bmstu.iu7.impl.model.Question(2)) {
          primaryTableReference : question as q1_0
        }
      }
    }

2025-08-25 22:02:32 DEBUG [main] org.hibernate.orm.sql.exec - Skipping reading Query result cache data: cache-enabled = false, cache-mode = NORMAL
2025-08-25 22:02:32 DEBUG [main] org.hibernate.SQL - select q1_0.id,q1_0.is_extended,q1_0.question from question q1_0 where q1_0.question=?
2025-08-25 22:02:32 DEBUG [main] org.hibernate.orm.results - Initializer list:
	  ru.bmstu.iu7.impl.model.Question(2).tags -> SelectEagerCollectionInitializer(ru.bmstu.iu7.impl.model.Question(2).tags)@543835743 (PluralAttribute(ru.bmstu.iu7.impl.model.Question.tags))
	  ru.bmstu.iu7.impl.model.Question(2) -> EntityJoinedFetchInitializer(ru.bmstu.iu7.impl.model.Question(2))@206608194 (SingleTableEntityPersister(ru.bmstu.iu7.impl.model.Question))

2025-08-25 22:02:32 DEBUG [main] org.hibernate.orm.sql.exec - Skipping reading Query result cache data: cache-enabled = false, cache-mode = IGNORE
2025-08-25 22:02:32 DEBUG [main] org.hibernate.SQL - select t1_0.question_id,t1_1.id,t1_1.name from question_tags t1_0 join tag t1_1 on t1_1.id=t1_0.tags_id where t1_0.question_id=?
2025-08-25 22:02:32 DEBUG [main] org.hibernate.orm.results - Initializer list:
	  ru.bmstu.iu7.impl.model.Question.tags.{element} -> EntityJoinedFetchInitializer(ru.bmstu.iu7.impl.model.Question.tags.{element})@1693575672 (EntityCollectionPart(ru.bmstu.iu7.impl.model.Question.tags#{element})@221850042)
	  ru.bmstu.iu7.impl.model.Question.tags -> BagInitializer(ru.bmstu.iu7.impl.model.Question.tags)@1627520381 (PluralAttribute(ru.bmstu.iu7.impl.model.Question.tags))

2025-08-25 22:02:32 DEBUG [main] o.h.s.results.internal.ResultsHelper - Collection fully initialized: [ru.bmstu.iu7.impl.model.Question.tags#30]
2025-08-25 22:02:32 DEBUG [main] o.s.o.j.SharedEntityManagerCreator$SharedEntityManagerInvocationHandler - Creating new EntityManager for shared EntityManager invocation
2025-08-25 22:02:32 DEBUG [main] org.hibernate.orm.sql.ast.create - Created new SQL alias : q1_0
2025-08-25 22:02:32 DEBUG [main] org.hibernate.orm.sql.ast.create - Registration of TableGroup [StandardTableGroup(ru.bmstu.iu7.impl.model.Question(2))] with identifierForTableGroup [ru.bmstu.iu7.impl.model.Question] for NavigablePath [ru.bmstu.iu7.impl.model.Question] 
2025-08-25 22:02:32 DEBUG [main] o.h.q.s.sql.BaseSqmToSqlAstConverter - Determining mapping-model type for SqmParameter : org.hibernate.query.sqm.tree.expression.SqmJpaCriteriaParameterWrapper@5d180628
2025-08-25 22:02:32 DEBUG [main] o.h.q.s.sql.BaseSqmToSqlAstConverter - Determining mapping-model type for SqmPath : SqmBasicValuedSimplePath(ru.bmstu.iu7.impl.model.Question(2).question) 
2025-08-25 22:02:32 DEBUG [main] org.hibernate.orm.results.graph.AST - DomainResult Graph:
 \-EntityResultImpl [ru.bmstu.iu7.impl.model.Question(2)]
 |  +-BasicFetch [ru.bmstu.iu7.impl.model.Question(2).is_extended]
 |  +-BasicFetch [ru.bmstu.iu7.impl.model.Question(2).question]
 |  \-SelectEagerCollectionFetch [ru.bmstu.iu7.impl.model.Question(2).tags]

2025-08-25 22:02:32 DEBUG [main] org.hibernate.orm.sql.ast.tree - SQL AST Tree:
    SelectStatement {
      FromClause {
        StandardTableGroup (q1 : ru.bmstu.iu7.impl.model.Question(2)) {
          primaryTableReference : question as q1_0
        }
      }
    }

2025-08-25 22:02:32 DEBUG [main] org.hibernate.orm.sql.exec - Skipping reading Query result cache data: cache-enabled = false, cache-mode = NORMAL
2025-08-25 22:02:32 DEBUG [main] org.hibernate.SQL - select q1_0.id,q1_0.is_extended,q1_0.question from question q1_0 where q1_0.question=?
2025-08-25 22:02:32 DEBUG [main] org.hibernate.orm.results - Initializer list:
	  ru.bmstu.iu7.impl.model.Question(2).tags -> SelectEagerCollectionInitializer(ru.bmstu.iu7.impl.model.Question(2).tags)@325023242 (PluralAttribute(ru.bmstu.iu7.impl.model.Question.tags))
	  ru.bmstu.iu7.impl.model.Question(2) -> EntityJoinedFetchInitializer(ru.bmstu.iu7.impl.model.Question(2))@921304399 (SingleTableEntityPersister(ru.bmstu.iu7.impl.model.Question))

2025-08-25 22:02:32 DEBUG [main] org.hibernate.orm.sql.exec - Skipping reading Query result cache data: cache-enabled = false, cache-mode = IGNORE
2025-08-25 22:02:32 DEBUG [main] org.hibernate.SQL - select t1_0.question_id,t1_1.id,t1_1.name from question_tags t1_0 join tag t1_1 on t1_1.id=t1_0.tags_id where t1_0.question_id=?
2025-08-25 22:02:32 DEBUG [main] o.h.s.results.internal.ResultsHelper - Collection fully initialized: [ru.bmstu.iu7.impl.model.Question.tags#31]
2025-08-25 22:04:28 INFO  [main] ru.bmstu.iu7.Main - Starting Main using Java 23.0.1 with PID 8176 (D:\Projects\PPO_f\PPO_f\app_cli\build\classes\java\main started by sidya in D:\Projects\PPO_f\PPO_f)
2025-08-25 22:04:28 DEBUG [main] ru.bmstu.iu7.Main - Running with Spring Boot v3.4.5, Spring v6.2.6
2025-08-25 22:04:28 INFO  [main] ru.bmstu.iu7.Main - No active profile set, falling back to 1 default profile: "default"
2025-08-25 22:04:28 INFO  [main] o.s.d.r.c.RepositoryConfigurationDelegate - Bootstrapping Spring Data JPA repositories in DEFAULT mode.
2025-08-25 22:04:29 INFO  [main] o.s.d.r.c.RepositoryConfigurationDelegate - Finished Spring Data repository scanning in 77 ms. Found 8 JPA repository interfaces.
2025-08-25 22:04:29 INFO  [main] o.s.b.w.e.tomcat.TomcatWebServer - Tomcat initialized with port 9099 (http)
2025-08-25 22:04:29 INFO  [main] o.a.coyote.http11.Http11NioProtocol - Initializing ProtocolHandler ["http-nio-127.0.0.1-9099"]
2025-08-25 22:04:29 INFO  [main] o.a.catalina.core.StandardService - Starting service [Tomcat]
2025-08-25 22:04:29 INFO  [main] o.a.catalina.core.StandardEngine - Starting Servlet engine: [Apache Tomcat/10.1.40]
2025-08-25 22:04:29 INFO  [main] o.a.c.c.C.[Tomcat].[localhost].[/] - Initializing Spring embedded WebApplicationContext
2025-08-25 22:04:29 INFO  [main] o.s.b.w.s.c.ServletWebServerApplicationContext - Root WebApplicationContext: initialization completed in 1498 ms
2025-08-25 22:04:30 INFO  [main] o.h.jpa.internal.util.LogHelper - HHH000204: Processing PersistenceUnitInfo [name: default]
2025-08-25 22:04:30 INFO  [main] org.hibernate.Version - HHH000412: Hibernate ORM core version 6.6.13.Final
2025-08-25 22:04:30 INFO  [main] o.h.c.i.RegionFactoryInitiator - HHH000026: Second-level cache disabled
2025-08-25 22:04:30 INFO  [main] o.s.o.j.p.SpringPersistenceUnitInfo - No LoadTimeWeaver setup: ignoring JPA class transformer
2025-08-25 22:04:30 INFO  [main] com.zaxxer.hikari.HikariDataSource - HikariPool-1 - Starting...
2025-08-25 22:04:30 INFO  [main] com.zaxxer.hikari.pool.HikariPool - HikariPool-1 - Added connection org.postgresql.jdbc.PgConnection@dd20ebc
2025-08-25 22:04:30 INFO  [main] com.zaxxer.hikari.HikariDataSource - HikariPool-1 - Start completed.
2025-08-25 22:04:30 WARN  [main] org.hibernate.orm.deprecation - HHH90000025: PostgreSQLDialect does not need to be specified explicitly using 'hibernate.dialect' (remove the property setting and it will be selected by default)
2025-08-25 22:04:30 INFO  [main] o.hibernate.orm.connections.pooling - HHH10001005: Database info:
	Database JDBC URL [Connecting through datasource 'HikariDataSource (HikariPool-1)']
	Database driver: undefined/unknown
	Database version: 17.1
	Autocommit mode: undefined/unknown
	Isolation level: undefined/unknown
	Minimum pool size: undefined/unknown
	Maximum pool size: undefined/unknown
2025-08-25 22:04:31 INFO  [main] o.h.e.t.j.p.i.JtaPlatformInitiator - HHH000489: No JTA platform available (set 'hibernate.transaction.jta.platform' to enable JTA platform integration)
2025-08-25 22:04:32 INFO  [main] o.s.o.j.LocalContainerEntityManagerFactoryBean - Initialized JPA EntityManagerFactory for persistence unit 'default'
2025-08-25 22:04:32 INFO  [main] o.s.b.f.a.AutowiredAnnotationBeanPostProcessor - Autowired annotation is not supported on static fields: private static java.lang.String ru.bmstu.iu7.Main.mlApiUrl
2025-08-25 22:04:32 INFO  [main] o.s.b.f.a.AutowiredAnnotationBeanPostProcessor - Autowired annotation is not supported on static fields: static java.io.Console ru.bmstu.iu7.Main.con
2025-08-25 22:04:32 WARN  [main] o.s.b.a.o.j.JpaBaseConfiguration$JpaWebConfiguration - spring.jpa.open-in-view is enabled by default. Therefore, database queries may be performed during view rendering. Explicitly configure spring.jpa.open-in-view to disable this warning
2025-08-25 22:04:33 WARN  [main] o.s.d.repository.query.ReturnedType - No constructor parameter names discovered. Compile the affected code with '-parameters' instead or avoid its introspection: ru.bmstu.iu7.impl.QuestionTagDto
2025-08-25 22:04:33 INFO  [main] o.s.d.j.r.query.QueryEnhancerFactory - Hibernate is in classpath; If applicable, HQL parser will be used.
2025-08-25 22:04:33 INFO  [main] o.a.coyote.http11.Http11NioProtocol - Starting ProtocolHandler ["http-nio-127.0.0.1-9099"]
2025-08-25 22:04:33 INFO  [main] o.s.b.w.e.tomcat.TomcatWebServer - Tomcat started on port 9099 (http) with context path '/'
2025-08-25 22:04:33 INFO  [main] ru.bmstu.iu7.Main - Started Main in 6.356 seconds (process running for 6.868)
2025-08-25 22:04:33 INFO  [main] ru.bmstu.iu7.ML_port - OLAMA HOST ishttp://localhost:11434/api/generate
2025-08-25 22:07:15 INFO  [main] ru.bmstu.iu7.Main - Starting Main using Java 23.0.1 with PID 15548 (D:\Projects\PPO_f\PPO_f\app_cli\build\classes\java\main started by sidya in D:\Projects\PPO_f\PPO_f)
2025-08-25 22:07:15 DEBUG [main] ru.bmstu.iu7.Main - Running with Spring Boot v3.4.5, Spring v6.2.6
2025-08-25 22:07:15 INFO  [main] ru.bmstu.iu7.Main - No active profile set, falling back to 1 default profile: "default"
2025-08-25 22:07:16 INFO  [main] o.s.d.r.c.RepositoryConfigurationDelegate - Bootstrapping Spring Data JPA repositories in DEFAULT mode.
2025-08-25 22:07:16 INFO  [main] o.s.d.r.c.RepositoryConfigurationDelegate - Finished Spring Data repository scanning in 76 ms. Found 8 JPA repository interfaces.
2025-08-25 22:07:17 INFO  [main] o.s.b.w.e.tomcat.TomcatWebServer - Tomcat initialized with port 9099 (http)
2025-08-25 22:07:17 INFO  [main] o.a.coyote.http11.Http11NioProtocol - Initializing ProtocolHandler ["http-nio-127.0.0.1-9099"]
2025-08-25 22:07:17 INFO  [main] o.a.catalina.core.StandardService - Starting service [Tomcat]
2025-08-25 22:07:17 INFO  [main] o.a.catalina.core.StandardEngine - Starting Servlet engine: [Apache Tomcat/10.1.40]
2025-08-25 22:07:17 INFO  [main] o.a.c.c.C.[Tomcat].[localhost].[/] - Initializing Spring embedded WebApplicationContext
2025-08-25 22:07:17 INFO  [main] o.s.b.w.s.c.ServletWebServerApplicationContext - Root WebApplicationContext: initialization completed in 1575 ms
2025-08-25 22:07:17 INFO  [main] o.h.jpa.internal.util.LogHelper - HHH000204: Processing PersistenceUnitInfo [name: default]
2025-08-25 22:07:17 INFO  [main] org.hibernate.Version - HHH000412: Hibernate ORM core version 6.6.13.Final
2025-08-25 22:07:17 INFO  [main] o.h.c.i.RegionFactoryInitiator - HHH000026: Second-level cache disabled
2025-08-25 22:07:18 INFO  [main] o.s.o.j.p.SpringPersistenceUnitInfo - No LoadTimeWeaver setup: ignoring JPA class transformer
2025-08-25 22:07:18 INFO  [main] com.zaxxer.hikari.HikariDataSource - HikariPool-1 - Starting...
2025-08-25 22:07:18 INFO  [main] com.zaxxer.hikari.pool.HikariPool - HikariPool-1 - Added connection org.postgresql.jdbc.PgConnection@3d53e876
2025-08-25 22:07:18 INFO  [main] com.zaxxer.hikari.HikariDataSource - HikariPool-1 - Start completed.
2025-08-25 22:07:18 WARN  [main] org.hibernate.orm.deprecation - HHH90000025: PostgreSQLDialect does not need to be specified explicitly using 'hibernate.dialect' (remove the property setting and it will be selected by default)
2025-08-25 22:07:18 INFO  [main] o.hibernate.orm.connections.pooling - HHH10001005: Database info:
	Database JDBC URL [Connecting through datasource 'HikariDataSource (HikariPool-1)']
	Database driver: undefined/unknown
	Database version: 17.1
	Autocommit mode: undefined/unknown
	Isolation level: undefined/unknown
	Minimum pool size: undefined/unknown
	Maximum pool size: undefined/unknown
2025-08-25 22:07:19 INFO  [main] o.h.e.t.j.p.i.JtaPlatformInitiator - HHH000489: No JTA platform available (set 'hibernate.transaction.jta.platform' to enable JTA platform integration)
2025-08-25 22:07:20 INFO  [main] o.s.o.j.LocalContainerEntityManagerFactoryBean - Initialized JPA EntityManagerFactory for persistence unit 'default'
2025-08-25 22:07:20 INFO  [main] o.s.b.f.a.AutowiredAnnotationBeanPostProcessor - Autowired annotation is not supported on static fields: private static java.lang.String ru.bmstu.iu7.Main.mlApiUrl
2025-08-25 22:07:20 INFO  [main] o.s.b.f.a.AutowiredAnnotationBeanPostProcessor - Autowired annotation is not supported on static fields: static java.io.Console ru.bmstu.iu7.Main.con
2025-08-25 22:07:20 WARN  [main] o.s.b.a.o.j.JpaBaseConfiguration$JpaWebConfiguration - spring.jpa.open-in-view is enabled by default. Therefore, database queries may be performed during view rendering. Explicitly configure spring.jpa.open-in-view to disable this warning
2025-08-25 22:07:21 WARN  [main] o.s.d.repository.query.ReturnedType - No constructor parameter names discovered. Compile the affected code with '-parameters' instead or avoid its introspection: ru.bmstu.iu7.impl.QuestionTagDto
2025-08-25 22:07:21 INFO  [main] o.s.d.j.r.query.QueryEnhancerFactory - Hibernate is in classpath; If applicable, HQL parser will be used.
2025-08-25 22:07:21 INFO  [main] o.a.coyote.http11.Http11NioProtocol - Starting ProtocolHandler ["http-nio-127.0.0.1-9099"]
2025-08-25 22:07:21 INFO  [main] o.s.b.w.e.tomcat.TomcatWebServer - Tomcat started on port 9099 (http) with context path '/'
2025-08-25 22:07:21 INFO  [main] ru.bmstu.iu7.Main - Started Main in 6.506 seconds (process running for 7.024)
2025-08-25 22:07:21 INFO  [main] ru.bmstu.iu7.ML_port - OLAMA HOST ishttp://localhost:11434/api/generate
2025-08-25 22:14:57 INFO  [main] ru.bmstu.iu7.Main - Starting Main using Java 23.0.1 with PID 14272 (D:\Projects\PPO_f\PPO_f\app_cli\build\classes\java\main started by sidya in D:\Projects\PPO_f\PPO_f)
2025-08-25 22:14:57 DEBUG [main] ru.bmstu.iu7.Main - Running with Spring Boot v3.4.5, Spring v6.2.6
2025-08-25 22:14:57 INFO  [main] ru.bmstu.iu7.Main - No active profile set, falling back to 1 default profile: "default"
2025-08-25 22:14:58 INFO  [main] o.s.d.r.c.RepositoryConfigurationDelegate - Bootstrapping Spring Data JPA repositories in DEFAULT mode.
2025-08-25 22:14:58 INFO  [main] o.s.d.r.c.RepositoryConfigurationDelegate - Finished Spring Data repository scanning in 63 ms. Found 8 JPA repository interfaces.
2025-08-25 22:14:59 INFO  [main] o.s.b.w.e.tomcat.TomcatWebServer - Tomcat initialized with port 9099 (http)
2025-08-25 22:14:59 INFO  [main] o.a.coyote.http11.Http11NioProtocol - Initializing ProtocolHandler ["http-nio-127.0.0.1-9099"]
2025-08-25 22:14:59 INFO  [main] o.a.catalina.core.StandardService - Starting service [Tomcat]
2025-08-25 22:14:59 INFO  [main] o.a.catalina.core.StandardEngine - Starting Servlet engine: [Apache Tomcat/10.1.40]
2025-08-25 22:14:59 INFO  [main] o.a.c.c.C.[Tomcat].[localhost].[/] - Initializing Spring embedded WebApplicationContext
2025-08-25 22:14:59 INFO  [main] o.s.b.w.s.c.ServletWebServerApplicationContext - Root WebApplicationContext: initialization completed in 1428 ms
2025-08-25 22:14:59 INFO  [main] o.h.jpa.internal.util.LogHelper - HHH000204: Processing PersistenceUnitInfo [name: default]
2025-08-25 22:14:59 INFO  [main] org.hibernate.Version - HHH000412: Hibernate ORM core version 6.6.13.Final
2025-08-25 22:14:59 INFO  [main] o.h.c.i.RegionFactoryInitiator - HHH000026: Second-level cache disabled
2025-08-25 22:15:00 INFO  [main] o.s.o.j.p.SpringPersistenceUnitInfo - No LoadTimeWeaver setup: ignoring JPA class transformer
2025-08-25 22:15:00 INFO  [main] com.zaxxer.hikari.HikariDataSource - HikariPool-1 - Starting...
2025-08-25 22:15:00 INFO  [main] com.zaxxer.hikari.pool.HikariPool - HikariPool-1 - Added connection org.postgresql.jdbc.PgConnection@dd20ebc
2025-08-25 22:15:00 INFO  [main] com.zaxxer.hikari.HikariDataSource - HikariPool-1 - Start completed.
2025-08-25 22:15:00 WARN  [main] org.hibernate.orm.deprecation - HHH90000025: PostgreSQLDialect does not need to be specified explicitly using 'hibernate.dialect' (remove the property setting and it will be selected by default)
2025-08-25 22:15:00 INFO  [main] o.hibernate.orm.connections.pooling - HHH10001005: Database info:
	Database JDBC URL [Connecting through datasource 'HikariDataSource (HikariPool-1)']
	Database driver: undefined/unknown
	Database version: 17.1
	Autocommit mode: undefined/unknown
	Isolation level: undefined/unknown
	Minimum pool size: undefined/unknown
	Maximum pool size: undefined/unknown
2025-08-25 22:15:01 INFO  [main] o.h.e.t.j.p.i.JtaPlatformInitiator - HHH000489: No JTA platform available (set 'hibernate.transaction.jta.platform' to enable JTA platform integration)
2025-08-25 22:15:02 INFO  [main] o.s.o.j.LocalContainerEntityManagerFactoryBean - Initialized JPA EntityManagerFactory for persistence unit 'default'
2025-08-25 22:15:02 INFO  [main] o.s.b.f.a.AutowiredAnnotationBeanPostProcessor - Autowired annotation is not supported on static fields: private static java.lang.String ru.bmstu.iu7.Main.mlApiUrl
2025-08-25 22:15:02 INFO  [main] o.s.b.f.a.AutowiredAnnotationBeanPostProcessor - Autowired annotation is not supported on static fields: static java.io.Console ru.bmstu.iu7.Main.con
2025-08-25 22:15:02 WARN  [main] o.s.b.a.o.j.JpaBaseConfiguration$JpaWebConfiguration - spring.jpa.open-in-view is enabled by default. Therefore, database queries may be performed during view rendering. Explicitly configure spring.jpa.open-in-view to disable this warning
2025-08-25 22:15:03 WARN  [main] o.s.d.repository.query.ReturnedType - No constructor parameter names discovered. Compile the affected code with '-parameters' instead or avoid its introspection: ru.bmstu.iu7.impl.QuestionTagDto
2025-08-25 22:15:03 INFO  [main] o.s.d.j.r.query.QueryEnhancerFactory - Hibernate is in classpath; If applicable, HQL parser will be used.
2025-08-25 22:15:03 INFO  [main] o.a.coyote.http11.Http11NioProtocol - Starting ProtocolHandler ["http-nio-127.0.0.1-9099"]
2025-08-25 22:15:03 INFO  [main] o.s.b.w.e.tomcat.TomcatWebServer - Tomcat started on port 9099 (http) with context path '/'
2025-08-25 22:15:03 INFO  [main] ru.bmstu.iu7.Main - Started Main in 6.036 seconds (process running for 6.516)
2025-08-25 22:15:03 INFO  [main] ru.bmstu.iu7.ML_port - OLAMA HOST ishttp://localhost:11434/api/generate
