2025-08-25 21:22:29 INFO  [Test worker] DatabaseTest - Starting DatabaseTest using Java 23.0.1 with PID 17352 (started by sidya in D:\Projects\PPO_f\PPO_f\app_cli)
2025-08-25 21:22:29 INFO  [Test worker] DatabaseTest - No active profile set, falling back to 1 default profile: "default"
2025-08-25 21:22:30 INFO  [Test worker] o.s.d.r.c.RepositoryConfigurationDelegate - Multiple Spring Data modules found, entering strict repository configuration mode
2025-08-25 21:22:30 INFO  [Test worker] o.s.d.r.c.RepositoryConfigurationDelegate - Bootstrapping Spring Data JDBC repositories in DEFAULT mode.
2025-08-25 21:22:30 INFO  [Test worker] o.s.d.r.c.RepositoryConfigurationExtensionSupport - Spring Data JDBC - Could not safely identify store assignment for repository candidate interface ru.bmstu.iu7.impl.SpringExtendedAnswerRepository; If you want this repository to be a JDBC repository, consider annotating your entities with one of these annotations: org.springframework.data.relational.core.mapping.Table.
2025-08-25 21:22:30 INFO  [Test worker] o.s.d.r.c.RepositoryConfigurationExtensionSupport - Spring Data JDBC - Could not safely identify store assignment for repository candidate interface ru.bmstu.iu7.impl.SpringInformationRepository; If you want this repository to be a JDBC repository, consider annotating your entities with one of these annotations: org.springframework.data.relational.core.mapping.Table.
2025-08-25 21:22:30 INFO  [Test worker] o.s.d.r.c.RepositoryConfigurationExtensionSupport - Spring Data JDBC - Could not safely identify store assignment for repository candidate interface ru.bmstu.iu7.impl.SpringQuestionRepository; If you want this repository to be a JDBC repository, consider annotating your entities with one of these annotations: org.springframework.data.relational.core.mapping.Table.
2025-08-25 21:22:30 INFO  [Test worker] o.s.d.r.c.RepositoryConfigurationExtensionSupport - Spring Data JDBC - Could not safely identify store assignment for repository candidate interface ru.bmstu.iu7.impl.SpringQuestionnaireRepository; If you want this repository to be a JDBC repository, consider annotating your entities with one of these annotations: org.springframework.data.relational.core.mapping.Table.
2025-08-25 21:22:30 INFO  [Test worker] o.s.d.r.c.RepositoryConfigurationExtensionSupport - Spring Data JDBC - Could not safely identify store assignment for repository candidate interface ru.bmstu.iu7.impl.SpringReqCacheRepository; If you want this repository to be a JDBC repository, consider annotating your entities with one of these annotations: org.springframework.data.relational.core.mapping.Table.
2025-08-25 21:22:30 INFO  [Test worker] o.s.d.r.c.RepositoryConfigurationExtensionSupport - Spring Data JDBC - Could not safely identify store assignment for repository candidate interface ru.bmstu.iu7.impl.SpringTagRepository; If you want this repository to be a JDBC repository, consider annotating your entities with one of these annotations: org.springframework.data.relational.core.mapping.Table.
2025-08-25 21:22:30 INFO  [Test worker] o.s.d.r.c.RepositoryConfigurationExtensionSupport - Spring Data JDBC - Could not safely identify store assignment for repository candidate interface ru.bmstu.iu7.impl.SpringUserRepository; If you want this repository to be a JDBC repository, consider annotating your entities with one of these annotations: org.springframework.data.relational.core.mapping.Table.
2025-08-25 21:22:30 INFO  [Test worker] o.s.d.r.c.RepositoryConfigurationExtensionSupport - Spring Data JDBC - Could not safely identify store assignment for repository candidate interface ru.bmstu.iu7.impl.SpringVariantAnswerRepository; If you want this repository to be a JDBC repository, consider annotating your entities with one of these annotations: org.springframework.data.relational.core.mapping.Table.
2025-08-25 21:22:30 INFO  [Test worker] o.s.d.r.c.RepositoryConfigurationDelegate - Finished Spring Data repository scanning in 23 ms. Found 0 JDBC repository interfaces.
2025-08-25 21:22:30 INFO  [Test worker] o.s.d.r.c.RepositoryConfigurationDelegate - Multiple Spring Data modules found, entering strict repository configuration mode
2025-08-25 21:22:30 INFO  [Test worker] o.s.d.r.c.RepositoryConfigurationDelegate - Bootstrapping Spring Data JPA repositories in DEFAULT mode.
2025-08-25 21:22:30 INFO  [Test worker] o.s.d.r.c.RepositoryConfigurationDelegate - Finished Spring Data repository scanning in 31 ms. Found 8 JPA repository interfaces.
2025-08-25 21:22:30 INFO  [Test worker] com.zaxxer.hikari.HikariDataSource - HikariPool-1 - Starting...
2025-08-25 21:22:30 INFO  [Test worker] o.testcontainers.images.PullPolicy - Image pull policy will be performed by: DefaultPullPolicy()
2025-08-25 21:22:30 INFO  [Test worker] o.t.utility.ImageNameSubstitutor - Image name substitution will be performed by: DefaultImageNameSubstitutor (composite of 'ConfigurationFileImageNameSubstitutor' and 'PrefixingImageNameSubstitutor')
2025-08-25 21:22:30 INFO  [Test worker] o.testcontainers.DockerClientFactory - Testcontainers version: 1.20.6
2025-08-25 21:22:31 INFO  [Test worker] o.t.d.DockerClientProviderStrategy - Loaded org.testcontainers.dockerclient.NpipeSocketClientProviderStrategy from ~/.testcontainers.properties, will try it first
2025-08-25 21:22:31 INFO  [Test worker] o.t.d.DockerClientProviderStrategy - Found Docker environment with local Npipe socket (npipe:////./pipe/docker_engine)
2025-08-25 21:22:31 INFO  [Test worker] o.testcontainers.DockerClientFactory - Docker host IP address is localhost
2025-08-25 21:22:31 INFO  [Test worker] o.testcontainers.DockerClientFactory - Connected to docker: 
  Server Version: 28.0.4
  API Version: 1.48
  Operating System: Docker Desktop
  Total Memory: 7806 MB
  Labels: 
    com.docker.desktop.address=npipe://\\.\pipe\docker_cli
2025-08-25 21:22:31 INFO  [Test worker] tc.testcontainers/ryuk:0.11.0 - Creating container for image: testcontainers/ryuk:0.11.0
2025-08-25 21:22:31 INFO  [Test worker] o.t.utility.RegistryAuthLocator - Credential helper/store (docker-credential-desktop) does not have credentials for https://index.docker.io/v1/
2025-08-25 21:22:32 INFO  [Test worker] tc.testcontainers/ryuk:0.11.0 - Container testcontainers/ryuk:0.11.0 is starting: 372fa362c298bfdd3ef16612faa07f1a7125088dc04217d491784cfa9a208904
2025-08-25 21:22:32 INFO  [Test worker] tc.testcontainers/ryuk:0.11.0 - Container testcontainers/ryuk:0.11.0 started in PT1.0138902S
2025-08-25 21:22:32 INFO  [Test worker] o.t.utility.RyukResourceReaper - Ryuk started - will monitor and terminate Testcontainers containers on JVM exit
2025-08-25 21:22:32 INFO  [Test worker] o.testcontainers.DockerClientFactory - Checking the system...
2025-08-25 21:22:32 INFO  [Test worker] o.testcontainers.DockerClientFactory - ✔︎ Docker server version should be at least 1.6.0
2025-08-25 21:22:32 INFO  [Test worker] tc.postgres:15 - Creating container for image: postgres:15
2025-08-25 21:22:32 INFO  [Test worker] tc.postgres:15 - Container postgres:15 is starting: 468a0e13e59a939d2d9091a1d4f3eaf4e30a49ceb83b6c02db08da52d7ec0ae8
2025-08-25 21:22:36 INFO  [Test worker] tc.postgres:15 - Container postgres:15 started in PT3.5174075S
2025-08-25 21:22:36 INFO  [Test worker] tc.postgres:15 - Container is started (JDBC URL: jdbc:postgresql://localhost:36425/test?loggerLevel=OFF)
2025-08-25 21:22:36 INFO  [Test worker] com.zaxxer.hikari.pool.HikariPool - HikariPool-1 - Added connection org.testcontainers.jdbc.ConnectionWrapper@6408be5
2025-08-25 21:22:36 INFO  [Test worker] com.zaxxer.hikari.HikariDataSource - HikariPool-1 - Start completed.
2025-08-25 21:22:37 INFO  [Test worker] liquibase.database - Set default schema name to public
2025-08-25 21:22:37 INFO  [Test worker] liquibase.changelog - Creating database history table with name: public.databasechangelog
2025-08-25 21:22:37 INFO  [Test worker] liquibase.changelog - Reading from public.databasechangelog
2025-08-25 21:22:38 INFO  [Test worker] liquibase.lockservice - Successfully acquired change log lock
2025-08-25 21:22:38 INFO  [Test worker] liquibase.command - Using deploymentId: 6146158051
2025-08-25 21:22:38 INFO  [Test worker] liquibase.changelog - Reading from public.databasechangelog
2025-08-25 21:22:38 INFO  [Test worker] liquibase.ui - Running Changeset: db/changelog/test-1.0.0/object/user.sql::user-1::lena
2025-08-25 21:22:38 INFO  [Test worker] liquibase.changelog - Custom SQL executed
2025-08-25 21:22:38 INFO  [Test worker] liquibase.changelog - ChangeSet db/changelog/test-1.0.0/object/user.sql::user-1::lena ran successfully in 29ms
2025-08-25 21:22:38 INFO  [Test worker] liquibase.ui - Running Changeset: db/changelog/test-1.0.0/object/tags.sql::raw::includeAll
2025-08-25 21:22:38 INFO  [Test worker] liquibase.changelog - Custom SQL executed
2025-08-25 21:22:38 INFO  [Test worker] liquibase.changelog - ChangeSet db/changelog/test-1.0.0/object/tags.sql::raw::includeAll ran successfully in 11ms
2025-08-25 21:22:38 INFO  [Test worker] liquibase.ui - Running Changeset: db/changelog/test-1.0.0/object/question.sql::raw::includeAll
2025-08-25 21:22:38 INFO  [Test worker] liquibase.changelog - Custom SQL executed
2025-08-25 21:22:38 INFO  [Test worker] liquibase.changelog - ChangeSet db/changelog/test-1.0.0/object/question.sql::raw::includeAll ran successfully in 10ms
2025-08-25 21:22:38 INFO  [Test worker] liquibase.ui - Running Changeset: db/changelog/test-1.0.0/object/question_tags.sql::raw::includeAll
2025-08-25 21:22:38 INFO  [Test worker] liquibase.changelog - Custom SQL executed
2025-08-25 21:22:38 INFO  [Test worker] liquibase.changelog - ChangeSet db/changelog/test-1.0.0/object/question_tags.sql::raw::includeAll ran successfully in 11ms
2025-08-25 21:22:38 INFO  [Test worker] liquibase.ui - Running Changeset: db/changelog/test-1.0.0/object/information.sql::raw::includeAll
2025-08-25 21:22:38 INFO  [Test worker] liquibase.changelog - Custom SQL executed
2025-08-25 21:22:38 INFO  [Test worker] liquibase.changelog - ChangeSet db/changelog/test-1.0.0/object/information.sql::raw::includeAll ran successfully in 8ms
2025-08-25 21:22:38 INFO  [Test worker] liquibase.ui - Running Changeset: db/changelog/test-1.0.0/object/extended_answer.sql::raw::includeAll
2025-08-25 21:22:38 INFO  [Test worker] liquibase.changelog - Custom SQL executed
2025-08-25 21:22:38 INFO  [Test worker] liquibase.changelog - ChangeSet db/changelog/test-1.0.0/object/extended_answer.sql::raw::includeAll ran successfully in 10ms
2025-08-25 21:22:38 INFO  [Test worker] liquibase.ui - Running Changeset: db/changelog/test-1.0.0/object/variant_answer.sql::raw::includeAll
2025-08-25 21:22:38 INFO  [Test worker] liquibase.changelog - Custom SQL executed
2025-08-25 21:22:38 INFO  [Test worker] liquibase.changelog - ChangeSet db/changelog/test-1.0.0/object/variant_answer.sql::raw::includeAll ran successfully in 10ms
2025-08-25 21:22:38 INFO  [Test worker] liquibase.ui - Running Changeset: db/changelog/test-1.0.0/object/quest.sql::raw::includeAll
2025-08-25 21:22:38 INFO  [Test worker] liquibase.changelog - Custom SQL executed
2025-08-25 21:22:38 INFO  [Test worker] liquibase.changelog - ChangeSet db/changelog/test-1.0.0/object/quest.sql::raw::includeAll ran successfully in 10ms
2025-08-25 21:22:38 INFO  [Test worker] liquibase.ui - Running Changeset: db/changelog/test-1.0.0/object/quest_b_l.sql::raw::includeAll
2025-08-25 21:22:38 INFO  [Test worker] liquibase.changelog - Custom SQL executed
2025-08-25 21:22:38 INFO  [Test worker] liquibase.changelog - ChangeSet db/changelog/test-1.0.0/object/quest_b_l.sql::raw::includeAll ran successfully in 12ms
2025-08-25 21:22:38 INFO  [Test worker] liquibase.ui - Running Changeset: db/changelog/test-1.0.0/object/quest_f_l.sql::raw::includeAll
2025-08-25 21:22:38 INFO  [Test worker] liquibase.changelog - Custom SQL executed
2025-08-25 21:22:38 INFO  [Test worker] liquibase.changelog - ChangeSet db/changelog/test-1.0.0/object/quest_f_l.sql::raw::includeAll ran successfully in 10ms
2025-08-25 21:22:38 INFO  [Test worker] liquibase.ui - Running Changeset: db/changelog/test-1.0.0/object/extended_answer_tags.sql::raw::includeAll
2025-08-25 21:22:38 INFO  [Test worker] liquibase.changelog - Custom SQL executed
2025-08-25 21:22:38 INFO  [Test worker] liquibase.changelog - ChangeSet db/changelog/test-1.0.0/object/extended_answer_tags.sql::raw::includeAll ran successfully in 9ms
2025-08-25 21:22:38 INFO  [Test worker] liquibase.ui - Running Changeset: db/changelog/test-1.0.0/object/inform_variant_answer.sql::raw::includeAll
2025-08-25 21:22:38 INFO  [Test worker] liquibase.changelog - Custom SQL executed
2025-08-25 21:22:38 INFO  [Test worker] liquibase.changelog - ChangeSet db/changelog/test-1.0.0/object/inform_variant_answer.sql::raw::includeAll ran successfully in 9ms
2025-08-25 21:22:38 INFO  [Test worker] liquibase.ui - Running Changeset: db/changelog/test-1.0.0/object/inform_extended_answer.sql::raw::includeAll
2025-08-25 21:22:38 INFO  [Test worker] liquibase.changelog - Custom SQL executed
2025-08-25 21:22:38 INFO  [Test worker] liquibase.changelog - ChangeSet db/changelog/test-1.0.0/object/inform_extended_answer.sql::raw::includeAll ran successfully in 10ms
2025-08-25 21:22:38 INFO  [Test worker] liquibase.ui - Running Changeset: db/changelog/test-1.0.0/object/req_cache.sql::raw::includeAll
2025-08-25 21:22:38 INFO  [Test worker] liquibase.changelog - Custom SQL executed
2025-08-25 21:22:38 INFO  [Test worker] liquibase.changelog - ChangeSet db/changelog/test-1.0.0/object/req_cache.sql::raw::includeAll ran successfully in 9ms
2025-08-25 21:22:38 INFO  [Test worker] liquibase.util - UPDATE SUMMARY
2025-08-25 21:22:38 INFO  [Test worker] liquibase.util - Run:                         14
2025-08-25 21:22:38 INFO  [Test worker] liquibase.util - Previously run:               0
2025-08-25 21:22:38 INFO  [Test worker] liquibase.util - Filtered out:                 0
2025-08-25 21:22:38 INFO  [Test worker] liquibase.util - -------------------------------
2025-08-25 21:22:38 INFO  [Test worker] liquibase.util - Total change sets:           14
2025-08-25 21:22:38 INFO  [Test worker] liquibase.util - Update summary generated
2025-08-25 21:22:38 INFO  [Test worker] liquibase.command - Update command completed successfully.
2025-08-25 21:22:38 INFO  [Test worker] liquibase.ui - Liquibase: Update has been successful. Rows affected: 14
2025-08-25 21:22:38 INFO  [Test worker] liquibase.lockservice - Successfully released change log lock
2025-08-25 21:22:38 INFO  [Test worker] liquibase.command - Command execution complete
2025-08-25 21:22:38 INFO  [Test worker] o.h.jpa.internal.util.LogHelper - HHH000204: Processing PersistenceUnitInfo [name: default]
2025-08-25 21:22:38 INFO  [Test worker] org.hibernate.Version - HHH000412: Hibernate ORM core version 6.6.13.Final
2025-08-25 21:22:38 INFO  [Test worker] o.h.c.i.RegionFactoryInitiator - HHH000026: Second-level cache disabled
2025-08-25 21:22:39 INFO  [Test worker] o.s.o.j.p.SpringPersistenceUnitInfo - No LoadTimeWeaver setup: ignoring JPA class transformer
2025-08-25 21:22:39 INFO  [Test worker] o.hibernate.orm.connections.pooling - HHH10001005: Database info:
	Database JDBC URL [Connecting through datasource 'HikariDataSource (HikariPool-1)']
	Database driver: undefined/unknown
	Database version: 15.13
	Autocommit mode: undefined/unknown
	Isolation level: undefined/unknown
	Minimum pool size: undefined/unknown
	Maximum pool size: undefined/unknown
2025-08-25 21:22:40 INFO  [Test worker] o.h.e.t.j.p.i.JtaPlatformInitiator - HHH000489: No JTA platform available (set 'hibernate.transaction.jta.platform' to enable JTA platform integration)
2025-08-25 21:22:40 INFO  [Test worker] o.s.o.j.LocalContainerEntityManagerFactoryBean - Initialized JPA EntityManagerFactory for persistence unit 'default'
2025-08-25 21:22:40 INFO  [Test worker] o.s.b.f.a.AutowiredAnnotationBeanPostProcessor - Autowired annotation is not supported on static fields: private static java.lang.String ru.bmstu.iu7.Main.mlApiUrl
2025-08-25 21:22:40 INFO  [Test worker] o.s.b.f.a.AutowiredAnnotationBeanPostProcessor - Autowired annotation is not supported on static fields: static java.io.Console ru.bmstu.iu7.Main.con
2025-08-25 21:22:40 WARN  [Test worker] o.s.c.a.AnnotationConfigApplicationContext - Exception encountered during context initialization - cancelling refresh attempt: org.springframework.beans.factory.BeanCreationException: Error creating bean with name 'main': Injection of autowired dependencies failed
2025-08-25 21:22:40 INFO  [Test worker] o.s.o.j.LocalContainerEntityManagerFactoryBean - Closing JPA EntityManagerFactory for persistence unit 'default'
2025-08-25 21:22:40 INFO  [Test worker] com.zaxxer.hikari.HikariDataSource - HikariPool-1 - Shutdown initiated...
2025-08-25 21:22:41 INFO  [Test worker] com.zaxxer.hikari.HikariDataSource - HikariPool-1 - Shutdown completed.
2025-08-25 21:22:41 INFO  [Test worker] o.s.b.a.l.ConditionEvaluationReportLogger - 

Error starting ApplicationContext. To display the condition evaluation report re-run your application with 'debug' enabled.
2025-08-25 21:22:41 ERROR [Test worker] o.s.boot.SpringApplication - Application run failed
org.springframework.beans.factory.BeanCreationException: Error creating bean with name 'main': Injection of autowired dependencies failed
	at org.springframework.beans.factory.annotation.AutowiredAnnotationBeanPostProcessor.postProcessProperties(AutowiredAnnotationBeanPostProcessor.java:515)
	at org.springframework.beans.factory.support.AbstractAutowireCapableBeanFactory.populateBean(AbstractAutowireCapableBeanFactory.java:1451)
	at org.springframework.beans.factory.support.AbstractAutowireCapableBeanFactory.doCreateBean(AbstractAutowireCapableBeanFactory.java:606)
	at org.springframework.beans.factory.support.AbstractAutowireCapableBeanFactory.createBean(AbstractAutowireCapableBeanFactory.java:529)
	at org.springframework.beans.factory.support.AbstractBeanFactory.lambda$doGetBean$0(AbstractBeanFactory.java:339)
	at org.springframework.beans.factory.support.DefaultSingletonBeanRegistry.getSingleton(DefaultSingletonBeanRegistry.java:371)
	at org.springframework.beans.factory.support.AbstractBeanFactory.doGetBean(AbstractBeanFactory.java:337)
	at org.springframework.beans.factory.support.AbstractBeanFactory.getBean(AbstractBeanFactory.java:202)
	at org.springframework.beans.factory.support.DefaultListableBeanFactory.instantiateSingleton(DefaultListableBeanFactory.java:1221)
	at org.springframework.beans.factory.support.DefaultListableBeanFactory.preInstantiateSingleton(DefaultListableBeanFactory.java:1187)
	at org.springframework.beans.factory.support.DefaultListableBeanFactory.preInstantiateSingletons(DefaultListableBeanFactory.java:1122)
	at org.springframework.context.support.AbstractApplicationContext.finishBeanFactoryInitialization(AbstractApplicationContext.java:987)
	at org.springframework.context.support.AbstractApplicationContext.refresh(AbstractApplicationContext.java:627)
	at org.springframework.boot.SpringApplication.refresh(SpringApplication.java:753)
	at org.springframework.boot.SpringApplication.refreshContext(SpringApplication.java:439)
	at org.springframework.boot.SpringApplication.run(SpringApplication.java:318)
	at org.springframework.boot.test.context.SpringBootContextLoader.lambda$loadContext$3(SpringBootContextLoader.java:144)
	at org.springframework.util.function.ThrowingSupplier.get(ThrowingSupplier.java:58)
	at org.springframework.util.function.ThrowingSupplier.get(ThrowingSupplier.java:46)
	at org.springframework.boot.SpringApplication.withHook(SpringApplication.java:1462)
	at org.springframework.boot.test.context.SpringBootContextLoader$ContextLoaderHook.run(SpringBootContextLoader.java:563)
	at org.springframework.boot.test.context.SpringBootContextLoader.loadContext(SpringBootContextLoader.java:144)
	at org.springframework.boot.test.context.SpringBootContextLoader.loadContext(SpringBootContextLoader.java:110)
	at org.springframework.test.context.cache.DefaultCacheAwareContextLoaderDelegate.loadContextInternal(DefaultCacheAwareContextLoaderDelegate.java:225)
	at org.springframework.test.context.cache.DefaultCacheAwareContextLoaderDelegate.loadContext(DefaultCacheAwareContextLoaderDelegate.java:152)
	at org.springframework.test.context.support.DefaultTestContext.getApplicationContext(DefaultTestContext.java:130)
	at org.springframework.test.context.support.DependencyInjectionTestExecutionListener.injectDependencies(DependencyInjectionTestExecutionListener.java:155)
	at org.springframework.test.context.support.DependencyInjectionTestExecutionListener.prepareTestInstance(DependencyInjectionTestExecutionListener.java:111)
	at org.springframework.test.context.TestContextManager.prepareTestInstance(TestContextManager.java:260)
	at org.springframework.test.context.junit.jupiter.SpringExtension.postProcessTestInstance(SpringExtension.java:159)
	at org.junit.jupiter.engine.descriptor.ClassBasedTestDescriptor.lambda$invokeTestInstancePostProcessors$11(ClassBasedTestDescriptor.java:378)
	at org.junit.jupiter.engine.descriptor.ClassBasedTestDescriptor.executeAndMaskThrowable(ClassBasedTestDescriptor.java:383)
	at org.junit.jupiter.engine.descriptor.ClassBasedTestDescriptor.lambda$invokeTestInstancePostProcessors$12(ClassBasedTestDescriptor.java:378)
	at java.base/java.util.stream.ForEachOps$ForEachOp$OfRef.accept(ForEachOps.java:184)
	at java.base/java.util.stream.ReferencePipeline$3$1.accept(ReferencePipeline.java:215)
	at java.base/java.util.stream.ReferencePipeline$2$1.accept(ReferencePipeline.java:197)
	at java.base/java.util.stream.ReferencePipeline$3$1.accept(ReferencePipeline.java:215)
	at java.base/java.util.ArrayList$ArrayListSpliterator.forEachRemaining(ArrayList.java:1709)
	at java.base/java.util.stream.AbstractPipeline.copyInto(AbstractPipeline.java:570)
	at java.base/java.util.stream.AbstractPipeline.wrapAndCopyInto(AbstractPipeline.java:560)
	at java.base/java.util.stream.ForEachOps$ForEachOp.evaluateSequential(ForEachOps.java:151)
	at java.base/java.util.stream.ForEachOps$ForEachOp$OfRef.evaluateSequential(ForEachOps.java:174)
	at java.base/java.util.stream.AbstractPipeline.evaluate(AbstractPipeline.java:265)
	at java.base/java.util.stream.ReferencePipeline.forEach(ReferencePipeline.java:636)
	at org.junit.jupiter.engine.descriptor.ClassBasedTestDescriptor.invokeTestInstancePostProcessors(ClassBasedTestDescriptor.java:377)
	at org.junit.jupiter.engine.descriptor.ClassBasedTestDescriptor.lambda$instantiateAndPostProcessTestInstance$7(ClassBasedTestDescriptor.java:290)
	at org.junit.platform.engine.support.hierarchical.ThrowableCollector.execute(ThrowableCollector.java:73)
	at org.junit.jupiter.engine.descriptor.ClassBasedTestDescriptor.instantiateAndPostProcessTestInstance(ClassBasedTestDescriptor.java:289)
	at org.junit.jupiter.engine.descriptor.ClassBasedTestDescriptor.lambda$testInstancesProvider$5(ClassBasedTestDescriptor.java:279)
	at java.base/java.util.Optional.orElseGet(Optional.java:364)
	at org.junit.jupiter.engine.descriptor.ClassBasedTestDescriptor.lambda$testInstancesProvider$6(ClassBasedTestDescriptor.java:278)
	at org.junit.jupiter.engine.execution.TestInstancesProvider.getTestInstances(TestInstancesProvider.java:31)
	at org.junit.jupiter.engine.descriptor.TestMethodTestDescriptor.lambda$prepare$1(TestMethodTestDescriptor.java:105)
	at org.junit.platform.engine.support.hierarchical.ThrowableCollector.execute(ThrowableCollector.java:73)
	at org.junit.jupiter.engine.descriptor.TestMethodTestDescriptor.prepare(TestMethodTestDescriptor.java:104)
	at org.junit.jupiter.engine.descriptor.TestMethodTestDescriptor.prepare(TestMethodTestDescriptor.java:68)
	at org.junit.platform.engine.support.hierarchical.NodeTestTask.lambda$prepare$2(NodeTestTask.java:128)
	at org.junit.platform.engine.support.hierarchical.ThrowableCollector.execute(ThrowableCollector.java:73)
	at org.junit.platform.engine.support.hierarchical.NodeTestTask.prepare(NodeTestTask.java:128)
	at org.junit.platform.engine.support.hierarchical.NodeTestTask.execute(NodeTestTask.java:95)
	at java.base/java.util.ArrayList.forEach(ArrayList.java:1597)
	at org.junit.platform.engine.support.hierarchical.SameThreadHierarchicalTestExecutorService.invokeAll(SameThreadHierarchicalTestExecutorService.java:41)
	at org.junit.platform.engine.support.hierarchical.NodeTestTask.lambda$executeRecursively$6(NodeTestTask.java:160)
	at org.junit.platform.engine.support.hierarchical.ThrowableCollector.execute(ThrowableCollector.java:73)
	at org.junit.platform.engine.support.hierarchical.NodeTestTask.lambda$executeRecursively$8(NodeTestTask.java:146)
	at org.junit.platform.engine.support.hierarchical.Node.around(Node.java:137)
	at org.junit.platform.engine.support.hierarchical.NodeTestTask.lambda$executeRecursively$9(NodeTestTask.java:144)
	at org.junit.platform.engine.support.hierarchical.ThrowableCollector.execute(ThrowableCollector.java:73)
	at org.junit.platform.engine.support.hierarchical.NodeTestTask.executeRecursively(NodeTestTask.java:143)
	at org.junit.platform.engine.support.hierarchical.NodeTestTask.execute(NodeTestTask.java:100)
	at java.base/java.util.ArrayList.forEach(ArrayList.java:1597)
	at org.junit.platform.engine.support.hierarchical.SameThreadHierarchicalTestExecutorService.invokeAll(SameThreadHierarchicalTestExecutorService.java:41)
	at org.junit.platform.engine.support.hierarchical.NodeTestTask.lambda$executeRecursively$6(NodeTestTask.java:160)
	at org.junit.platform.engine.support.hierarchical.ThrowableCollector.execute(ThrowableCollector.java:73)
	at org.junit.platform.engine.support.hierarchical.NodeTestTask.lambda$executeRecursively$8(NodeTestTask.java:146)
	at org.junit.platform.engine.support.hierarchical.Node.around(Node.java:137)
	at org.junit.platform.engine.support.hierarchical.NodeTestTask.lambda$executeRecursively$9(NodeTestTask.java:144)
	at org.junit.platform.engine.support.hierarchical.ThrowableCollector.execute(ThrowableCollector.java:73)
	at org.junit.platform.engine.support.hierarchical.NodeTestTask.executeRecursively(NodeTestTask.java:143)
	at org.junit.platform.engine.support.hierarchical.NodeTestTask.execute(NodeTestTask.java:100)
	at org.junit.platform.engine.support.hierarchical.SameThreadHierarchicalTestExecutorService.submit(SameThreadHierarchicalTestExecutorService.java:35)
	at org.junit.platform.engine.support.hierarchical.HierarchicalTestExecutor.execute(HierarchicalTestExecutor.java:57)
	at org.junit.platform.engine.support.hierarchical.HierarchicalTestEngine.execute(HierarchicalTestEngine.java:54)
	at org.junit.platform.launcher.core.EngineExecutionOrchestrator.execute(EngineExecutionOrchestrator.java:198)
	at org.junit.platform.launcher.core.EngineExecutionOrchestrator.execute(EngineExecutionOrchestrator.java:169)
	at org.junit.platform.launcher.core.EngineExecutionOrchestrator.execute(EngineExecutionOrchestrator.java:93)
	at org.junit.platform.launcher.core.EngineExecutionOrchestrator.lambda$execute$0(EngineExecutionOrchestrator.java:58)
	at org.junit.platform.launcher.core.EngineExecutionOrchestrator.withInterceptedStreams(EngineExecutionOrchestrator.java:141)
	at org.junit.platform.launcher.core.EngineExecutionOrchestrator.execute(EngineExecutionOrchestrator.java:57)
	at org.junit.platform.launcher.core.DefaultLauncher.execute(DefaultLauncher.java:103)
	at org.junit.platform.launcher.core.DefaultLauncher.execute(DefaultLauncher.java:85)
	at org.junit.platform.launcher.core.DelegatingLauncher.execute(DelegatingLauncher.java:47)
	at org.gradle.api.internal.tasks.testing.junitplatform.JUnitPlatformTestClassProcessor$CollectAllTestClassesExecutor.processAllTestClasses(JUnitPlatformTestClassProcessor.java:124)
	at org.gradle.api.internal.tasks.testing.junitplatform.JUnitPlatformTestClassProcessor$CollectAllTestClassesExecutor.access$000(JUnitPlatformTestClassProcessor.java:99)
	at org.gradle.api.internal.tasks.testing.junitplatform.JUnitPlatformTestClassProcessor.stop(JUnitPlatformTestClassProcessor.java:94)
	at org.gradle.api.internal.tasks.testing.SuiteTestClassProcessor.stop(SuiteTestClassProcessor.java:63)
	at java.base/jdk.internal.reflect.DirectMethodHandleAccessor.invoke(DirectMethodHandleAccessor.java:103)
	at java.base/java.lang.reflect.Method.invoke(Method.java:580)
	at org.gradle.internal.dispatch.ReflectionDispatch.dispatch(ReflectionDispatch.java:36)
	at org.gradle.internal.dispatch.ReflectionDispatch.dispatch(ReflectionDispatch.java:24)
	at org.gradle.internal.dispatch.ContextClassLoaderDispatch.dispatch(ContextClassLoaderDispatch.java:33)
	at org.gradle.internal.dispatch.ProxyDispatchAdapter$DispatchingInvocationHandler.invoke(ProxyDispatchAdapter.java:92)
	at jdk.proxy1/jdk.proxy1.$Proxy4.stop(Unknown Source)
	at org.gradle.api.internal.tasks.testing.worker.TestWorker$3.run(TestWorker.java:200)
	at org.gradle.api.internal.tasks.testing.worker.TestWorker.executeAndMaintainThreadName(TestWorker.java:132)
	at org.gradle.api.internal.tasks.testing.worker.TestWorker.execute(TestWorker.java:103)
	at org.gradle.api.internal.tasks.testing.worker.TestWorker.execute(TestWorker.java:63)
	at org.gradle.process.internal.worker.child.ActionExecutionWorker.execute(ActionExecutionWorker.java:56)
	at org.gradle.process.internal.worker.child.SystemApplicationClassLoaderWorker.call(SystemApplicationClassLoaderWorker.java:121)
	at org.gradle.process.internal.worker.child.SystemApplicationClassLoaderWorker.call(SystemApplicationClassLoaderWorker.java:71)
	at worker.org.gradle.process.internal.worker.GradleWorkerMain.run(GradleWorkerMain.java:69)
	at worker.org.gradle.process.internal.worker.GradleWorkerMain.main(GradleWorkerMain.java:74)
Caused by: org.springframework.util.PlaceholderResolutionException: Could not resolve placeholder 'olama-host' in value "${olama-host}"
	at org.springframework.util.PlaceholderResolutionException.withValue(PlaceholderResolutionException.java:81)
	at org.springframework.util.PlaceholderParser$ParsedValue.resolve(PlaceholderParser.java:423)
	at org.springframework.util.PlaceholderParser.replacePlaceholders(PlaceholderParser.java:128)
	at org.springframework.util.PropertyPlaceholderHelper.parseStringValue(PropertyPlaceholderHelper.java:118)
	at org.springframework.util.PropertyPlaceholderHelper.replacePlaceholders(PropertyPlaceholderHelper.java:114)
	at org.springframework.core.env.AbstractPropertyResolver.doResolvePlaceholders(AbstractPropertyResolver.java:255)
	at org.springframework.core.env.AbstractPropertyResolver.resolveRequiredPlaceholders(AbstractPropertyResolver.java:226)
	at org.springframework.context.support.PropertySourcesPlaceholderConfigurer.lambda$processProperties$0(PropertySourcesPlaceholderConfigurer.java:201)
	at org.springframework.beans.factory.support.AbstractBeanFactory.resolveEmbeddedValue(AbstractBeanFactory.java:971)
	at org.springframework.beans.factory.support.DefaultListableBeanFactory.doResolveDependency(DefaultListableBeanFactory.java:1649)
	at org.springframework.beans.factory.support.DefaultListableBeanFactory.resolveDependency(DefaultListableBeanFactory.java:1627)
	at org.springframework.beans.factory.annotation.AutowiredAnnotationBeanPostProcessor$AutowiredFieldElement.resolveFieldValue(AutowiredAnnotationBeanPostProcessor.java:785)
	at org.springframework.beans.factory.annotation.AutowiredAnnotationBeanPostProcessor$AutowiredFieldElement.inject(AutowiredAnnotationBeanPostProcessor.java:768)
	at org.springframework.beans.factory.annotation.InjectionMetadata.inject(InjectionMetadata.java:146)
	at org.springframework.beans.factory.annotation.AutowiredAnnotationBeanPostProcessor.postProcessProperties(AutowiredAnnotationBeanPostProcessor.java:509)
	... 111 common frames omitted
2025-08-25 21:22:41 WARN  [Test worker] o.s.test.context.TestContextManager - Caught exception while allowing TestExecutionListener [org.springframework.test.context.support.DependencyInjectionTestExecutionListener] to prepare test instance [DatabaseTest@774b798]
java.lang.IllegalStateException: Failed to load ApplicationContext for [MergedContextConfiguration@3287cf03 testClass = DatabaseTest, locations = [], classes = [ru.bmstu.iu7.impl.SpringQuestionnaireRepository, ru.bmstu.iu7.impl.SpringExtendedAnswerRepository, ru.bmstu.iu7.impl.SpringInformationRepository, ru.bmstu.iu7.impl.SpringQuestionRepository, ru.bmstu.iu7.impl.SpringReqCacheRepository, ru.bmstu.iu7.impl.SpringTagRepository, ru.bmstu.iu7.impl.SpringUserRepository, ru.bmstu.iu7.impl.SpringVariantAnswerRepository], contextInitializerClasses = [], activeProfiles = [], propertySourceDescriptors = [], propertySourceProperties = ["org.springframework.boot.test.context.SpringBootTestContextBootstrapper=true", "spring.main.web-application-type=none"], contextCustomizers = [org.springframework.boot.test.autoconfigure.OnFailureConditionReportContextCustomizerFactory$OnFailureConditionReportContextCustomizer@7b324585, org.springframework.boot.test.autoconfigure.actuate.observability.ObservabilityContextCustomizerFactory$DisableObservabilityContextCustomizer@1f, org.springframework.boot.test.autoconfigure.properties.PropertyMappingContextCustomizer@ce0fed47, org.springframework.boot.test.autoconfigure.web.servlet.WebDriverContextCustomizer@435871cb, [ImportsContextCustomizer@3872c85f key = [@org.springframework.boot.test.autoconfigure.data.jdbc.AutoConfigureDataJdbc(), @org.springframework.boot.test.autoconfigure.properties.PropertyMapping(skip=NO, value="spring.test.database"), @org.springframework.context.annotation.ComponentScan(basePackageClasses={}, basePackages={"ru.bmstu.iu7"}, excludeFilters={}, includeFilters={}, lazyInit=false, nameGenerator=org.springframework.beans.factory.support.BeanNameGenerator.class, resourcePattern="**/*.class", scopeResolver=org.springframework.context.annotation.AnnotationScopeMetadataResolver.class, scopedProxy=DEFAULT, useDefaultFilters=true, value={"ru.bmstu.iu7"}), @jakarta.transaction.Transactional(value=REQUIRED, rollbackOn={}, dontRollbackOn={}), @org.springframework.context.annotation.Import(value={org.springframework.data.jdbc.repository.config.JdbcRepositoriesRegistrar.class}), @org.springframework.boot.test.context.SpringBootTest(args={}, classes={}, properties={}, useMainMethod=NEVER, value={}, webEnvironment=NONE), @org.springframework.test.context.ContextConfiguration(classes={ru.bmstu.iu7.impl.SpringQuestionnaireRepository.class, ru.bmstu.iu7.impl.SpringExtendedAnswerRepository.class, ru.bmstu.iu7.impl.SpringInformationRepository.class, ru.bmstu.iu7.impl.SpringQuestionRepository.class, ru.bmstu.iu7.impl.SpringReqCacheRepository.class, ru.bmstu.iu7.impl.SpringTagRepository.class, ru.bmstu.iu7.impl.SpringUserRepository.class, ru.bmstu.iu7.impl.SpringVariantAnswerRepository.class}, inheritInitializers=true, inheritLocations=true, initializers={}, loader=org.springframework.test.context.ContextLoader.class, locations={}, name="", value={}), @org.springframework.context.annotation.Import(value={org.springframework.boot.autoconfigure.ImportAutoConfigurationImportSelector.class}), @org.springframework.test.context.TestExecutionListeners(inheritListeners=true, listeners={org.springframework.test.context.support.DependencyInjectionTestExecutionListener.class, com.github.springtestdbunit.DbUnitTestExecutionListener.class}, mergeMode=REPLACE_DEFAULTS, value={org.springframework.test.context.support.DependencyInjectionTestExecutionListener.class, com.github.springtestdbunit.DbUnitTestExecutionListener.class}), @org.springframework.boot.autoconfigure.ImportAutoConfiguration(classes={}, exclude={}, value={}), @org.springframework.test.context.BootstrapWith(value=org.springframework.boot.test.context.SpringBootTestContextBootstrapper.class), @org.springframework.boot.test.autoconfigure.jdbc.AutoConfigureTestDatabase(replace=NONE, connection=NONE), @org.springframework.data.jdbc.repository.config.EnableJdbcRepositories(basePackageClasses={}, basePackages={"ru.bmstu.iu7"}, considerNestedRepositories=false, dataAccessStrategyRef="", excludeFilters={}, includeFilters={}, jdbcOperationsRef="", nameGenerator=org.springframework.beans.factory.support.BeanNameGenerator.class, namedQueriesLocation="", queryLookupStrategy=CREATE_IF_NOT_FOUND, repositoryBaseClass=org.springframework.data.repository.config.DefaultRepositoryBaseClass.class, repositoryFactoryBeanClass=org.springframework.data.jdbc.repository.support.JdbcRepositoryFactoryBean.class, repositoryImplementationPostfix="Impl", transactionManagerRef="transactionManager", value={})]], org.springframework.boot.test.context.filter.ExcludeFilterContextCustomizer@47605f2f, org.springframework.boot.test.json.DuplicateJsonObjectContextCustomizerFactory$DuplicateJsonObjectContextCustomizer@6111ba37, org.springframework.boot.test.mock.mockito.MockitoContextCustomizer@0, org.springframework.boot.test.web.client.TestRestTemplateContextCustomizer@30f5a68a, org.springframework.boot.test.web.reactor.netty.DisableReactorResourceFactoryGlobalResourcesContextCustomizerFactory$DisableReactorResourceFactoryGlobalResourcesContextCustomizerCustomizer@5357c287, org.springframework.test.context.support.DynamicPropertiesContextCustomizer@0, org.springframework.boot.test.context.SpringBootTestAnnotation@b4ed74d9], contextLoader = org.springframework.boot.test.context.SpringBootContextLoader, parent = null]
	at org.springframework.test.context.cache.DefaultCacheAwareContextLoaderDelegate.loadContext(DefaultCacheAwareContextLoaderDelegate.java:180)
	at org.springframework.test.context.support.DefaultTestContext.getApplicationContext(DefaultTestContext.java:130)
	at org.springframework.test.context.support.DependencyInjectionTestExecutionListener.injectDependencies(DependencyInjectionTestExecutionListener.java:155)
	at org.springframework.test.context.support.DependencyInjectionTestExecutionListener.prepareTestInstance(DependencyInjectionTestExecutionListener.java:111)
	at org.springframework.test.context.TestContextManager.prepareTestInstance(TestContextManager.java:260)
	at org.springframework.test.context.junit.jupiter.SpringExtension.postProcessTestInstance(SpringExtension.java:159)
	at org.junit.jupiter.engine.descriptor.ClassBasedTestDescriptor.lambda$invokeTestInstancePostProcessors$11(ClassBasedTestDescriptor.java:378)
	at org.junit.jupiter.engine.descriptor.ClassBasedTestDescriptor.executeAndMaskThrowable(ClassBasedTestDescriptor.java:383)
	at org.junit.jupiter.engine.descriptor.ClassBasedTestDescriptor.lambda$invokeTestInstancePostProcessors$12(ClassBasedTestDescriptor.java:378)
	at java.base/java.util.stream.ForEachOps$ForEachOp$OfRef.accept(ForEachOps.java:184)
	at java.base/java.util.stream.ReferencePipeline$3$1.accept(ReferencePipeline.java:215)
	at java.base/java.util.stream.ReferencePipeline$2$1.accept(ReferencePipeline.java:197)
	at java.base/java.util.stream.ReferencePipeline$3$1.accept(ReferencePipeline.java:215)
	at java.base/java.util.ArrayList$ArrayListSpliterator.forEachRemaining(ArrayList.java:1709)
	at java.base/java.util.stream.AbstractPipeline.copyInto(AbstractPipeline.java:570)
	at java.base/java.util.stream.AbstractPipeline.wrapAndCopyInto(AbstractPipeline.java:560)
	at java.base/java.util.stream.ForEachOps$ForEachOp.evaluateSequential(ForEachOps.java:151)
	at java.base/java.util.stream.ForEachOps$ForEachOp$OfRef.evaluateSequential(ForEachOps.java:174)
	at java.base/java.util.stream.AbstractPipeline.evaluate(AbstractPipeline.java:265)
	at java.base/java.util.stream.ReferencePipeline.forEach(ReferencePipeline.java:636)
	at org.junit.jupiter.engine.descriptor.ClassBasedTestDescriptor.invokeTestInstancePostProcessors(ClassBasedTestDescriptor.java:377)
	at org.junit.jupiter.engine.descriptor.ClassBasedTestDescriptor.lambda$instantiateAndPostProcessTestInstance$7(ClassBasedTestDescriptor.java:290)
	at org.junit.platform.engine.support.hierarchical.ThrowableCollector.execute(ThrowableCollector.java:73)
	at org.junit.jupiter.engine.descriptor.ClassBasedTestDescriptor.instantiateAndPostProcessTestInstance(ClassBasedTestDescriptor.java:289)
	at org.junit.jupiter.engine.descriptor.ClassBasedTestDescriptor.lambda$testInstancesProvider$5(ClassBasedTestDescriptor.java:279)
	at java.base/java.util.Optional.orElseGet(Optional.java:364)
	at org.junit.jupiter.engine.descriptor.ClassBasedTestDescriptor.lambda$testInstancesProvider$6(ClassBasedTestDescriptor.java:278)
	at org.junit.jupiter.engine.execution.TestInstancesProvider.getTestInstances(TestInstancesProvider.java:31)
	at org.junit.jupiter.engine.descriptor.TestMethodTestDescriptor.lambda$prepare$1(TestMethodTestDescriptor.java:105)
	at org.junit.platform.engine.support.hierarchical.ThrowableCollector.execute(ThrowableCollector.java:73)
	at org.junit.jupiter.engine.descriptor.TestMethodTestDescriptor.prepare(TestMethodTestDescriptor.java:104)
	at org.junit.jupiter.engine.descriptor.TestMethodTestDescriptor.prepare(TestMethodTestDescriptor.java:68)
	at org.junit.platform.engine.support.hierarchical.NodeTestTask.lambda$prepare$2(NodeTestTask.java:128)
	at org.junit.platform.engine.support.hierarchical.ThrowableCollector.execute(ThrowableCollector.java:73)
	at org.junit.platform.engine.support.hierarchical.NodeTestTask.prepare(NodeTestTask.java:128)
	at org.junit.platform.engine.support.hierarchical.NodeTestTask.execute(NodeTestTask.java:95)
	at java.base/java.util.ArrayList.forEach(ArrayList.java:1597)
	at org.junit.platform.engine.support.hierarchical.SameThreadHierarchicalTestExecutorService.invokeAll(SameThreadHierarchicalTestExecutorService.java:41)
	at org.junit.platform.engine.support.hierarchical.NodeTestTask.lambda$executeRecursively$6(NodeTestTask.java:160)
	at org.junit.platform.engine.support.hierarchical.ThrowableCollector.execute(ThrowableCollector.java:73)
	at org.junit.platform.engine.support.hierarchical.NodeTestTask.lambda$executeRecursively$8(NodeTestTask.java:146)
	at org.junit.platform.engine.support.hierarchical.Node.around(Node.java:137)
	at org.junit.platform.engine.support.hierarchical.NodeTestTask.lambda$executeRecursively$9(NodeTestTask.java:144)
	at org.junit.platform.engine.support.hierarchical.ThrowableCollector.execute(ThrowableCollector.java:73)
	at org.junit.platform.engine.support.hierarchical.NodeTestTask.executeRecursively(NodeTestTask.java:143)
	at org.junit.platform.engine.support.hierarchical.NodeTestTask.execute(NodeTestTask.java:100)
	at java.base/java.util.ArrayList.forEach(ArrayList.java:1597)
	at org.junit.platform.engine.support.hierarchical.SameThreadHierarchicalTestExecutorService.invokeAll(SameThreadHierarchicalTestExecutorService.java:41)
	at org.junit.platform.engine.support.hierarchical.NodeTestTask.lambda$executeRecursively$6(NodeTestTask.java:160)
	at org.junit.platform.engine.support.hierarchical.ThrowableCollector.execute(ThrowableCollector.java:73)
	at org.junit.platform.engine.support.hierarchical.NodeTestTask.lambda$executeRecursively$8(NodeTestTask.java:146)
	at org.junit.platform.engine.support.hierarchical.Node.around(Node.java:137)
	at org.junit.platform.engine.support.hierarchical.NodeTestTask.lambda$executeRecursively$9(NodeTestTask.java:144)
	at org.junit.platform.engine.support.hierarchical.ThrowableCollector.execute(ThrowableCollector.java:73)
	at org.junit.platform.engine.support.hierarchical.NodeTestTask.executeRecursively(NodeTestTask.java:143)
	at org.junit.platform.engine.support.hierarchical.NodeTestTask.execute(NodeTestTask.java:100)
	at org.junit.platform.engine.support.hierarchical.SameThreadHierarchicalTestExecutorService.submit(SameThreadHierarchicalTestExecutorService.java:35)
	at org.junit.platform.engine.support.hierarchical.HierarchicalTestExecutor.execute(HierarchicalTestExecutor.java:57)
	at org.junit.platform.engine.support.hierarchical.HierarchicalTestEngine.execute(HierarchicalTestEngine.java:54)
	at org.junit.platform.launcher.core.EngineExecutionOrchestrator.execute(EngineExecutionOrchestrator.java:198)
	at org.junit.platform.launcher.core.EngineExecutionOrchestrator.execute(EngineExecutionOrchestrator.java:169)
	at org.junit.platform.launcher.core.EngineExecutionOrchestrator.execute(EngineExecutionOrchestrator.java:93)
	at org.junit.platform.launcher.core.EngineExecutionOrchestrator.lambda$execute$0(EngineExecutionOrchestrator.java:58)
	at org.junit.platform.launcher.core.EngineExecutionOrchestrator.withInterceptedStreams(EngineExecutionOrchestrator.java:141)
	at org.junit.platform.launcher.core.EngineExecutionOrchestrator.execute(EngineExecutionOrchestrator.java:57)
	at org.junit.platform.launcher.core.DefaultLauncher.execute(DefaultLauncher.java:103)
	at org.junit.platform.launcher.core.DefaultLauncher.execute(DefaultLauncher.java:85)
	at org.junit.platform.launcher.core.DelegatingLauncher.execute(DelegatingLauncher.java:47)
	at org.gradle.api.internal.tasks.testing.junitplatform.JUnitPlatformTestClassProcessor$CollectAllTestClassesExecutor.processAllTestClasses(JUnitPlatformTestClassProcessor.java:124)
	at org.gradle.api.internal.tasks.testing.junitplatform.JUnitPlatformTestClassProcessor$CollectAllTestClassesExecutor.access$000(JUnitPlatformTestClassProcessor.java:99)
	at org.gradle.api.internal.tasks.testing.junitplatform.JUnitPlatformTestClassProcessor.stop(JUnitPlatformTestClassProcessor.java:94)
	at org.gradle.api.internal.tasks.testing.SuiteTestClassProcessor.stop(SuiteTestClassProcessor.java:63)
	at java.base/jdk.internal.reflect.DirectMethodHandleAccessor.invoke(DirectMethodHandleAccessor.java:103)
	at java.base/java.lang.reflect.Method.invoke(Method.java:580)
	at org.gradle.internal.dispatch.ReflectionDispatch.dispatch(ReflectionDispatch.java:36)
	at org.gradle.internal.dispatch.ReflectionDispatch.dispatch(ReflectionDispatch.java:24)
	at org.gradle.internal.dispatch.ContextClassLoaderDispatch.dispatch(ContextClassLoaderDispatch.java:33)
	at org.gradle.internal.dispatch.ProxyDispatchAdapter$DispatchingInvocationHandler.invoke(ProxyDispatchAdapter.java:92)
	at jdk.proxy1/jdk.proxy1.$Proxy4.stop(Unknown Source)
	at org.gradle.api.internal.tasks.testing.worker.TestWorker$3.run(TestWorker.java:200)
	at org.gradle.api.internal.tasks.testing.worker.TestWorker.executeAndMaintainThreadName(TestWorker.java:132)
	at org.gradle.api.internal.tasks.testing.worker.TestWorker.execute(TestWorker.java:103)
	at org.gradle.api.internal.tasks.testing.worker.TestWorker.execute(TestWorker.java:63)
	at org.gradle.process.internal.worker.child.ActionExecutionWorker.execute(ActionExecutionWorker.java:56)
	at org.gradle.process.internal.worker.child.SystemApplicationClassLoaderWorker.call(SystemApplicationClassLoaderWorker.java:121)
	at org.gradle.process.internal.worker.child.SystemApplicationClassLoaderWorker.call(SystemApplicationClassLoaderWorker.java:71)
	at worker.org.gradle.process.internal.worker.GradleWorkerMain.run(GradleWorkerMain.java:69)
	at worker.org.gradle.process.internal.worker.GradleWorkerMain.main(GradleWorkerMain.java:74)
Caused by: org.springframework.beans.factory.BeanCreationException: Error creating bean with name 'main': Injection of autowired dependencies failed
	at org.springframework.beans.factory.annotation.AutowiredAnnotationBeanPostProcessor.postProcessProperties(AutowiredAnnotationBeanPostProcessor.java:515)
	at org.springframework.beans.factory.support.AbstractAutowireCapableBeanFactory.populateBean(AbstractAutowireCapableBeanFactory.java:1451)
	at org.springframework.beans.factory.support.AbstractAutowireCapableBeanFactory.doCreateBean(AbstractAutowireCapableBeanFactory.java:606)
	at org.springframework.beans.factory.support.AbstractAutowireCapableBeanFactory.createBean(AbstractAutowireCapableBeanFactory.java:529)
	at org.springframework.beans.factory.support.AbstractBeanFactory.lambda$doGetBean$0(AbstractBeanFactory.java:339)
	at org.springframework.beans.factory.support.DefaultSingletonBeanRegistry.getSingleton(DefaultSingletonBeanRegistry.java:371)
	at org.springframework.beans.factory.support.AbstractBeanFactory.doGetBean(AbstractBeanFactory.java:337)
	at org.springframework.beans.factory.support.AbstractBeanFactory.getBean(AbstractBeanFactory.java:202)
	at org.springframework.beans.factory.support.DefaultListableBeanFactory.instantiateSingleton(DefaultListableBeanFactory.java:1221)
	at org.springframework.beans.factory.support.DefaultListableBeanFactory.preInstantiateSingleton(DefaultListableBeanFactory.java:1187)
	at org.springframework.beans.factory.support.DefaultListableBeanFactory.preInstantiateSingletons(DefaultListableBeanFactory.java:1122)
	at org.springframework.context.support.AbstractApplicationContext.finishBeanFactoryInitialization(AbstractApplicationContext.java:987)
	at org.springframework.context.support.AbstractApplicationContext.refresh(AbstractApplicationContext.java:627)
	at org.springframework.boot.SpringApplication.refresh(SpringApplication.java:753)
	at org.springframework.boot.SpringApplication.refreshContext(SpringApplication.java:439)
	at org.springframework.boot.SpringApplication.run(SpringApplication.java:318)
	at org.springframework.boot.test.context.SpringBootContextLoader.lambda$loadContext$3(SpringBootContextLoader.java:144)
	at org.springframework.util.function.ThrowingSupplier.get(ThrowingSupplier.java:58)
	at org.springframework.util.function.ThrowingSupplier.get(ThrowingSupplier.java:46)
	at org.springframework.boot.SpringApplication.withHook(SpringApplication.java:1462)
	at org.springframework.boot.test.context.SpringBootContextLoader$ContextLoaderHook.run(SpringBootContextLoader.java:563)
	at org.springframework.boot.test.context.SpringBootContextLoader.loadContext(SpringBootContextLoader.java:144)
	at org.springframework.boot.test.context.SpringBootContextLoader.loadContext(SpringBootContextLoader.java:110)
	at org.springframework.test.context.cache.DefaultCacheAwareContextLoaderDelegate.loadContextInternal(DefaultCacheAwareContextLoaderDelegate.java:225)
	at org.springframework.test.context.cache.DefaultCacheAwareContextLoaderDelegate.loadContext(DefaultCacheAwareContextLoaderDelegate.java:152)
	... 87 common frames omitted
Caused by: org.springframework.util.PlaceholderResolutionException: Could not resolve placeholder 'olama-host' in value "${olama-host}"
	at org.springframework.util.PlaceholderResolutionException.withValue(PlaceholderResolutionException.java:81)
	at org.springframework.util.PlaceholderParser$ParsedValue.resolve(PlaceholderParser.java:423)
	at org.springframework.util.PlaceholderParser.replacePlaceholders(PlaceholderParser.java:128)
	at org.springframework.util.PropertyPlaceholderHelper.parseStringValue(PropertyPlaceholderHelper.java:118)
	at org.springframework.util.PropertyPlaceholderHelper.replacePlaceholders(PropertyPlaceholderHelper.java:114)
	at org.springframework.core.env.AbstractPropertyResolver.doResolvePlaceholders(AbstractPropertyResolver.java:255)
	at org.springframework.core.env.AbstractPropertyResolver.resolveRequiredPlaceholders(AbstractPropertyResolver.java:226)
	at org.springframework.context.support.PropertySourcesPlaceholderConfigurer.lambda$processProperties$0(PropertySourcesPlaceholderConfigurer.java:201)
	at org.springframework.beans.factory.support.AbstractBeanFactory.resolveEmbeddedValue(AbstractBeanFactory.java:971)
	at org.springframework.beans.factory.support.DefaultListableBeanFactory.doResolveDependency(DefaultListableBeanFactory.java:1649)
	at org.springframework.beans.factory.support.DefaultListableBeanFactory.resolveDependency(DefaultListableBeanFactory.java:1627)
	at org.springframework.beans.factory.annotation.AutowiredAnnotationBeanPostProcessor$AutowiredFieldElement.resolveFieldValue(AutowiredAnnotationBeanPostProcessor.java:785)
	at org.springframework.beans.factory.annotation.AutowiredAnnotationBeanPostProcessor$AutowiredFieldElement.inject(AutowiredAnnotationBeanPostProcessor.java:768)
	at org.springframework.beans.factory.annotation.InjectionMetadata.inject(InjectionMetadata.java:146)
	at org.springframework.beans.factory.annotation.AutowiredAnnotationBeanPostProcessor.postProcessProperties(AutowiredAnnotationBeanPostProcessor.java:509)
	... 111 common frames omitted
2025-08-25 21:22:41 WARN  [Test worker] o.s.test.context.TestContextManager - Caught exception while allowing TestExecutionListener [org.springframework.test.context.support.DependencyInjectionTestExecutionListener] to prepare test instance [DatabaseTest@517594dd]
java.lang.IllegalStateException: ApplicationContext failure threshold (1) exceeded: skipping repeated attempt to load context for [MergedContextConfiguration@3287cf03 testClass = DatabaseTest, locations = [], classes = [ru.bmstu.iu7.impl.SpringQuestionnaireRepository, ru.bmstu.iu7.impl.SpringExtendedAnswerRepository, ru.bmstu.iu7.impl.SpringInformationRepository, ru.bmstu.iu7.impl.SpringQuestionRepository, ru.bmstu.iu7.impl.SpringReqCacheRepository, ru.bmstu.iu7.impl.SpringTagRepository, ru.bmstu.iu7.impl.SpringUserRepository, ru.bmstu.iu7.impl.SpringVariantAnswerRepository], contextInitializerClasses = [], activeProfiles = [], propertySourceDescriptors = [], propertySourceProperties = ["org.springframework.boot.test.context.SpringBootTestContextBootstrapper=true", "spring.main.web-application-type=none"], contextCustomizers = [org.springframework.boot.test.autoconfigure.OnFailureConditionReportContextCustomizerFactory$OnFailureConditionReportContextCustomizer@7b324585, org.springframework.boot.test.autoconfigure.actuate.observability.ObservabilityContextCustomizerFactory$DisableObservabilityContextCustomizer@1f, org.springframework.boot.test.autoconfigure.properties.PropertyMappingContextCustomizer@ce0fed47, org.springframework.boot.test.autoconfigure.web.servlet.WebDriverContextCustomizer@435871cb, [ImportsContextCustomizer@3872c85f key = [@org.springframework.boot.test.autoconfigure.data.jdbc.AutoConfigureDataJdbc(), @org.springframework.boot.test.autoconfigure.properties.PropertyMapping(skip=NO, value="spring.test.database"), @org.springframework.context.annotation.ComponentScan(basePackageClasses={}, basePackages={"ru.bmstu.iu7"}, excludeFilters={}, includeFilters={}, lazyInit=false, nameGenerator=org.springframework.beans.factory.support.BeanNameGenerator.class, resourcePattern="**/*.class", scopeResolver=org.springframework.context.annotation.AnnotationScopeMetadataResolver.class, scopedProxy=DEFAULT, useDefaultFilters=true, value={"ru.bmstu.iu7"}), @jakarta.transaction.Transactional(value=REQUIRED, rollbackOn={}, dontRollbackOn={}), @org.springframework.context.annotation.Import(value={org.springframework.data.jdbc.repository.config.JdbcRepositoriesRegistrar.class}), @org.springframework.boot.test.context.SpringBootTest(args={}, classes={}, properties={}, useMainMethod=NEVER, value={}, webEnvironment=NONE), @org.springframework.test.context.ContextConfiguration(classes={ru.bmstu.iu7.impl.SpringQuestionnaireRepository.class, ru.bmstu.iu7.impl.SpringExtendedAnswerRepository.class, ru.bmstu.iu7.impl.SpringInformationRepository.class, ru.bmstu.iu7.impl.SpringQuestionRepository.class, ru.bmstu.iu7.impl.SpringReqCacheRepository.class, ru.bmstu.iu7.impl.SpringTagRepository.class, ru.bmstu.iu7.impl.SpringUserRepository.class, ru.bmstu.iu7.impl.SpringVariantAnswerRepository.class}, inheritInitializers=true, inheritLocations=true, initializers={}, loader=org.springframework.test.context.ContextLoader.class, locations={}, name="", value={}), @org.springframework.context.annotation.Import(value={org.springframework.boot.autoconfigure.ImportAutoConfigurationImportSelector.class}), @org.springframework.test.context.TestExecutionListeners(inheritListeners=true, listeners={org.springframework.test.context.support.DependencyInjectionTestExecutionListener.class, com.github.springtestdbunit.DbUnitTestExecutionListener.class}, mergeMode=REPLACE_DEFAULTS, value={org.springframework.test.context.support.DependencyInjectionTestExecutionListener.class, com.github.springtestdbunit.DbUnitTestExecutionListener.class}), @org.springframework.boot.autoconfigure.ImportAutoConfiguration(classes={}, exclude={}, value={}), @org.springframework.test.context.BootstrapWith(value=org.springframework.boot.test.context.SpringBootTestContextBootstrapper.class), @org.springframework.boot.test.autoconfigure.jdbc.AutoConfigureTestDatabase(replace=NONE, connection=NONE), @org.springframework.data.jdbc.repository.config.EnableJdbcRepositories(basePackageClasses={}, basePackages={"ru.bmstu.iu7"}, considerNestedRepositories=false, dataAccessStrategyRef="", excludeFilters={}, includeFilters={}, jdbcOperationsRef="", nameGenerator=org.springframework.beans.factory.support.BeanNameGenerator.class, namedQueriesLocation="", queryLookupStrategy=CREATE_IF_NOT_FOUND, repositoryBaseClass=org.springframework.data.repository.config.DefaultRepositoryBaseClass.class, repositoryFactoryBeanClass=org.springframework.data.jdbc.repository.support.JdbcRepositoryFactoryBean.class, repositoryImplementationPostfix="Impl", transactionManagerRef="transactionManager", value={})]], org.springframework.boot.test.context.filter.ExcludeFilterContextCustomizer@47605f2f, org.springframework.boot.test.json.DuplicateJsonObjectContextCustomizerFactory$DuplicateJsonObjectContextCustomizer@6111ba37, org.springframework.boot.test.mock.mockito.MockitoContextCustomizer@0, org.springframework.boot.test.web.client.TestRestTemplateContextCustomizer@30f5a68a, org.springframework.boot.test.web.reactor.netty.DisableReactorResourceFactoryGlobalResourcesContextCustomizerFactory$DisableReactorResourceFactoryGlobalResourcesContextCustomizerCustomizer@5357c287, org.springframework.test.context.support.DynamicPropertiesContextCustomizer@0, org.springframework.boot.test.context.SpringBootTestAnnotation@b4ed74d9], contextLoader = org.springframework.boot.test.context.SpringBootContextLoader, parent = null]
	at org.springframework.test.context.cache.DefaultCacheAwareContextLoaderDelegate.loadContext(DefaultCacheAwareContextLoaderDelegate.java:145)
	at org.springframework.test.context.support.DefaultTestContext.getApplicationContext(DefaultTestContext.java:130)
	at org.springframework.test.context.support.DependencyInjectionTestExecutionListener.injectDependencies(DependencyInjectionTestExecutionListener.java:155)
	at org.springframework.test.context.support.DependencyInjectionTestExecutionListener.prepareTestInstance(DependencyInjectionTestExecutionListener.java:111)
	at org.springframework.test.context.TestContextManager.prepareTestInstance(TestContextManager.java:260)
	at org.springframework.test.context.junit.jupiter.SpringExtension.postProcessTestInstance(SpringExtension.java:159)
	at org.junit.jupiter.engine.descriptor.ClassBasedTestDescriptor.lambda$invokeTestInstancePostProcessors$11(ClassBasedTestDescriptor.java:378)
	at org.junit.jupiter.engine.descriptor.ClassBasedTestDescriptor.executeAndMaskThrowable(ClassBasedTestDescriptor.java:383)
	at org.junit.jupiter.engine.descriptor.ClassBasedTestDescriptor.lambda$invokeTestInstancePostProcessors$12(ClassBasedTestDescriptor.java:378)
	at java.base/java.util.stream.ForEachOps$ForEachOp$OfRef.accept(ForEachOps.java:184)
	at java.base/java.util.stream.ReferencePipeline$3$1.accept(ReferencePipeline.java:215)
	at java.base/java.util.stream.ReferencePipeline$2$1.accept(ReferencePipeline.java:197)
	at java.base/java.util.stream.ReferencePipeline$3$1.accept(ReferencePipeline.java:215)
	at java.base/java.util.ArrayList$ArrayListSpliterator.forEachRemaining(ArrayList.java:1709)
	at java.base/java.util.stream.AbstractPipeline.copyInto(AbstractPipeline.java:570)
	at java.base/java.util.stream.AbstractPipeline.wrapAndCopyInto(AbstractPipeline.java:560)
	at java.base/java.util.stream.ForEachOps$ForEachOp.evaluateSequential(ForEachOps.java:151)
	at java.base/java.util.stream.ForEachOps$ForEachOp$OfRef.evaluateSequential(ForEachOps.java:174)
	at java.base/java.util.stream.AbstractPipeline.evaluate(AbstractPipeline.java:265)
	at java.base/java.util.stream.ReferencePipeline.forEach(ReferencePipeline.java:636)
	at org.junit.jupiter.engine.descriptor.ClassBasedTestDescriptor.invokeTestInstancePostProcessors(ClassBasedTestDescriptor.java:377)
	at org.junit.jupiter.engine.descriptor.ClassBasedTestDescriptor.lambda$instantiateAndPostProcessTestInstance$7(ClassBasedTestDescriptor.java:290)
	at org.junit.platform.engine.support.hierarchical.ThrowableCollector.execute(ThrowableCollector.java:73)
	at org.junit.jupiter.engine.descriptor.ClassBasedTestDescriptor.instantiateAndPostProcessTestInstance(ClassBasedTestDescriptor.java:289)
	at org.junit.jupiter.engine.descriptor.ClassBasedTestDescriptor.lambda$testInstancesProvider$5(ClassBasedTestDescriptor.java:279)
	at java.base/java.util.Optional.orElseGet(Optional.java:364)
	at org.junit.jupiter.engine.descriptor.ClassBasedTestDescriptor.lambda$testInstancesProvider$6(ClassBasedTestDescriptor.java:278)
	at org.junit.jupiter.engine.execution.TestInstancesProvider.getTestInstances(TestInstancesProvider.java:31)
	at org.junit.jupiter.engine.descriptor.TestMethodTestDescriptor.lambda$prepare$1(TestMethodTestDescriptor.java:105)
	at org.junit.platform.engine.support.hierarchical.ThrowableCollector.execute(ThrowableCollector.java:73)
	at org.junit.jupiter.engine.descriptor.TestMethodTestDescriptor.prepare(TestMethodTestDescriptor.java:104)
	at org.junit.jupiter.engine.descriptor.TestMethodTestDescriptor.prepare(TestMethodTestDescriptor.java:68)
	at org.junit.platform.engine.support.hierarchical.NodeTestTask.lambda$prepare$2(NodeTestTask.java:128)
	at org.junit.platform.engine.support.hierarchical.ThrowableCollector.execute(ThrowableCollector.java:73)
	at org.junit.platform.engine.support.hierarchical.NodeTestTask.prepare(NodeTestTask.java:128)
	at org.junit.platform.engine.support.hierarchical.NodeTestTask.execute(NodeTestTask.java:95)
	at java.base/java.util.ArrayList.forEach(ArrayList.java:1597)
	at org.junit.platform.engine.support.hierarchical.SameThreadHierarchicalTestExecutorService.invokeAll(SameThreadHierarchicalTestExecutorService.java:41)
	at org.junit.platform.engine.support.hierarchical.NodeTestTask.lambda$executeRecursively$6(NodeTestTask.java:160)
	at org.junit.platform.engine.support.hierarchical.ThrowableCollector.execute(ThrowableCollector.java:73)
	at org.junit.platform.engine.support.hierarchical.NodeTestTask.lambda$executeRecursively$8(NodeTestTask.java:146)
	at org.junit.platform.engine.support.hierarchical.Node.around(Node.java:137)
	at org.junit.platform.engine.support.hierarchical.NodeTestTask.lambda$executeRecursively$9(NodeTestTask.java:144)
	at org.junit.platform.engine.support.hierarchical.ThrowableCollector.execute(ThrowableCollector.java:73)
	at org.junit.platform.engine.support.hierarchical.NodeTestTask.executeRecursively(NodeTestTask.java:143)
	at org.junit.platform.engine.support.hierarchical.NodeTestTask.execute(NodeTestTask.java:100)
	at java.base/java.util.ArrayList.forEach(ArrayList.java:1597)
	at org.junit.platform.engine.support.hierarchical.SameThreadHierarchicalTestExecutorService.invokeAll(SameThreadHierarchicalTestExecutorService.java:41)
	at org.junit.platform.engine.support.hierarchical.NodeTestTask.lambda$executeRecursively$6(NodeTestTask.java:160)
	at org.junit.platform.engine.support.hierarchical.ThrowableCollector.execute(ThrowableCollector.java:73)
	at org.junit.platform.engine.support.hierarchical.NodeTestTask.lambda$executeRecursively$8(NodeTestTask.java:146)
	at org.junit.platform.engine.support.hierarchical.Node.around(Node.java:137)
	at org.junit.platform.engine.support.hierarchical.NodeTestTask.lambda$executeRecursively$9(NodeTestTask.java:144)
	at org.junit.platform.engine.support.hierarchical.ThrowableCollector.execute(ThrowableCollector.java:73)
	at org.junit.platform.engine.support.hierarchical.NodeTestTask.executeRecursively(NodeTestTask.java:143)
	at org.junit.platform.engine.support.hierarchical.NodeTestTask.execute(NodeTestTask.java:100)
	at org.junit.platform.engine.support.hierarchical.SameThreadHierarchicalTestExecutorService.submit(SameThreadHierarchicalTestExecutorService.java:35)
	at org.junit.platform.engine.support.hierarchical.HierarchicalTestExecutor.execute(HierarchicalTestExecutor.java:57)
	at org.junit.platform.engine.support.hierarchical.HierarchicalTestEngine.execute(HierarchicalTestEngine.java:54)
	at org.junit.platform.launcher.core.EngineExecutionOrchestrator.execute(EngineExecutionOrchestrator.java:198)
	at org.junit.platform.launcher.core.EngineExecutionOrchestrator.execute(EngineExecutionOrchestrator.java:169)
	at org.junit.platform.launcher.core.EngineExecutionOrchestrator.execute(EngineExecutionOrchestrator.java:93)
	at org.junit.platform.launcher.core.EngineExecutionOrchestrator.lambda$execute$0(EngineExecutionOrchestrator.java:58)
	at org.junit.platform.launcher.core.EngineExecutionOrchestrator.withInterceptedStreams(EngineExecutionOrchestrator.java:141)
	at org.junit.platform.launcher.core.EngineExecutionOrchestrator.execute(EngineExecutionOrchestrator.java:57)
	at org.junit.platform.launcher.core.DefaultLauncher.execute(DefaultLauncher.java:103)
	at org.junit.platform.launcher.core.DefaultLauncher.execute(DefaultLauncher.java:85)
	at org.junit.platform.launcher.core.DelegatingLauncher.execute(DelegatingLauncher.java:47)
	at org.gradle.api.internal.tasks.testing.junitplatform.JUnitPlatformTestClassProcessor$CollectAllTestClassesExecutor.processAllTestClasses(JUnitPlatformTestClassProcessor.java:124)
	at org.gradle.api.internal.tasks.testing.junitplatform.JUnitPlatformTestClassProcessor$CollectAllTestClassesExecutor.access$000(JUnitPlatformTestClassProcessor.java:99)
	at org.gradle.api.internal.tasks.testing.junitplatform.JUnitPlatformTestClassProcessor.stop(JUnitPlatformTestClassProcessor.java:94)
	at org.gradle.api.internal.tasks.testing.SuiteTestClassProcessor.stop(SuiteTestClassProcessor.java:63)
	at java.base/jdk.internal.reflect.DirectMethodHandleAccessor.invoke(DirectMethodHandleAccessor.java:103)
	at java.base/java.lang.reflect.Method.invoke(Method.java:580)
	at org.gradle.internal.dispatch.ReflectionDispatch.dispatch(ReflectionDispatch.java:36)
	at org.gradle.internal.dispatch.ReflectionDispatch.dispatch(ReflectionDispatch.java:24)
	at org.gradle.internal.dispatch.ContextClassLoaderDispatch.dispatch(ContextClassLoaderDispatch.java:33)
	at org.gradle.internal.dispatch.ProxyDispatchAdapter$DispatchingInvocationHandler.invoke(ProxyDispatchAdapter.java:92)
	at jdk.proxy1/jdk.proxy1.$Proxy4.stop(Unknown Source)
	at org.gradle.api.internal.tasks.testing.worker.TestWorker$3.run(TestWorker.java:200)
	at org.gradle.api.internal.tasks.testing.worker.TestWorker.executeAndMaintainThreadName(TestWorker.java:132)
	at org.gradle.api.internal.tasks.testing.worker.TestWorker.execute(TestWorker.java:103)
	at org.gradle.api.internal.tasks.testing.worker.TestWorker.execute(TestWorker.java:63)
	at org.gradle.process.internal.worker.child.ActionExecutionWorker.execute(ActionExecutionWorker.java:56)
	at org.gradle.process.internal.worker.child.SystemApplicationClassLoaderWorker.call(SystemApplicationClassLoaderWorker.java:121)
	at org.gradle.process.internal.worker.child.SystemApplicationClassLoaderWorker.call(SystemApplicationClassLoaderWorker.java:71)
	at worker.org.gradle.process.internal.worker.GradleWorkerMain.run(GradleWorkerMain.java:69)
	at worker.org.gradle.process.internal.worker.GradleWorkerMain.main(GradleWorkerMain.java:74)
2025-08-25 21:22:41 WARN  [Test worker] o.s.test.context.TestContextManager - Caught exception while allowing TestExecutionListener [org.springframework.test.context.support.DependencyInjectionTestExecutionListener] to prepare test instance [DatabaseTest@1390cc4c]
java.lang.IllegalStateException: ApplicationContext failure threshold (1) exceeded: skipping repeated attempt to load context for [MergedContextConfiguration@3287cf03 testClass = DatabaseTest, locations = [], classes = [ru.bmstu.iu7.impl.SpringQuestionnaireRepository, ru.bmstu.iu7.impl.SpringExtendedAnswerRepository, ru.bmstu.iu7.impl.SpringInformationRepository, ru.bmstu.iu7.impl.SpringQuestionRepository, ru.bmstu.iu7.impl.SpringReqCacheRepository, ru.bmstu.iu7.impl.SpringTagRepository, ru.bmstu.iu7.impl.SpringUserRepository, ru.bmstu.iu7.impl.SpringVariantAnswerRepository], contextInitializerClasses = [], activeProfiles = [], propertySourceDescriptors = [], propertySourceProperties = ["org.springframework.boot.test.context.SpringBootTestContextBootstrapper=true", "spring.main.web-application-type=none"], contextCustomizers = [org.springframework.boot.test.autoconfigure.OnFailureConditionReportContextCustomizerFactory$OnFailureConditionReportContextCustomizer@7b324585, org.springframework.boot.test.autoconfigure.actuate.observability.ObservabilityContextCustomizerFactory$DisableObservabilityContextCustomizer@1f, org.springframework.boot.test.autoconfigure.properties.PropertyMappingContextCustomizer@ce0fed47, org.springframework.boot.test.autoconfigure.web.servlet.WebDriverContextCustomizer@435871cb, [ImportsContextCustomizer@3872c85f key = [@org.springframework.boot.test.autoconfigure.data.jdbc.AutoConfigureDataJdbc(), @org.springframework.boot.test.autoconfigure.properties.PropertyMapping(skip=NO, value="spring.test.database"), @org.springframework.context.annotation.ComponentScan(basePackageClasses={}, basePackages={"ru.bmstu.iu7"}, excludeFilters={}, includeFilters={}, lazyInit=false, nameGenerator=org.springframework.beans.factory.support.BeanNameGenerator.class, resourcePattern="**/*.class", scopeResolver=org.springframework.context.annotation.AnnotationScopeMetadataResolver.class, scopedProxy=DEFAULT, useDefaultFilters=true, value={"ru.bmstu.iu7"}), @jakarta.transaction.Transactional(value=REQUIRED, rollbackOn={}, dontRollbackOn={}), @org.springframework.context.annotation.Import(value={org.springframework.data.jdbc.repository.config.JdbcRepositoriesRegistrar.class}), @org.springframework.boot.test.context.SpringBootTest(args={}, classes={}, properties={}, useMainMethod=NEVER, value={}, webEnvironment=NONE), @org.springframework.test.context.ContextConfiguration(classes={ru.bmstu.iu7.impl.SpringQuestionnaireRepository.class, ru.bmstu.iu7.impl.SpringExtendedAnswerRepository.class, ru.bmstu.iu7.impl.SpringInformationRepository.class, ru.bmstu.iu7.impl.SpringQuestionRepository.class, ru.bmstu.iu7.impl.SpringReqCacheRepository.class, ru.bmstu.iu7.impl.SpringTagRepository.class, ru.bmstu.iu7.impl.SpringUserRepository.class, ru.bmstu.iu7.impl.SpringVariantAnswerRepository.class}, inheritInitializers=true, inheritLocations=true, initializers={}, loader=org.springframework.test.context.ContextLoader.class, locations={}, name="", value={}), @org.springframework.context.annotation.Import(value={org.springframework.boot.autoconfigure.ImportAutoConfigurationImportSelector.class}), @org.springframework.test.context.TestExecutionListeners(inheritListeners=true, listeners={org.springframework.test.context.support.DependencyInjectionTestExecutionListener.class, com.github.springtestdbunit.DbUnitTestExecutionListener.class}, mergeMode=REPLACE_DEFAULTS, value={org.springframework.test.context.support.DependencyInjectionTestExecutionListener.class, com.github.springtestdbunit.DbUnitTestExecutionListener.class}), @org.springframework.boot.autoconfigure.ImportAutoConfiguration(classes={}, exclude={}, value={}), @org.springframework.test.context.BootstrapWith(value=org.springframework.boot.test.context.SpringBootTestContextBootstrapper.class), @org.springframework.boot.test.autoconfigure.jdbc.AutoConfigureTestDatabase(replace=NONE, connection=NONE), @org.springframework.data.jdbc.repository.config.EnableJdbcRepositories(basePackageClasses={}, basePackages={"ru.bmstu.iu7"}, considerNestedRepositories=false, dataAccessStrategyRef="", excludeFilters={}, includeFilters={}, jdbcOperationsRef="", nameGenerator=org.springframework.beans.factory.support.BeanNameGenerator.class, namedQueriesLocation="", queryLookupStrategy=CREATE_IF_NOT_FOUND, repositoryBaseClass=org.springframework.data.repository.config.DefaultRepositoryBaseClass.class, repositoryFactoryBeanClass=org.springframework.data.jdbc.repository.support.JdbcRepositoryFactoryBean.class, repositoryImplementationPostfix="Impl", transactionManagerRef="transactionManager", value={})]], org.springframework.boot.test.context.filter.ExcludeFilterContextCustomizer@47605f2f, org.springframework.boot.test.json.DuplicateJsonObjectContextCustomizerFactory$DuplicateJsonObjectContextCustomizer@6111ba37, org.springframework.boot.test.mock.mockito.MockitoContextCustomizer@0, org.springframework.boot.test.web.client.TestRestTemplateContextCustomizer@30f5a68a, org.springframework.boot.test.web.reactor.netty.DisableReactorResourceFactoryGlobalResourcesContextCustomizerFactory$DisableReactorResourceFactoryGlobalResourcesContextCustomizerCustomizer@5357c287, org.springframework.test.context.support.DynamicPropertiesContextCustomizer@0, org.springframework.boot.test.context.SpringBootTestAnnotation@b4ed74d9], contextLoader = org.springframework.boot.test.context.SpringBootContextLoader, parent = null]
	at org.springframework.test.context.cache.DefaultCacheAwareContextLoaderDelegate.loadContext(DefaultCacheAwareContextLoaderDelegate.java:145)
	at org.springframework.test.context.support.DefaultTestContext.getApplicationContext(DefaultTestContext.java:130)
	at org.springframework.test.context.support.DependencyInjectionTestExecutionListener.injectDependencies(DependencyInjectionTestExecutionListener.java:155)
	at org.springframework.test.context.support.DependencyInjectionTestExecutionListener.prepareTestInstance(DependencyInjectionTestExecutionListener.java:111)
	at org.springframework.test.context.TestContextManager.prepareTestInstance(TestContextManager.java:260)
	at org.springframework.test.context.junit.jupiter.SpringExtension.postProcessTestInstance(SpringExtension.java:159)
	at org.junit.jupiter.engine.descriptor.ClassBasedTestDescriptor.lambda$invokeTestInstancePostProcessors$11(ClassBasedTestDescriptor.java:378)
	at org.junit.jupiter.engine.descriptor.ClassBasedTestDescriptor.executeAndMaskThrowable(ClassBasedTestDescriptor.java:383)
	at org.junit.jupiter.engine.descriptor.ClassBasedTestDescriptor.lambda$invokeTestInstancePostProcessors$12(ClassBasedTestDescriptor.java:378)
	at java.base/java.util.stream.ForEachOps$ForEachOp$OfRef.accept(ForEachOps.java:184)
	at java.base/java.util.stream.ReferencePipeline$3$1.accept(ReferencePipeline.java:215)
	at java.base/java.util.stream.ReferencePipeline$2$1.accept(ReferencePipeline.java:197)
	at java.base/java.util.stream.ReferencePipeline$3$1.accept(ReferencePipeline.java:215)
	at java.base/java.util.ArrayList$ArrayListSpliterator.forEachRemaining(ArrayList.java:1709)
	at java.base/java.util.stream.AbstractPipeline.copyInto(AbstractPipeline.java:570)
	at java.base/java.util.stream.AbstractPipeline.wrapAndCopyInto(AbstractPipeline.java:560)
	at java.base/java.util.stream.ForEachOps$ForEachOp.evaluateSequential(ForEachOps.java:151)
	at java.base/java.util.stream.ForEachOps$ForEachOp$OfRef.evaluateSequential(ForEachOps.java:174)
	at java.base/java.util.stream.AbstractPipeline.evaluate(AbstractPipeline.java:265)
	at java.base/java.util.stream.ReferencePipeline.forEach(ReferencePipeline.java:636)
	at org.junit.jupiter.engine.descriptor.ClassBasedTestDescriptor.invokeTestInstancePostProcessors(ClassBasedTestDescriptor.java:377)
	at org.junit.jupiter.engine.descriptor.ClassBasedTestDescriptor.lambda$instantiateAndPostProcessTestInstance$7(ClassBasedTestDescriptor.java:290)
	at org.junit.platform.engine.support.hierarchical.ThrowableCollector.execute(ThrowableCollector.java:73)
	at org.junit.jupiter.engine.descriptor.ClassBasedTestDescriptor.instantiateAndPostProcessTestInstance(ClassBasedTestDescriptor.java:289)
	at org.junit.jupiter.engine.descriptor.ClassBasedTestDescriptor.lambda$testInstancesProvider$5(ClassBasedTestDescriptor.java:279)
	at java.base/java.util.Optional.orElseGet(Optional.java:364)
	at org.junit.jupiter.engine.descriptor.ClassBasedTestDescriptor.lambda$testInstancesProvider$6(ClassBasedTestDescriptor.java:278)
	at org.junit.jupiter.engine.execution.TestInstancesProvider.getTestInstances(TestInstancesProvider.java:31)
	at org.junit.jupiter.engine.descriptor.TestMethodTestDescriptor.lambda$prepare$1(TestMethodTestDescriptor.java:105)
	at org.junit.platform.engine.support.hierarchical.ThrowableCollector.execute(ThrowableCollector.java:73)
	at org.junit.jupiter.engine.descriptor.TestMethodTestDescriptor.prepare(TestMethodTestDescriptor.java:104)
	at org.junit.jupiter.engine.descriptor.TestMethodTestDescriptor.prepare(TestMethodTestDescriptor.java:68)
	at org.junit.platform.engine.support.hierarchical.NodeTestTask.lambda$prepare$2(NodeTestTask.java:128)
	at org.junit.platform.engine.support.hierarchical.ThrowableCollector.execute(ThrowableCollector.java:73)
	at org.junit.platform.engine.support.hierarchical.NodeTestTask.prepare(NodeTestTask.java:128)
	at org.junit.platform.engine.support.hierarchical.NodeTestTask.execute(NodeTestTask.java:95)
	at java.base/java.util.ArrayList.forEach(ArrayList.java:1597)
	at org.junit.platform.engine.support.hierarchical.SameThreadHierarchicalTestExecutorService.invokeAll(SameThreadHierarchicalTestExecutorService.java:41)
	at org.junit.platform.engine.support.hierarchical.NodeTestTask.lambda$executeRecursively$6(NodeTestTask.java:160)
	at org.junit.platform.engine.support.hierarchical.ThrowableCollector.execute(ThrowableCollector.java:73)
	at org.junit.platform.engine.support.hierarchical.NodeTestTask.lambda$executeRecursively$8(NodeTestTask.java:146)
	at org.junit.platform.engine.support.hierarchical.Node.around(Node.java:137)
	at org.junit.platform.engine.support.hierarchical.NodeTestTask.lambda$executeRecursively$9(NodeTestTask.java:144)
	at org.junit.platform.engine.support.hierarchical.ThrowableCollector.execute(ThrowableCollector.java:73)
	at org.junit.platform.engine.support.hierarchical.NodeTestTask.executeRecursively(NodeTestTask.java:143)
	at org.junit.platform.engine.support.hierarchical.NodeTestTask.execute(NodeTestTask.java:100)
	at java.base/java.util.ArrayList.forEach(ArrayList.java:1597)
	at org.junit.platform.engine.support.hierarchical.SameThreadHierarchicalTestExecutorService.invokeAll(SameThreadHierarchicalTestExecutorService.java:41)
	at org.junit.platform.engine.support.hierarchical.NodeTestTask.lambda$executeRecursively$6(NodeTestTask.java:160)
	at org.junit.platform.engine.support.hierarchical.ThrowableCollector.execute(ThrowableCollector.java:73)
	at org.junit.platform.engine.support.hierarchical.NodeTestTask.lambda$executeRecursively$8(NodeTestTask.java:146)
	at org.junit.platform.engine.support.hierarchical.Node.around(Node.java:137)
	at org.junit.platform.engine.support.hierarchical.NodeTestTask.lambda$executeRecursively$9(NodeTestTask.java:144)
	at org.junit.platform.engine.support.hierarchical.ThrowableCollector.execute(ThrowableCollector.java:73)
	at org.junit.platform.engine.support.hierarchical.NodeTestTask.executeRecursively(NodeTestTask.java:143)
	at org.junit.platform.engine.support.hierarchical.NodeTestTask.execute(NodeTestTask.java:100)
	at org.junit.platform.engine.support.hierarchical.SameThreadHierarchicalTestExecutorService.submit(SameThreadHierarchicalTestExecutorService.java:35)
	at org.junit.platform.engine.support.hierarchical.HierarchicalTestExecutor.execute(HierarchicalTestExecutor.java:57)
	at org.junit.platform.engine.support.hierarchical.HierarchicalTestEngine.execute(HierarchicalTestEngine.java:54)
	at org.junit.platform.launcher.core.EngineExecutionOrchestrator.execute(EngineExecutionOrchestrator.java:198)
	at org.junit.platform.launcher.core.EngineExecutionOrchestrator.execute(EngineExecutionOrchestrator.java:169)
	at org.junit.platform.launcher.core.EngineExecutionOrchestrator.execute(EngineExecutionOrchestrator.java:93)
	at org.junit.platform.launcher.core.EngineExecutionOrchestrator.lambda$execute$0(EngineExecutionOrchestrator.java:58)
	at org.junit.platform.launcher.core.EngineExecutionOrchestrator.withInterceptedStreams(EngineExecutionOrchestrator.java:141)
	at org.junit.platform.launcher.core.EngineExecutionOrchestrator.execute(EngineExecutionOrchestrator.java:57)
	at org.junit.platform.launcher.core.DefaultLauncher.execute(DefaultLauncher.java:103)
	at org.junit.platform.launcher.core.DefaultLauncher.execute(DefaultLauncher.java:85)
	at org.junit.platform.launcher.core.DelegatingLauncher.execute(DelegatingLauncher.java:47)
	at org.gradle.api.internal.tasks.testing.junitplatform.JUnitPlatformTestClassProcessor$CollectAllTestClassesExecutor.processAllTestClasses(JUnitPlatformTestClassProcessor.java:124)
	at org.gradle.api.internal.tasks.testing.junitplatform.JUnitPlatformTestClassProcessor$CollectAllTestClassesExecutor.access$000(JUnitPlatformTestClassProcessor.java:99)
	at org.gradle.api.internal.tasks.testing.junitplatform.JUnitPlatformTestClassProcessor.stop(JUnitPlatformTestClassProcessor.java:94)
	at org.gradle.api.internal.tasks.testing.SuiteTestClassProcessor.stop(SuiteTestClassProcessor.java:63)
	at java.base/jdk.internal.reflect.DirectMethodHandleAccessor.invoke(DirectMethodHandleAccessor.java:103)
	at java.base/java.lang.reflect.Method.invoke(Method.java:580)
	at org.gradle.internal.dispatch.ReflectionDispatch.dispatch(ReflectionDispatch.java:36)
	at org.gradle.internal.dispatch.ReflectionDispatch.dispatch(ReflectionDispatch.java:24)
	at org.gradle.internal.dispatch.ContextClassLoaderDispatch.dispatch(ContextClassLoaderDispatch.java:33)
	at org.gradle.internal.dispatch.ProxyDispatchAdapter$DispatchingInvocationHandler.invoke(ProxyDispatchAdapter.java:92)
	at jdk.proxy1/jdk.proxy1.$Proxy4.stop(Unknown Source)
	at org.gradle.api.internal.tasks.testing.worker.TestWorker$3.run(TestWorker.java:200)
	at org.gradle.api.internal.tasks.testing.worker.TestWorker.executeAndMaintainThreadName(TestWorker.java:132)
	at org.gradle.api.internal.tasks.testing.worker.TestWorker.execute(TestWorker.java:103)
	at org.gradle.api.internal.tasks.testing.worker.TestWorker.execute(TestWorker.java:63)
	at org.gradle.process.internal.worker.child.ActionExecutionWorker.execute(ActionExecutionWorker.java:56)
	at org.gradle.process.internal.worker.child.SystemApplicationClassLoaderWorker.call(SystemApplicationClassLoaderWorker.java:121)
	at org.gradle.process.internal.worker.child.SystemApplicationClassLoaderWorker.call(SystemApplicationClassLoaderWorker.java:71)
	at worker.org.gradle.process.internal.worker.GradleWorkerMain.run(GradleWorkerMain.java:69)
	at worker.org.gradle.process.internal.worker.GradleWorkerMain.main(GradleWorkerMain.java:74)
2025-08-25 21:22:41 WARN  [Test worker] o.s.test.context.TestContextManager - Caught exception while allowing TestExecutionListener [org.springframework.test.context.support.DependencyInjectionTestExecutionListener] to prepare test instance [DatabaseTest@7ebefdfa]
java.lang.IllegalStateException: ApplicationContext failure threshold (1) exceeded: skipping repeated attempt to load context for [MergedContextConfiguration@3287cf03 testClass = DatabaseTest, locations = [], classes = [ru.bmstu.iu7.impl.SpringQuestionnaireRepository, ru.bmstu.iu7.impl.SpringExtendedAnswerRepository, ru.bmstu.iu7.impl.SpringInformationRepository, ru.bmstu.iu7.impl.SpringQuestionRepository, ru.bmstu.iu7.impl.SpringReqCacheRepository, ru.bmstu.iu7.impl.SpringTagRepository, ru.bmstu.iu7.impl.SpringUserRepository, ru.bmstu.iu7.impl.SpringVariantAnswerRepository], contextInitializerClasses = [], activeProfiles = [], propertySourceDescriptors = [], propertySourceProperties = ["org.springframework.boot.test.context.SpringBootTestContextBootstrapper=true", "spring.main.web-application-type=none"], contextCustomizers = [org.springframework.boot.test.autoconfigure.OnFailureConditionReportContextCustomizerFactory$OnFailureConditionReportContextCustomizer@7b324585, org.springframework.boot.test.autoconfigure.actuate.observability.ObservabilityContextCustomizerFactory$DisableObservabilityContextCustomizer@1f, org.springframework.boot.test.autoconfigure.properties.PropertyMappingContextCustomizer@ce0fed47, org.springframework.boot.test.autoconfigure.web.servlet.WebDriverContextCustomizer@435871cb, [ImportsContextCustomizer@3872c85f key = [@org.springframework.boot.test.autoconfigure.data.jdbc.AutoConfigureDataJdbc(), @org.springframework.boot.test.autoconfigure.properties.PropertyMapping(skip=NO, value="spring.test.database"), @org.springframework.context.annotation.ComponentScan(basePackageClasses={}, basePackages={"ru.bmstu.iu7"}, excludeFilters={}, includeFilters={}, lazyInit=false, nameGenerator=org.springframework.beans.factory.support.BeanNameGenerator.class, resourcePattern="**/*.class", scopeResolver=org.springframework.context.annotation.AnnotationScopeMetadataResolver.class, scopedProxy=DEFAULT, useDefaultFilters=true, value={"ru.bmstu.iu7"}), @jakarta.transaction.Transactional(value=REQUIRED, rollbackOn={}, dontRollbackOn={}), @org.springframework.context.annotation.Import(value={org.springframework.data.jdbc.repository.config.JdbcRepositoriesRegistrar.class}), @org.springframework.boot.test.context.SpringBootTest(args={}, classes={}, properties={}, useMainMethod=NEVER, value={}, webEnvironment=NONE), @org.springframework.test.context.ContextConfiguration(classes={ru.bmstu.iu7.impl.SpringQuestionnaireRepository.class, ru.bmstu.iu7.impl.SpringExtendedAnswerRepository.class, ru.bmstu.iu7.impl.SpringInformationRepository.class, ru.bmstu.iu7.impl.SpringQuestionRepository.class, ru.bmstu.iu7.impl.SpringReqCacheRepository.class, ru.bmstu.iu7.impl.SpringTagRepository.class, ru.bmstu.iu7.impl.SpringUserRepository.class, ru.bmstu.iu7.impl.SpringVariantAnswerRepository.class}, inheritInitializers=true, inheritLocations=true, initializers={}, loader=org.springframework.test.context.ContextLoader.class, locations={}, name="", value={}), @org.springframework.context.annotation.Import(value={org.springframework.boot.autoconfigure.ImportAutoConfigurationImportSelector.class}), @org.springframework.test.context.TestExecutionListeners(inheritListeners=true, listeners={org.springframework.test.context.support.DependencyInjectionTestExecutionListener.class, com.github.springtestdbunit.DbUnitTestExecutionListener.class}, mergeMode=REPLACE_DEFAULTS, value={org.springframework.test.context.support.DependencyInjectionTestExecutionListener.class, com.github.springtestdbunit.DbUnitTestExecutionListener.class}), @org.springframework.boot.autoconfigure.ImportAutoConfiguration(classes={}, exclude={}, value={}), @org.springframework.test.context.BootstrapWith(value=org.springframework.boot.test.context.SpringBootTestContextBootstrapper.class), @org.springframework.boot.test.autoconfigure.jdbc.AutoConfigureTestDatabase(replace=NONE, connection=NONE), @org.springframework.data.jdbc.repository.config.EnableJdbcRepositories(basePackageClasses={}, basePackages={"ru.bmstu.iu7"}, considerNestedRepositories=false, dataAccessStrategyRef="", excludeFilters={}, includeFilters={}, jdbcOperationsRef="", nameGenerator=org.springframework.beans.factory.support.BeanNameGenerator.class, namedQueriesLocation="", queryLookupStrategy=CREATE_IF_NOT_FOUND, repositoryBaseClass=org.springframework.data.repository.config.DefaultRepositoryBaseClass.class, repositoryFactoryBeanClass=org.springframework.data.jdbc.repository.support.JdbcRepositoryFactoryBean.class, repositoryImplementationPostfix="Impl", transactionManagerRef="transactionManager", value={})]], org.springframework.boot.test.context.filter.ExcludeFilterContextCustomizer@47605f2f, org.springframework.boot.test.json.DuplicateJsonObjectContextCustomizerFactory$DuplicateJsonObjectContextCustomizer@6111ba37, org.springframework.boot.test.mock.mockito.MockitoContextCustomizer@0, org.springframework.boot.test.web.client.TestRestTemplateContextCustomizer@30f5a68a, org.springframework.boot.test.web.reactor.netty.DisableReactorResourceFactoryGlobalResourcesContextCustomizerFactory$DisableReactorResourceFactoryGlobalResourcesContextCustomizerCustomizer@5357c287, org.springframework.test.context.support.DynamicPropertiesContextCustomizer@0, org.springframework.boot.test.context.SpringBootTestAnnotation@b4ed74d9], contextLoader = org.springframework.boot.test.context.SpringBootContextLoader, parent = null]
	at org.springframework.test.context.cache.DefaultCacheAwareContextLoaderDelegate.loadContext(DefaultCacheAwareContextLoaderDelegate.java:145)
	at org.springframework.test.context.support.DefaultTestContext.getApplicationContext(DefaultTestContext.java:130)
	at org.springframework.test.context.support.DependencyInjectionTestExecutionListener.injectDependencies(DependencyInjectionTestExecutionListener.java:155)
	at org.springframework.test.context.support.DependencyInjectionTestExecutionListener.prepareTestInstance(DependencyInjectionTestExecutionListener.java:111)
	at org.springframework.test.context.TestContextManager.prepareTestInstance(TestContextManager.java:260)
	at org.springframework.test.context.junit.jupiter.SpringExtension.postProcessTestInstance(SpringExtension.java:159)
	at org.junit.jupiter.engine.descriptor.ClassBasedTestDescriptor.lambda$invokeTestInstancePostProcessors$11(ClassBasedTestDescriptor.java:378)
	at org.junit.jupiter.engine.descriptor.ClassBasedTestDescriptor.executeAndMaskThrowable(ClassBasedTestDescriptor.java:383)
	at org.junit.jupiter.engine.descriptor.ClassBasedTestDescriptor.lambda$invokeTestInstancePostProcessors$12(ClassBasedTestDescriptor.java:378)
	at java.base/java.util.stream.ForEachOps$ForEachOp$OfRef.accept(ForEachOps.java:184)
	at java.base/java.util.stream.ReferencePipeline$3$1.accept(ReferencePipeline.java:215)
	at java.base/java.util.stream.ReferencePipeline$2$1.accept(ReferencePipeline.java:197)
	at java.base/java.util.stream.ReferencePipeline$3$1.accept(ReferencePipeline.java:215)
	at java.base/java.util.ArrayList$ArrayListSpliterator.forEachRemaining(ArrayList.java:1709)
	at java.base/java.util.stream.AbstractPipeline.copyInto(AbstractPipeline.java:570)
	at java.base/java.util.stream.AbstractPipeline.wrapAndCopyInto(AbstractPipeline.java:560)
	at java.base/java.util.stream.ForEachOps$ForEachOp.evaluateSequential(ForEachOps.java:151)
	at java.base/java.util.stream.ForEachOps$ForEachOp$OfRef.evaluateSequential(ForEachOps.java:174)
	at java.base/java.util.stream.AbstractPipeline.evaluate(AbstractPipeline.java:265)
	at java.base/java.util.stream.ReferencePipeline.forEach(ReferencePipeline.java:636)
	at org.junit.jupiter.engine.descriptor.ClassBasedTestDescriptor.invokeTestInstancePostProcessors(ClassBasedTestDescriptor.java:377)
	at org.junit.jupiter.engine.descriptor.ClassBasedTestDescriptor.lambda$instantiateAndPostProcessTestInstance$7(ClassBasedTestDescriptor.java:290)
	at org.junit.platform.engine.support.hierarchical.ThrowableCollector.execute(ThrowableCollector.java:73)
	at org.junit.jupiter.engine.descriptor.ClassBasedTestDescriptor.instantiateAndPostProcessTestInstance(ClassBasedTestDescriptor.java:289)
	at org.junit.jupiter.engine.descriptor.ClassBasedTestDescriptor.lambda$testInstancesProvider$5(ClassBasedTestDescriptor.java:279)
	at java.base/java.util.Optional.orElseGet(Optional.java:364)
	at org.junit.jupiter.engine.descriptor.ClassBasedTestDescriptor.lambda$testInstancesProvider$6(ClassBasedTestDescriptor.java:278)
	at org.junit.jupiter.engine.execution.TestInstancesProvider.getTestInstances(TestInstancesProvider.java:31)
	at org.junit.jupiter.engine.descriptor.TestMethodTestDescriptor.lambda$prepare$1(TestMethodTestDescriptor.java:105)
	at org.junit.platform.engine.support.hierarchical.ThrowableCollector.execute(ThrowableCollector.java:73)
	at org.junit.jupiter.engine.descriptor.TestMethodTestDescriptor.prepare(TestMethodTestDescriptor.java:104)
	at org.junit.jupiter.engine.descriptor.TestMethodTestDescriptor.prepare(TestMethodTestDescriptor.java:68)
	at org.junit.platform.engine.support.hierarchical.NodeTestTask.lambda$prepare$2(NodeTestTask.java:128)
	at org.junit.platform.engine.support.hierarchical.ThrowableCollector.execute(ThrowableCollector.java:73)
	at org.junit.platform.engine.support.hierarchical.NodeTestTask.prepare(NodeTestTask.java:128)
	at org.junit.platform.engine.support.hierarchical.NodeTestTask.execute(NodeTestTask.java:95)
	at java.base/java.util.ArrayList.forEach(ArrayList.java:1597)
	at org.junit.platform.engine.support.hierarchical.SameThreadHierarchicalTestExecutorService.invokeAll(SameThreadHierarchicalTestExecutorService.java:41)
	at org.junit.platform.engine.support.hierarchical.NodeTestTask.lambda$executeRecursively$6(NodeTestTask.java:160)
	at org.junit.platform.engine.support.hierarchical.ThrowableCollector.execute(ThrowableCollector.java:73)
	at org.junit.platform.engine.support.hierarchical.NodeTestTask.lambda$executeRecursively$8(NodeTestTask.java:146)
	at org.junit.platform.engine.support.hierarchical.Node.around(Node.java:137)
	at org.junit.platform.engine.support.hierarchical.NodeTestTask.lambda$executeRecursively$9(NodeTestTask.java:144)
	at org.junit.platform.engine.support.hierarchical.ThrowableCollector.execute(ThrowableCollector.java:73)
	at org.junit.platform.engine.support.hierarchical.NodeTestTask.executeRecursively(NodeTestTask.java:143)
	at org.junit.platform.engine.support.hierarchical.NodeTestTask.execute(NodeTestTask.java:100)
	at java.base/java.util.ArrayList.forEach(ArrayList.java:1597)
	at org.junit.platform.engine.support.hierarchical.SameThreadHierarchicalTestExecutorService.invokeAll(SameThreadHierarchicalTestExecutorService.java:41)
	at org.junit.platform.engine.support.hierarchical.NodeTestTask.lambda$executeRecursively$6(NodeTestTask.java:160)
	at org.junit.platform.engine.support.hierarchical.ThrowableCollector.execute(ThrowableCollector.java:73)
	at org.junit.platform.engine.support.hierarchical.NodeTestTask.lambda$executeRecursively$8(NodeTestTask.java:146)
	at org.junit.platform.engine.support.hierarchical.Node.around(Node.java:137)
	at org.junit.platform.engine.support.hierarchical.NodeTestTask.lambda$executeRecursively$9(NodeTestTask.java:144)
	at org.junit.platform.engine.support.hierarchical.ThrowableCollector.execute(ThrowableCollector.java:73)
	at org.junit.platform.engine.support.hierarchical.NodeTestTask.executeRecursively(NodeTestTask.java:143)
	at org.junit.platform.engine.support.hierarchical.NodeTestTask.execute(NodeTestTask.java:100)
	at org.junit.platform.engine.support.hierarchical.SameThreadHierarchicalTestExecutorService.submit(SameThreadHierarchicalTestExecutorService.java:35)
	at org.junit.platform.engine.support.hierarchical.HierarchicalTestExecutor.execute(HierarchicalTestExecutor.java:57)
	at org.junit.platform.engine.support.hierarchical.HierarchicalTestEngine.execute(HierarchicalTestEngine.java:54)
	at org.junit.platform.launcher.core.EngineExecutionOrchestrator.execute(EngineExecutionOrchestrator.java:198)
	at org.junit.platform.launcher.core.EngineExecutionOrchestrator.execute(EngineExecutionOrchestrator.java:169)
	at org.junit.platform.launcher.core.EngineExecutionOrchestrator.execute(EngineExecutionOrchestrator.java:93)
	at org.junit.platform.launcher.core.EngineExecutionOrchestrator.lambda$execute$0(EngineExecutionOrchestrator.java:58)
	at org.junit.platform.launcher.core.EngineExecutionOrchestrator.withInterceptedStreams(EngineExecutionOrchestrator.java:141)
	at org.junit.platform.launcher.core.EngineExecutionOrchestrator.execute(EngineExecutionOrchestrator.java:57)
	at org.junit.platform.launcher.core.DefaultLauncher.execute(DefaultLauncher.java:103)
	at org.junit.platform.launcher.core.DefaultLauncher.execute(DefaultLauncher.java:85)
	at org.junit.platform.launcher.core.DelegatingLauncher.execute(DelegatingLauncher.java:47)
	at org.gradle.api.internal.tasks.testing.junitplatform.JUnitPlatformTestClassProcessor$CollectAllTestClassesExecutor.processAllTestClasses(JUnitPlatformTestClassProcessor.java:124)
	at org.gradle.api.internal.tasks.testing.junitplatform.JUnitPlatformTestClassProcessor$CollectAllTestClassesExecutor.access$000(JUnitPlatformTestClassProcessor.java:99)
	at org.gradle.api.internal.tasks.testing.junitplatform.JUnitPlatformTestClassProcessor.stop(JUnitPlatformTestClassProcessor.java:94)
	at org.gradle.api.internal.tasks.testing.SuiteTestClassProcessor.stop(SuiteTestClassProcessor.java:63)
	at java.base/jdk.internal.reflect.DirectMethodHandleAccessor.invoke(DirectMethodHandleAccessor.java:103)
	at java.base/java.lang.reflect.Method.invoke(Method.java:580)
	at org.gradle.internal.dispatch.ReflectionDispatch.dispatch(ReflectionDispatch.java:36)
	at org.gradle.internal.dispatch.ReflectionDispatch.dispatch(ReflectionDispatch.java:24)
	at org.gradle.internal.dispatch.ContextClassLoaderDispatch.dispatch(ContextClassLoaderDispatch.java:33)
	at org.gradle.internal.dispatch.ProxyDispatchAdapter$DispatchingInvocationHandler.invoke(ProxyDispatchAdapter.java:92)
	at jdk.proxy1/jdk.proxy1.$Proxy4.stop(Unknown Source)
	at org.gradle.api.internal.tasks.testing.worker.TestWorker$3.run(TestWorker.java:200)
	at org.gradle.api.internal.tasks.testing.worker.TestWorker.executeAndMaintainThreadName(TestWorker.java:132)
	at org.gradle.api.internal.tasks.testing.worker.TestWorker.execute(TestWorker.java:103)
	at org.gradle.api.internal.tasks.testing.worker.TestWorker.execute(TestWorker.java:63)
	at org.gradle.process.internal.worker.child.ActionExecutionWorker.execute(ActionExecutionWorker.java:56)
	at org.gradle.process.internal.worker.child.SystemApplicationClassLoaderWorker.call(SystemApplicationClassLoaderWorker.java:121)
	at org.gradle.process.internal.worker.child.SystemApplicationClassLoaderWorker.call(SystemApplicationClassLoaderWorker.java:71)
	at worker.org.gradle.process.internal.worker.GradleWorkerMain.run(GradleWorkerMain.java:69)
	at worker.org.gradle.process.internal.worker.GradleWorkerMain.main(GradleWorkerMain.java:74)
2025-08-25 21:23:43 INFO  [main] DatabaseTest - Starting DatabaseTest using Java 23.0.1 with PID 25700 (started by sidya in D:\Projects\PPO_f\PPO_f\app_cli)
2025-08-25 21:23:43 INFO  [main] DatabaseTest - No active profile set, falling back to 1 default profile: "default"
2025-08-25 21:23:44 INFO  [main] o.s.d.r.c.RepositoryConfigurationDelegate - Multiple Spring Data modules found, entering strict repository configuration mode
2025-08-25 21:23:44 INFO  [main] o.s.d.r.c.RepositoryConfigurationDelegate - Bootstrapping Spring Data JDBC repositories in DEFAULT mode.
2025-08-25 21:23:44 INFO  [main] o.s.d.r.c.RepositoryConfigurationExtensionSupport - Spring Data JDBC - Could not safely identify store assignment for repository candidate interface ru.bmstu.iu7.impl.SpringExtendedAnswerRepository; If you want this repository to be a JDBC repository, consider annotating your entities with one of these annotations: org.springframework.data.relational.core.mapping.Table.
2025-08-25 21:23:44 INFO  [main] o.s.d.r.c.RepositoryConfigurationExtensionSupport - Spring Data JDBC - Could not safely identify store assignment for repository candidate interface ru.bmstu.iu7.impl.SpringInformationRepository; If you want this repository to be a JDBC repository, consider annotating your entities with one of these annotations: org.springframework.data.relational.core.mapping.Table.
2025-08-25 21:23:44 INFO  [main] o.s.d.r.c.RepositoryConfigurationExtensionSupport - Spring Data JDBC - Could not safely identify store assignment for repository candidate interface ru.bmstu.iu7.impl.SpringQuestionnaireRepository; If you want this repository to be a JDBC repository, consider annotating your entities with one of these annotations: org.springframework.data.relational.core.mapping.Table.
2025-08-25 21:23:44 INFO  [main] o.s.d.r.c.RepositoryConfigurationExtensionSupport - Spring Data JDBC - Could not safely identify store assignment for repository candidate interface ru.bmstu.iu7.impl.SpringQuestionRepository; If you want this repository to be a JDBC repository, consider annotating your entities with one of these annotations: org.springframework.data.relational.core.mapping.Table.
2025-08-25 21:23:44 INFO  [main] o.s.d.r.c.RepositoryConfigurationExtensionSupport - Spring Data JDBC - Could not safely identify store assignment for repository candidate interface ru.bmstu.iu7.impl.SpringReqCacheRepository; If you want this repository to be a JDBC repository, consider annotating your entities with one of these annotations: org.springframework.data.relational.core.mapping.Table.
2025-08-25 21:23:44 INFO  [main] o.s.d.r.c.RepositoryConfigurationExtensionSupport - Spring Data JDBC - Could not safely identify store assignment for repository candidate interface ru.bmstu.iu7.impl.SpringTagRepository; If you want this repository to be a JDBC repository, consider annotating your entities with one of these annotations: org.springframework.data.relational.core.mapping.Table.
2025-08-25 21:23:44 INFO  [main] o.s.d.r.c.RepositoryConfigurationExtensionSupport - Spring Data JDBC - Could not safely identify store assignment for repository candidate interface ru.bmstu.iu7.impl.SpringUserRepository; If you want this repository to be a JDBC repository, consider annotating your entities with one of these annotations: org.springframework.data.relational.core.mapping.Table.
2025-08-25 21:23:44 INFO  [main] o.s.d.r.c.RepositoryConfigurationExtensionSupport - Spring Data JDBC - Could not safely identify store assignment for repository candidate interface ru.bmstu.iu7.impl.SpringVariantAnswerRepository; If you want this repository to be a JDBC repository, consider annotating your entities with one of these annotations: org.springframework.data.relational.core.mapping.Table.
2025-08-25 21:23:44 INFO  [main] o.s.d.r.c.RepositoryConfigurationDelegate - Finished Spring Data repository scanning in 32 ms. Found 0 JDBC repository interfaces.
2025-08-25 21:23:44 INFO  [main] o.s.d.r.c.RepositoryConfigurationDelegate - Multiple Spring Data modules found, entering strict repository configuration mode
2025-08-25 21:23:44 INFO  [main] o.s.d.r.c.RepositoryConfigurationDelegate - Bootstrapping Spring Data JPA repositories in DEFAULT mode.
2025-08-25 21:23:44 INFO  [main] o.s.d.r.c.RepositoryConfigurationDelegate - Finished Spring Data repository scanning in 41 ms. Found 8 JPA repository interfaces.
2025-08-25 21:23:45 INFO  [main] com.zaxxer.hikari.HikariDataSource - HikariPool-1 - Starting...
2025-08-25 21:23:45 INFO  [main] o.testcontainers.images.PullPolicy - Image pull policy will be performed by: DefaultPullPolicy()
2025-08-25 21:23:45 INFO  [main] o.t.utility.ImageNameSubstitutor - Image name substitution will be performed by: DefaultImageNameSubstitutor (composite of 'ConfigurationFileImageNameSubstitutor' and 'PrefixingImageNameSubstitutor')
2025-08-25 21:23:45 INFO  [main] o.testcontainers.DockerClientFactory - Testcontainers version: 1.20.6
2025-08-25 21:23:45 INFO  [main] o.t.d.DockerClientProviderStrategy - Loaded org.testcontainers.dockerclient.NpipeSocketClientProviderStrategy from ~/.testcontainers.properties, will try it first
2025-08-25 21:23:45 INFO  [main] o.t.d.DockerClientProviderStrategy - Found Docker environment with local Npipe socket (npipe:////./pipe/docker_engine)
2025-08-25 21:23:45 INFO  [main] o.testcontainers.DockerClientFactory - Docker host IP address is localhost
2025-08-25 21:23:45 INFO  [main] o.testcontainers.DockerClientFactory - Connected to docker: 
  Server Version: 28.0.4
  API Version: 1.48
  Operating System: Docker Desktop
  Total Memory: 7806 MB
  Labels: 
    com.docker.desktop.address=npipe://\\.\pipe\docker_cli
2025-08-25 21:23:45 INFO  [main] tc.testcontainers/ryuk:0.11.0 - Creating container for image: testcontainers/ryuk:0.11.0
2025-08-25 21:23:45 INFO  [main] o.t.utility.RegistryAuthLocator - Credential helper/store (docker-credential-desktop) does not have credentials for https://index.docker.io/v1/
2025-08-25 21:23:46 INFO  [main] tc.testcontainers/ryuk:0.11.0 - Container testcontainers/ryuk:0.11.0 is starting: c47207d13ad3baaace32c4e9e2bd1c89720f561452c1295cbd689a463774046b
2025-08-25 21:23:46 INFO  [main] tc.testcontainers/ryuk:0.11.0 - Container testcontainers/ryuk:0.11.0 started in PT0.7550358S
2025-08-25 21:23:46 INFO  [main] o.t.utility.RyukResourceReaper - Ryuk started - will monitor and terminate Testcontainers containers on JVM exit
2025-08-25 21:23:46 INFO  [main] o.testcontainers.DockerClientFactory - Checking the system...
2025-08-25 21:23:46 INFO  [main] o.testcontainers.DockerClientFactory - ✔︎ Docker server version should be at least 1.6.0
2025-08-25 21:23:46 INFO  [main] tc.postgres:15 - Creating container for image: postgres:15
2025-08-25 21:23:46 INFO  [main] tc.postgres:15 - Container postgres:15 is starting: 09fab163251eb80b2fc0eb082e674966cd8ae46a73a50aeb1e6a6f04826f6a4b
2025-08-25 21:23:49 INFO  [main] tc.postgres:15 - Container postgres:15 started in PT2.727084S
2025-08-25 21:23:49 INFO  [main] tc.postgres:15 - Container is started (JDBC URL: jdbc:postgresql://localhost:36546/test?loggerLevel=OFF)
2025-08-25 21:23:49 INFO  [main] com.zaxxer.hikari.pool.HikariPool - HikariPool-1 - Added connection org.testcontainers.jdbc.ConnectionWrapper@7440265c
2025-08-25 21:23:49 INFO  [main] com.zaxxer.hikari.HikariDataSource - HikariPool-1 - Start completed.
2025-08-25 21:23:49 INFO  [main] liquibase.database - Set default schema name to public
2025-08-25 21:23:50 INFO  [main] liquibase.changelog - Creating database history table with name: public.databasechangelog
2025-08-25 21:23:50 INFO  [main] liquibase.changelog - Reading from public.databasechangelog
2025-08-25 21:23:50 INFO  [main] liquibase.lockservice - Successfully acquired change log lock
2025-08-25 21:23:50 INFO  [main] liquibase.command - Using deploymentId: 6146230226
2025-08-25 21:23:50 INFO  [main] liquibase.changelog - Reading from public.databasechangelog
2025-08-25 21:23:50 INFO  [main] liquibase.ui - Running Changeset: db/changelog/test-1.0.0/object/user.sql::user-1::lena
2025-08-25 21:23:50 INFO  [main] liquibase.changelog - Custom SQL executed
2025-08-25 21:23:50 INFO  [main] liquibase.changelog - ChangeSet db/changelog/test-1.0.0/object/user.sql::user-1::lena ran successfully in 22ms
2025-08-25 21:23:50 INFO  [main] liquibase.ui - Running Changeset: db/changelog/test-1.0.0/object/tags.sql::raw::includeAll
2025-08-25 21:23:50 INFO  [main] liquibase.changelog - Custom SQL executed
2025-08-25 21:23:50 INFO  [main] liquibase.changelog - ChangeSet db/changelog/test-1.0.0/object/tags.sql::raw::includeAll ran successfully in 7ms
2025-08-25 21:23:50 INFO  [main] liquibase.ui - Running Changeset: db/changelog/test-1.0.0/object/question.sql::raw::includeAll
2025-08-25 21:23:50 INFO  [main] liquibase.changelog - Custom SQL executed
2025-08-25 21:23:50 INFO  [main] liquibase.changelog - ChangeSet db/changelog/test-1.0.0/object/question.sql::raw::includeAll ran successfully in 8ms
2025-08-25 21:23:50 INFO  [main] liquibase.ui - Running Changeset: db/changelog/test-1.0.0/object/question_tags.sql::raw::includeAll
2025-08-25 21:23:50 INFO  [main] liquibase.changelog - Custom SQL executed
2025-08-25 21:23:50 INFO  [main] liquibase.changelog - ChangeSet db/changelog/test-1.0.0/object/question_tags.sql::raw::includeAll ran successfully in 8ms
2025-08-25 21:23:50 INFO  [main] liquibase.ui - Running Changeset: db/changelog/test-1.0.0/object/information.sql::raw::includeAll
2025-08-25 21:23:50 INFO  [main] liquibase.changelog - Custom SQL executed
2025-08-25 21:23:50 INFO  [main] liquibase.changelog - ChangeSet db/changelog/test-1.0.0/object/information.sql::raw::includeAll ran successfully in 5ms
2025-08-25 21:23:50 INFO  [main] liquibase.ui - Running Changeset: db/changelog/test-1.0.0/object/extended_answer.sql::raw::includeAll
2025-08-25 21:23:50 INFO  [main] liquibase.changelog - Custom SQL executed
2025-08-25 21:23:50 INFO  [main] liquibase.changelog - ChangeSet db/changelog/test-1.0.0/object/extended_answer.sql::raw::includeAll ran successfully in 13ms
2025-08-25 21:23:50 INFO  [main] liquibase.ui - Running Changeset: db/changelog/test-1.0.0/object/variant_answer.sql::raw::includeAll
2025-08-25 21:23:50 INFO  [main] liquibase.changelog - Custom SQL executed
2025-08-25 21:23:50 INFO  [main] liquibase.changelog - ChangeSet db/changelog/test-1.0.0/object/variant_answer.sql::raw::includeAll ran successfully in 9ms
2025-08-25 21:23:50 INFO  [main] liquibase.ui - Running Changeset: db/changelog/test-1.0.0/object/quest.sql::raw::includeAll
2025-08-25 21:23:50 INFO  [main] liquibase.changelog - Custom SQL executed
2025-08-25 21:23:50 INFO  [main] liquibase.changelog - ChangeSet db/changelog/test-1.0.0/object/quest.sql::raw::includeAll ran successfully in 11ms
2025-08-25 21:23:50 INFO  [main] liquibase.ui - Running Changeset: db/changelog/test-1.0.0/object/quest_b_l.sql::raw::includeAll
2025-08-25 21:23:50 INFO  [main] liquibase.changelog - Custom SQL executed
2025-08-25 21:23:50 INFO  [main] liquibase.changelog - ChangeSet db/changelog/test-1.0.0/object/quest_b_l.sql::raw::includeAll ran successfully in 6ms
2025-08-25 21:23:50 INFO  [main] liquibase.ui - Running Changeset: db/changelog/test-1.0.0/object/quest_f_l.sql::raw::includeAll
2025-08-25 21:23:50 INFO  [main] liquibase.changelog - Custom SQL executed
2025-08-25 21:23:50 INFO  [main] liquibase.changelog - ChangeSet db/changelog/test-1.0.0/object/quest_f_l.sql::raw::includeAll ran successfully in 8ms
2025-08-25 21:23:50 INFO  [main] liquibase.ui - Running Changeset: db/changelog/test-1.0.0/object/extended_answer_tags.sql::raw::includeAll
2025-08-25 21:23:50 INFO  [main] liquibase.changelog - Custom SQL executed
2025-08-25 21:23:50 INFO  [main] liquibase.changelog - ChangeSet db/changelog/test-1.0.0/object/extended_answer_tags.sql::raw::includeAll ran successfully in 8ms
2025-08-25 21:23:50 INFO  [main] liquibase.ui - Running Changeset: db/changelog/test-1.0.0/object/inform_variant_answer.sql::raw::includeAll
2025-08-25 21:23:50 INFO  [main] liquibase.changelog - Custom SQL executed
2025-08-25 21:23:50 INFO  [main] liquibase.changelog - ChangeSet db/changelog/test-1.0.0/object/inform_variant_answer.sql::raw::includeAll ran successfully in 6ms
2025-08-25 21:23:50 INFO  [main] liquibase.ui - Running Changeset: db/changelog/test-1.0.0/object/inform_extended_answer.sql::raw::includeAll
2025-08-25 21:23:50 INFO  [main] liquibase.changelog - Custom SQL executed
2025-08-25 21:23:50 INFO  [main] liquibase.changelog - ChangeSet db/changelog/test-1.0.0/object/inform_extended_answer.sql::raw::includeAll ran successfully in 8ms
2025-08-25 21:23:50 INFO  [main] liquibase.ui - Running Changeset: db/changelog/test-1.0.0/object/req_cache.sql::raw::includeAll
2025-08-25 21:23:50 INFO  [main] liquibase.changelog - Custom SQL executed
2025-08-25 21:23:50 INFO  [main] liquibase.changelog - ChangeSet db/changelog/test-1.0.0/object/req_cache.sql::raw::includeAll ran successfully in 5ms
2025-08-25 21:23:50 INFO  [main] liquibase.util - UPDATE SUMMARY
2025-08-25 21:23:50 INFO  [main] liquibase.util - Run:                         14
2025-08-25 21:23:50 INFO  [main] liquibase.util - Previously run:               0
2025-08-25 21:23:50 INFO  [main] liquibase.util - Filtered out:                 0
2025-08-25 21:23:50 INFO  [main] liquibase.util - -------------------------------
2025-08-25 21:23:50 INFO  [main] liquibase.util - Total change sets:           14
2025-08-25 21:23:50 INFO  [main] liquibase.util - Update summary generated
2025-08-25 21:23:50 INFO  [main] liquibase.command - Update command completed successfully.
2025-08-25 21:23:50 INFO  [main] liquibase.ui - Liquibase: Update has been successful. Rows affected: 14
2025-08-25 21:23:50 INFO  [main] liquibase.lockservice - Successfully released change log lock
2025-08-25 21:23:50 INFO  [main] liquibase.command - Command execution complete
2025-08-25 21:23:50 INFO  [main] o.h.jpa.internal.util.LogHelper - HHH000204: Processing PersistenceUnitInfo [name: default]
2025-08-25 21:23:50 INFO  [main] org.hibernate.Version - HHH000412: Hibernate ORM core version 6.6.13.Final
2025-08-25 21:23:50 INFO  [main] o.h.c.i.RegionFactoryInitiator - HHH000026: Second-level cache disabled
2025-08-25 21:23:51 INFO  [main] o.s.o.j.p.SpringPersistenceUnitInfo - No LoadTimeWeaver setup: ignoring JPA class transformer
2025-08-25 21:23:51 INFO  [main] o.hibernate.orm.connections.pooling - HHH10001005: Database info:
	Database JDBC URL [Connecting through datasource 'HikariDataSource (HikariPool-1)']
	Database driver: undefined/unknown
	Database version: 15.13
	Autocommit mode: undefined/unknown
	Isolation level: undefined/unknown
	Minimum pool size: undefined/unknown
	Maximum pool size: undefined/unknown
2025-08-25 21:23:52 INFO  [main] o.h.e.t.j.p.i.JtaPlatformInitiator - HHH000489: No JTA platform available (set 'hibernate.transaction.jta.platform' to enable JTA platform integration)
2025-08-25 21:23:52 INFO  [main] o.s.o.j.LocalContainerEntityManagerFactoryBean - Initialized JPA EntityManagerFactory for persistence unit 'default'
2025-08-25 21:23:52 INFO  [main] o.s.b.f.a.AutowiredAnnotationBeanPostProcessor - Autowired annotation is not supported on static fields: private static java.lang.String ru.bmstu.iu7.Main.mlApiUrl
2025-08-25 21:23:52 INFO  [main] o.s.b.f.a.AutowiredAnnotationBeanPostProcessor - Autowired annotation is not supported on static fields: static java.io.Console ru.bmstu.iu7.Main.con
2025-08-25 21:23:52 WARN  [main] o.s.c.a.AnnotationConfigApplicationContext - Exception encountered during context initialization - cancelling refresh attempt: org.springframework.beans.factory.BeanCreationException: Error creating bean with name 'main': Injection of autowired dependencies failed
2025-08-25 21:23:52 INFO  [main] o.s.o.j.LocalContainerEntityManagerFactoryBean - Closing JPA EntityManagerFactory for persistence unit 'default'
2025-08-25 21:23:52 INFO  [main] com.zaxxer.hikari.HikariDataSource - HikariPool-1 - Shutdown initiated...
2025-08-25 21:23:52 INFO  [main] com.zaxxer.hikari.HikariDataSource - HikariPool-1 - Shutdown completed.
2025-08-25 21:23:52 INFO  [main] o.s.b.a.l.ConditionEvaluationReportLogger - 

Error starting ApplicationContext. To display the condition evaluation report re-run your application with 'debug' enabled.
2025-08-25 21:23:52 ERROR [main] o.s.boot.SpringApplication - Application run failed
org.springframework.beans.factory.BeanCreationException: Error creating bean with name 'main': Injection of autowired dependencies failed
	at org.springframework.beans.factory.annotation.AutowiredAnnotationBeanPostProcessor.postProcessProperties(AutowiredAnnotationBeanPostProcessor.java:515)
	at org.springframework.beans.factory.support.AbstractAutowireCapableBeanFactory.populateBean(AbstractAutowireCapableBeanFactory.java:1451)
	at org.springframework.beans.factory.support.AbstractAutowireCapableBeanFactory.doCreateBean(AbstractAutowireCapableBeanFactory.java:606)
	at org.springframework.beans.factory.support.AbstractAutowireCapableBeanFactory.createBean(AbstractAutowireCapableBeanFactory.java:529)
	at org.springframework.beans.factory.support.AbstractBeanFactory.lambda$doGetBean$0(AbstractBeanFactory.java:339)
	at org.springframework.beans.factory.support.DefaultSingletonBeanRegistry.getSingleton(DefaultSingletonBeanRegistry.java:371)
	at org.springframework.beans.factory.support.AbstractBeanFactory.doGetBean(AbstractBeanFactory.java:337)
	at org.springframework.beans.factory.support.AbstractBeanFactory.getBean(AbstractBeanFactory.java:202)
	at org.springframework.beans.factory.support.DefaultListableBeanFactory.instantiateSingleton(DefaultListableBeanFactory.java:1221)
	at org.springframework.beans.factory.support.DefaultListableBeanFactory.preInstantiateSingleton(DefaultListableBeanFactory.java:1187)
	at org.springframework.beans.factory.support.DefaultListableBeanFactory.preInstantiateSingletons(DefaultListableBeanFactory.java:1122)
	at org.springframework.context.support.AbstractApplicationContext.finishBeanFactoryInitialization(AbstractApplicationContext.java:987)
	at org.springframework.context.support.AbstractApplicationContext.refresh(AbstractApplicationContext.java:627)
	at org.springframework.boot.SpringApplication.refresh(SpringApplication.java:753)
	at org.springframework.boot.SpringApplication.refreshContext(SpringApplication.java:439)
	at org.springframework.boot.SpringApplication.run(SpringApplication.java:318)
	at org.springframework.boot.test.context.SpringBootContextLoader.lambda$loadContext$3(SpringBootContextLoader.java:144)
	at org.springframework.util.function.ThrowingSupplier.get(ThrowingSupplier.java:58)
	at org.springframework.util.function.ThrowingSupplier.get(ThrowingSupplier.java:46)
	at org.springframework.boot.SpringApplication.withHook(SpringApplication.java:1462)
	at org.springframework.boot.test.context.SpringBootContextLoader$ContextLoaderHook.run(SpringBootContextLoader.java:563)
	at org.springframework.boot.test.context.SpringBootContextLoader.loadContext(SpringBootContextLoader.java:144)
	at org.springframework.boot.test.context.SpringBootContextLoader.loadContext(SpringBootContextLoader.java:110)
	at org.springframework.test.context.cache.DefaultCacheAwareContextLoaderDelegate.loadContextInternal(DefaultCacheAwareContextLoaderDelegate.java:225)
	at org.springframework.test.context.cache.DefaultCacheAwareContextLoaderDelegate.loadContext(DefaultCacheAwareContextLoaderDelegate.java:152)
	at org.springframework.test.context.support.DefaultTestContext.getApplicationContext(DefaultTestContext.java:130)
	at org.springframework.test.context.support.DependencyInjectionTestExecutionListener.injectDependencies(DependencyInjectionTestExecutionListener.java:155)
	at org.springframework.test.context.support.DependencyInjectionTestExecutionListener.prepareTestInstance(DependencyInjectionTestExecutionListener.java:111)
	at org.springframework.test.context.TestContextManager.prepareTestInstance(TestContextManager.java:260)
	at org.springframework.test.context.junit.jupiter.SpringExtension.postProcessTestInstance(SpringExtension.java:159)
	at org.junit.jupiter.engine.descriptor.ClassBasedTestDescriptor.lambda$invokeTestInstancePostProcessors$11(ClassBasedTestDescriptor.java:378)
	at org.junit.jupiter.engine.descriptor.ClassBasedTestDescriptor.executeAndMaskThrowable(ClassBasedTestDescriptor.java:383)
	at org.junit.jupiter.engine.descriptor.ClassBasedTestDescriptor.lambda$invokeTestInstancePostProcessors$12(ClassBasedTestDescriptor.java:378)
	at java.base/java.util.stream.ForEachOps$ForEachOp$OfRef.accept(ForEachOps.java:184)
	at java.base/java.util.stream.ReferencePipeline$3$1.accept(ReferencePipeline.java:215)
	at java.base/java.util.stream.ReferencePipeline$2$1.accept(ReferencePipeline.java:197)
	at java.base/java.util.stream.ReferencePipeline$3$1.accept(ReferencePipeline.java:215)
	at java.base/java.util.ArrayList$ArrayListSpliterator.forEachRemaining(ArrayList.java:1709)
	at java.base/java.util.stream.AbstractPipeline.copyInto(AbstractPipeline.java:570)
	at java.base/java.util.stream.AbstractPipeline.wrapAndCopyInto(AbstractPipeline.java:560)
	at java.base/java.util.stream.ForEachOps$ForEachOp.evaluateSequential(ForEachOps.java:151)
	at java.base/java.util.stream.ForEachOps$ForEachOp$OfRef.evaluateSequential(ForEachOps.java:174)
	at java.base/java.util.stream.AbstractPipeline.evaluate(AbstractPipeline.java:265)
	at java.base/java.util.stream.ReferencePipeline.forEach(ReferencePipeline.java:636)
	at org.junit.jupiter.engine.descriptor.ClassBasedTestDescriptor.invokeTestInstancePostProcessors(ClassBasedTestDescriptor.java:377)
	at org.junit.jupiter.engine.descriptor.ClassBasedTestDescriptor.lambda$instantiateAndPostProcessTestInstance$7(ClassBasedTestDescriptor.java:290)
	at org.junit.platform.engine.support.hierarchical.ThrowableCollector.execute(ThrowableCollector.java:73)
	at org.junit.jupiter.engine.descriptor.ClassBasedTestDescriptor.instantiateAndPostProcessTestInstance(ClassBasedTestDescriptor.java:289)
	at org.junit.jupiter.engine.descriptor.ClassBasedTestDescriptor.lambda$testInstancesProvider$5(ClassBasedTestDescriptor.java:279)
	at java.base/java.util.Optional.orElseGet(Optional.java:364)
	at org.junit.jupiter.engine.descriptor.ClassBasedTestDescriptor.lambda$testInstancesProvider$6(ClassBasedTestDescriptor.java:278)
	at org.junit.jupiter.engine.execution.TestInstancesProvider.getTestInstances(TestInstancesProvider.java:31)
	at org.junit.jupiter.engine.descriptor.TestMethodTestDescriptor.lambda$prepare$1(TestMethodTestDescriptor.java:105)
	at org.junit.platform.engine.support.hierarchical.ThrowableCollector.execute(ThrowableCollector.java:73)
	at org.junit.jupiter.engine.descriptor.TestMethodTestDescriptor.prepare(TestMethodTestDescriptor.java:104)
	at org.junit.jupiter.engine.descriptor.TestMethodTestDescriptor.prepare(TestMethodTestDescriptor.java:68)
	at org.junit.platform.engine.support.hierarchical.NodeTestTask.lambda$prepare$2(NodeTestTask.java:128)
	at org.junit.platform.engine.support.hierarchical.ThrowableCollector.execute(ThrowableCollector.java:73)
	at org.junit.platform.engine.support.hierarchical.NodeTestTask.prepare(NodeTestTask.java:128)
	at org.junit.platform.engine.support.hierarchical.NodeTestTask.execute(NodeTestTask.java:95)
	at java.base/java.util.ArrayList.forEach(ArrayList.java:1597)
	at org.junit.platform.engine.support.hierarchical.SameThreadHierarchicalTestExecutorService.invokeAll(SameThreadHierarchicalTestExecutorService.java:41)
	at org.junit.platform.engine.support.hierarchical.NodeTestTask.lambda$executeRecursively$6(NodeTestTask.java:160)
	at org.junit.platform.engine.support.hierarchical.ThrowableCollector.execute(ThrowableCollector.java:73)
	at org.junit.platform.engine.support.hierarchical.NodeTestTask.lambda$executeRecursively$8(NodeTestTask.java:146)
	at org.junit.platform.engine.support.hierarchical.Node.around(Node.java:137)
	at org.junit.platform.engine.support.hierarchical.NodeTestTask.lambda$executeRecursively$9(NodeTestTask.java:144)
	at org.junit.platform.engine.support.hierarchical.ThrowableCollector.execute(ThrowableCollector.java:73)
	at org.junit.platform.engine.support.hierarchical.NodeTestTask.executeRecursively(NodeTestTask.java:143)
	at org.junit.platform.engine.support.hierarchical.NodeTestTask.execute(NodeTestTask.java:100)
	at java.base/java.util.ArrayList.forEach(ArrayList.java:1597)
	at org.junit.platform.engine.support.hierarchical.SameThreadHierarchicalTestExecutorService.invokeAll(SameThreadHierarchicalTestExecutorService.java:41)
	at org.junit.platform.engine.support.hierarchical.NodeTestTask.lambda$executeRecursively$6(NodeTestTask.java:160)
	at org.junit.platform.engine.support.hierarchical.ThrowableCollector.execute(ThrowableCollector.java:73)
	at org.junit.platform.engine.support.hierarchical.NodeTestTask.lambda$executeRecursively$8(NodeTestTask.java:146)
	at org.junit.platform.engine.support.hierarchical.Node.around(Node.java:137)
	at org.junit.platform.engine.support.hierarchical.NodeTestTask.lambda$executeRecursively$9(NodeTestTask.java:144)
	at org.junit.platform.engine.support.hierarchical.ThrowableCollector.execute(ThrowableCollector.java:73)
	at org.junit.platform.engine.support.hierarchical.NodeTestTask.executeRecursively(NodeTestTask.java:143)
	at org.junit.platform.engine.support.hierarchical.NodeTestTask.execute(NodeTestTask.java:100)
	at org.junit.platform.engine.support.hierarchical.SameThreadHierarchicalTestExecutorService.submit(SameThreadHierarchicalTestExecutorService.java:35)
	at org.junit.platform.engine.support.hierarchical.HierarchicalTestExecutor.execute(HierarchicalTestExecutor.java:57)
	at org.junit.platform.engine.support.hierarchical.HierarchicalTestEngine.execute(HierarchicalTestEngine.java:54)
	at org.junit.platform.launcher.core.EngineExecutionOrchestrator.execute(EngineExecutionOrchestrator.java:198)
	at org.junit.platform.launcher.core.EngineExecutionOrchestrator.execute(EngineExecutionOrchestrator.java:169)
	at org.junit.platform.launcher.core.EngineExecutionOrchestrator.execute(EngineExecutionOrchestrator.java:93)
	at org.junit.platform.launcher.core.EngineExecutionOrchestrator.lambda$execute$0(EngineExecutionOrchestrator.java:58)
	at org.junit.platform.launcher.core.EngineExecutionOrchestrator.withInterceptedStreams(EngineExecutionOrchestrator.java:141)
	at org.junit.platform.launcher.core.EngineExecutionOrchestrator.execute(EngineExecutionOrchestrator.java:57)
	at org.junit.platform.launcher.core.DefaultLauncher.execute(DefaultLauncher.java:103)
	at org.junit.platform.launcher.core.DefaultLauncher.execute(DefaultLauncher.java:85)
	at org.junit.platform.launcher.core.DelegatingLauncher.execute(DelegatingLauncher.java:47)
	at org.junit.platform.launcher.core.SessionPerRequestLauncher.execute(SessionPerRequestLauncher.java:63)
	at com.intellij.junit5.JUnit5IdeaTestRunner.startRunnerWithArgs(JUnit5IdeaTestRunner.java:57)
	at com.intellij.rt.junit.IdeaTestRunner$Repeater$1.execute(IdeaTestRunner.java:38)
	at com.intellij.rt.execution.junit.TestsRepeater.repeat(TestsRepeater.java:11)
	at com.intellij.rt.junit.IdeaTestRunner$Repeater.startRunnerWithArgs(IdeaTestRunner.java:35)
	at com.intellij.rt.junit.JUnitStarter.prepareStreamsAndStart(JUnitStarter.java:232)
	at com.intellij.rt.junit.JUnitStarter.main(JUnitStarter.java:55)
Caused by: org.springframework.util.PlaceholderResolutionException: Could not resolve placeholder 'olama-host' in value "${olama-host}"
	at org.springframework.util.PlaceholderResolutionException.withValue(PlaceholderResolutionException.java:81)
	at org.springframework.util.PlaceholderParser$ParsedValue.resolve(PlaceholderParser.java:423)
	at org.springframework.util.PlaceholderParser.replacePlaceholders(PlaceholderParser.java:128)
	at org.springframework.util.PropertyPlaceholderHelper.parseStringValue(PropertyPlaceholderHelper.java:118)
	at org.springframework.util.PropertyPlaceholderHelper.replacePlaceholders(PropertyPlaceholderHelper.java:114)
	at org.springframework.core.env.AbstractPropertyResolver.doResolvePlaceholders(AbstractPropertyResolver.java:255)
	at org.springframework.core.env.AbstractPropertyResolver.resolveRequiredPlaceholders(AbstractPropertyResolver.java:226)
	at org.springframework.context.support.PropertySourcesPlaceholderConfigurer.lambda$processProperties$0(PropertySourcesPlaceholderConfigurer.java:201)
	at org.springframework.beans.factory.support.AbstractBeanFactory.resolveEmbeddedValue(AbstractBeanFactory.java:971)
	at org.springframework.beans.factory.support.DefaultListableBeanFactory.doResolveDependency(DefaultListableBeanFactory.java:1649)
	at org.springframework.beans.factory.support.DefaultListableBeanFactory.resolveDependency(DefaultListableBeanFactory.java:1627)
	at org.springframework.beans.factory.annotation.AutowiredAnnotationBeanPostProcessor$AutowiredFieldElement.resolveFieldValue(AutowiredAnnotationBeanPostProcessor.java:785)
	at org.springframework.beans.factory.annotation.AutowiredAnnotationBeanPostProcessor$AutowiredFieldElement.inject(AutowiredAnnotationBeanPostProcessor.java:768)
	at org.springframework.beans.factory.annotation.InjectionMetadata.inject(InjectionMetadata.java:146)
	at org.springframework.beans.factory.annotation.AutowiredAnnotationBeanPostProcessor.postProcessProperties(AutowiredAnnotationBeanPostProcessor.java:509)
	... 98 common frames omitted
2025-08-25 21:23:52 WARN  [main] o.s.test.context.TestContextManager - Caught exception while allowing TestExecutionListener [org.springframework.test.context.support.DependencyInjectionTestExecutionListener] to prepare test instance [DatabaseTest@33224703]
java.lang.IllegalStateException: Failed to load ApplicationContext for [MergedContextConfiguration@49a46f29 testClass = DatabaseTest, locations = [], classes = [ru.bmstu.iu7.impl.SpringQuestionnaireRepository, ru.bmstu.iu7.impl.SpringExtendedAnswerRepository, ru.bmstu.iu7.impl.SpringInformationRepository, ru.bmstu.iu7.impl.SpringQuestionRepository, ru.bmstu.iu7.impl.SpringReqCacheRepository, ru.bmstu.iu7.impl.SpringTagRepository, ru.bmstu.iu7.impl.SpringUserRepository, ru.bmstu.iu7.impl.SpringVariantAnswerRepository], contextInitializerClasses = [], activeProfiles = [], propertySourceDescriptors = [], propertySourceProperties = ["org.springframework.boot.test.context.SpringBootTestContextBootstrapper=true", "spring.main.web-application-type=none"], contextCustomizers = [org.springframework.boot.test.autoconfigure.OnFailureConditionReportContextCustomizerFactory$OnFailureConditionReportContextCustomizer@16eb3ea3, org.springframework.boot.test.autoconfigure.actuate.observability.ObservabilityContextCustomizerFactory$DisableObservabilityContextCustomizer@1f, org.springframework.boot.test.autoconfigure.properties.PropertyMappingContextCustomizer@1eb2903d, org.springframework.boot.test.autoconfigure.web.servlet.WebDriverContextCustomizer@247310d0, [ImportsContextCustomizer@7356ec91 key = [@org.springframework.boot.test.autoconfigure.data.jdbc.AutoConfigureDataJdbc(), @org.springframework.boot.test.autoconfigure.properties.PropertyMapping(skip=NO, value="spring.test.database"), @jakarta.transaction.Transactional(value=REQUIRED, dontRollbackOn={}, rollbackOn={}), @org.springframework.context.annotation.Import(value={org.springframework.boot.autoconfigure.ImportAutoConfigurationImportSelector.class}), @org.apiguardian.api.API(consumers={"*"}, since="5.0", status=STABLE), @org.springframework.boot.test.autoconfigure.jdbc.AutoConfigureTestDatabase(replace=NONE, connection=NONE), @org.springframework.test.context.TestExecutionListeners(inheritListeners=true, listeners={org.springframework.test.context.support.DependencyInjectionTestExecutionListener.class, com.github.springtestdbunit.DbUnitTestExecutionListener.class}, mergeMode=REPLACE_DEFAULTS, value={org.springframework.test.context.support.DependencyInjectionTestExecutionListener.class, com.github.springtestdbunit.DbUnitTestExecutionListener.class}), @org.springframework.boot.test.context.SpringBootTest(args={}, classes={}, properties={}, useMainMethod=NEVER, value={}, webEnvironment=NONE), @org.springframework.context.annotation.Import(value={org.springframework.data.jdbc.repository.config.JdbcRepositoriesRegistrar.class}), @org.springframework.boot.autoconfigure.ImportAutoConfiguration(classes={}, exclude={}, value={}), @org.springframework.test.context.ContextConfiguration(classes={ru.bmstu.iu7.impl.SpringQuestionnaireRepository.class, ru.bmstu.iu7.impl.SpringExtendedAnswerRepository.class, ru.bmstu.iu7.impl.SpringInformationRepository.class, ru.bmstu.iu7.impl.SpringQuestionRepository.class, ru.bmstu.iu7.impl.SpringReqCacheRepository.class, ru.bmstu.iu7.impl.SpringTagRepository.class, ru.bmstu.iu7.impl.SpringUserRepository.class, ru.bmstu.iu7.impl.SpringVariantAnswerRepository.class}, inheritInitializers=true, inheritLocations=true, initializers={}, loader=org.springframework.test.context.ContextLoader.class, locations={}, name="", value={}), @org.springframework.data.jdbc.repository.config.EnableJdbcRepositories(basePackageClasses={}, basePackages={"ru.bmstu.iu7"}, considerNestedRepositories=false, dataAccessStrategyRef="", excludeFilters={}, includeFilters={}, jdbcOperationsRef="", nameGenerator=org.springframework.beans.factory.support.BeanNameGenerator.class, namedQueriesLocation="", queryLookupStrategy=CREATE_IF_NOT_FOUND, repositoryBaseClass=org.springframework.data.repository.config.DefaultRepositoryBaseClass.class, repositoryFactoryBeanClass=org.springframework.data.jdbc.repository.support.JdbcRepositoryFactoryBean.class, repositoryImplementationPostfix="Impl", transactionManagerRef="transactionManager", value={}), @org.springframework.context.annotation.ComponentScan(basePackageClasses={}, basePackages={"ru.bmstu.iu7"}, excludeFilters={}, includeFilters={}, lazyInit=false, nameGenerator=org.springframework.beans.factory.support.BeanNameGenerator.class, resourcePattern="**/*.class", scopeResolver=org.springframework.context.annotation.AnnotationScopeMetadataResolver.class, scopedProxy=DEFAULT, useDefaultFilters=true, value={"ru.bmstu.iu7"}), @org.springframework.test.context.BootstrapWith(value=org.springframework.boot.test.context.SpringBootTestContextBootstrapper.class)]], org.springframework.boot.test.context.filter.ExcludeFilterContextCustomizer@c430e6c, org.springframework.boot.test.json.DuplicateJsonObjectContextCustomizerFactory$DuplicateJsonObjectContextCustomizer@70cf32e3, org.springframework.boot.test.mock.mockito.MockitoContextCustomizer@0, org.springframework.boot.test.web.client.TestRestTemplateContextCustomizer@239a307b, org.springframework.boot.test.web.reactor.netty.DisableReactorResourceFactoryGlobalResourcesContextCustomizerFactory$DisableReactorResourceFactoryGlobalResourcesContextCustomizerCustomizer@194fad1, org.springframework.test.context.support.DynamicPropertiesContextCustomizer@0, org.springframework.boot.test.context.SpringBootTestAnnotation@d272ae43], contextLoader = org.springframework.boot.test.context.SpringBootContextLoader, parent = null]
	at org.springframework.test.context.cache.DefaultCacheAwareContextLoaderDelegate.loadContext(DefaultCacheAwareContextLoaderDelegate.java:180)
	at org.springframework.test.context.support.DefaultTestContext.getApplicationContext(DefaultTestContext.java:130)
	at org.springframework.test.context.support.DependencyInjectionTestExecutionListener.injectDependencies(DependencyInjectionTestExecutionListener.java:155)
	at org.springframework.test.context.support.DependencyInjectionTestExecutionListener.prepareTestInstance(DependencyInjectionTestExecutionListener.java:111)
	at org.springframework.test.context.TestContextManager.prepareTestInstance(TestContextManager.java:260)
	at org.springframework.test.context.junit.jupiter.SpringExtension.postProcessTestInstance(SpringExtension.java:159)
	at org.junit.jupiter.engine.descriptor.ClassBasedTestDescriptor.lambda$invokeTestInstancePostProcessors$11(ClassBasedTestDescriptor.java:378)
	at org.junit.jupiter.engine.descriptor.ClassBasedTestDescriptor.executeAndMaskThrowable(ClassBasedTestDescriptor.java:383)
	at org.junit.jupiter.engine.descriptor.ClassBasedTestDescriptor.lambda$invokeTestInstancePostProcessors$12(ClassBasedTestDescriptor.java:378)
	at java.base/java.util.stream.ForEachOps$ForEachOp$OfRef.accept(ForEachOps.java:184)
	at java.base/java.util.stream.ReferencePipeline$3$1.accept(ReferencePipeline.java:215)
	at java.base/java.util.stream.ReferencePipeline$2$1.accept(ReferencePipeline.java:197)
	at java.base/java.util.stream.ReferencePipeline$3$1.accept(ReferencePipeline.java:215)
	at java.base/java.util.ArrayList$ArrayListSpliterator.forEachRemaining(ArrayList.java:1709)
	at java.base/java.util.stream.AbstractPipeline.copyInto(AbstractPipeline.java:570)
	at java.base/java.util.stream.AbstractPipeline.wrapAndCopyInto(AbstractPipeline.java:560)
	at java.base/java.util.stream.ForEachOps$ForEachOp.evaluateSequential(ForEachOps.java:151)
	at java.base/java.util.stream.ForEachOps$ForEachOp$OfRef.evaluateSequential(ForEachOps.java:174)
	at java.base/java.util.stream.AbstractPipeline.evaluate(AbstractPipeline.java:265)
	at java.base/java.util.stream.ReferencePipeline.forEach(ReferencePipeline.java:636)
	at org.junit.jupiter.engine.descriptor.ClassBasedTestDescriptor.invokeTestInstancePostProcessors(ClassBasedTestDescriptor.java:377)
	at org.junit.jupiter.engine.descriptor.ClassBasedTestDescriptor.lambda$instantiateAndPostProcessTestInstance$7(ClassBasedTestDescriptor.java:290)
	at org.junit.platform.engine.support.hierarchical.ThrowableCollector.execute(ThrowableCollector.java:73)
	at org.junit.jupiter.engine.descriptor.ClassBasedTestDescriptor.instantiateAndPostProcessTestInstance(ClassBasedTestDescriptor.java:289)
	at org.junit.jupiter.engine.descriptor.ClassBasedTestDescriptor.lambda$testInstancesProvider$5(ClassBasedTestDescriptor.java:279)
	at java.base/java.util.Optional.orElseGet(Optional.java:364)
	at org.junit.jupiter.engine.descriptor.ClassBasedTestDescriptor.lambda$testInstancesProvider$6(ClassBasedTestDescriptor.java:278)
	at org.junit.jupiter.engine.execution.TestInstancesProvider.getTestInstances(TestInstancesProvider.java:31)
	at org.junit.jupiter.engine.descriptor.TestMethodTestDescriptor.lambda$prepare$1(TestMethodTestDescriptor.java:105)
	at org.junit.platform.engine.support.hierarchical.ThrowableCollector.execute(ThrowableCollector.java:73)
	at org.junit.jupiter.engine.descriptor.TestMethodTestDescriptor.prepare(TestMethodTestDescriptor.java:104)
	at org.junit.jupiter.engine.descriptor.TestMethodTestDescriptor.prepare(TestMethodTestDescriptor.java:68)
	at org.junit.platform.engine.support.hierarchical.NodeTestTask.lambda$prepare$2(NodeTestTask.java:128)
	at org.junit.platform.engine.support.hierarchical.ThrowableCollector.execute(ThrowableCollector.java:73)
	at org.junit.platform.engine.support.hierarchical.NodeTestTask.prepare(NodeTestTask.java:128)
	at org.junit.platform.engine.support.hierarchical.NodeTestTask.execute(NodeTestTask.java:95)
	at java.base/java.util.ArrayList.forEach(ArrayList.java:1597)
	at org.junit.platform.engine.support.hierarchical.SameThreadHierarchicalTestExecutorService.invokeAll(SameThreadHierarchicalTestExecutorService.java:41)
	at org.junit.platform.engine.support.hierarchical.NodeTestTask.lambda$executeRecursively$6(NodeTestTask.java:160)
	at org.junit.platform.engine.support.hierarchical.ThrowableCollector.execute(ThrowableCollector.java:73)
	at org.junit.platform.engine.support.hierarchical.NodeTestTask.lambda$executeRecursively$8(NodeTestTask.java:146)
	at org.junit.platform.engine.support.hierarchical.Node.around(Node.java:137)
	at org.junit.platform.engine.support.hierarchical.NodeTestTask.lambda$executeRecursively$9(NodeTestTask.java:144)
	at org.junit.platform.engine.support.hierarchical.ThrowableCollector.execute(ThrowableCollector.java:73)
	at org.junit.platform.engine.support.hierarchical.NodeTestTask.executeRecursively(NodeTestTask.java:143)
	at org.junit.platform.engine.support.hierarchical.NodeTestTask.execute(NodeTestTask.java:100)
	at java.base/java.util.ArrayList.forEach(ArrayList.java:1597)
	at org.junit.platform.engine.support.hierarchical.SameThreadHierarchicalTestExecutorService.invokeAll(SameThreadHierarchicalTestExecutorService.java:41)
	at org.junit.platform.engine.support.hierarchical.NodeTestTask.lambda$executeRecursively$6(NodeTestTask.java:160)
	at org.junit.platform.engine.support.hierarchical.ThrowableCollector.execute(ThrowableCollector.java:73)
	at org.junit.platform.engine.support.hierarchical.NodeTestTask.lambda$executeRecursively$8(NodeTestTask.java:146)
	at org.junit.platform.engine.support.hierarchical.Node.around(Node.java:137)
	at org.junit.platform.engine.support.hierarchical.NodeTestTask.lambda$executeRecursively$9(NodeTestTask.java:144)
	at org.junit.platform.engine.support.hierarchical.ThrowableCollector.execute(ThrowableCollector.java:73)
	at org.junit.platform.engine.support.hierarchical.NodeTestTask.executeRecursively(NodeTestTask.java:143)
	at org.junit.platform.engine.support.hierarchical.NodeTestTask.execute(NodeTestTask.java:100)
	at org.junit.platform.engine.support.hierarchical.SameThreadHierarchicalTestExecutorService.submit(SameThreadHierarchicalTestExecutorService.java:35)
	at org.junit.platform.engine.support.hierarchical.HierarchicalTestExecutor.execute(HierarchicalTestExecutor.java:57)
	at org.junit.platform.engine.support.hierarchical.HierarchicalTestEngine.execute(HierarchicalTestEngine.java:54)
	at org.junit.platform.launcher.core.EngineExecutionOrchestrator.execute(EngineExecutionOrchestrator.java:198)
	at org.junit.platform.launcher.core.EngineExecutionOrchestrator.execute(EngineExecutionOrchestrator.java:169)
	at org.junit.platform.launcher.core.EngineExecutionOrchestrator.execute(EngineExecutionOrchestrator.java:93)
	at org.junit.platform.launcher.core.EngineExecutionOrchestrator.lambda$execute$0(EngineExecutionOrchestrator.java:58)
	at org.junit.platform.launcher.core.EngineExecutionOrchestrator.withInterceptedStreams(EngineExecutionOrchestrator.java:141)
	at org.junit.platform.launcher.core.EngineExecutionOrchestrator.execute(EngineExecutionOrchestrator.java:57)
	at org.junit.platform.launcher.core.DefaultLauncher.execute(DefaultLauncher.java:103)
	at org.junit.platform.launcher.core.DefaultLauncher.execute(DefaultLauncher.java:85)
	at org.junit.platform.launcher.core.DelegatingLauncher.execute(DelegatingLauncher.java:47)
	at org.junit.platform.launcher.core.SessionPerRequestLauncher.execute(SessionPerRequestLauncher.java:63)
	at com.intellij.junit5.JUnit5IdeaTestRunner.startRunnerWithArgs(JUnit5IdeaTestRunner.java:57)
	at com.intellij.rt.junit.IdeaTestRunner$Repeater$1.execute(IdeaTestRunner.java:38)
	at com.intellij.rt.execution.junit.TestsRepeater.repeat(TestsRepeater.java:11)
	at com.intellij.rt.junit.IdeaTestRunner$Repeater.startRunnerWithArgs(IdeaTestRunner.java:35)
	at com.intellij.rt.junit.JUnitStarter.prepareStreamsAndStart(JUnitStarter.java:232)
	at com.intellij.rt.junit.JUnitStarter.main(JUnitStarter.java:55)
Caused by: org.springframework.beans.factory.BeanCreationException: Error creating bean with name 'main': Injection of autowired dependencies failed
	at org.springframework.beans.factory.annotation.AutowiredAnnotationBeanPostProcessor.postProcessProperties(AutowiredAnnotationBeanPostProcessor.java:515)
	at org.springframework.beans.factory.support.AbstractAutowireCapableBeanFactory.populateBean(AbstractAutowireCapableBeanFactory.java:1451)
	at org.springframework.beans.factory.support.AbstractAutowireCapableBeanFactory.doCreateBean(AbstractAutowireCapableBeanFactory.java:606)
	at org.springframework.beans.factory.support.AbstractAutowireCapableBeanFactory.createBean(AbstractAutowireCapableBeanFactory.java:529)
	at org.springframework.beans.factory.support.AbstractBeanFactory.lambda$doGetBean$0(AbstractBeanFactory.java:339)
	at org.springframework.beans.factory.support.DefaultSingletonBeanRegistry.getSingleton(DefaultSingletonBeanRegistry.java:371)
	at org.springframework.beans.factory.support.AbstractBeanFactory.doGetBean(AbstractBeanFactory.java:337)
	at org.springframework.beans.factory.support.AbstractBeanFactory.getBean(AbstractBeanFactory.java:202)
	at org.springframework.beans.factory.support.DefaultListableBeanFactory.instantiateSingleton(DefaultListableBeanFactory.java:1221)
	at org.springframework.beans.factory.support.DefaultListableBeanFactory.preInstantiateSingleton(DefaultListableBeanFactory.java:1187)
	at org.springframework.beans.factory.support.DefaultListableBeanFactory.preInstantiateSingletons(DefaultListableBeanFactory.java:1122)
	at org.springframework.context.support.AbstractApplicationContext.finishBeanFactoryInitialization(AbstractApplicationContext.java:987)
	at org.springframework.context.support.AbstractApplicationContext.refresh(AbstractApplicationContext.java:627)
	at org.springframework.boot.SpringApplication.refresh(SpringApplication.java:753)
	at org.springframework.boot.SpringApplication.refreshContext(SpringApplication.java:439)
	at org.springframework.boot.SpringApplication.run(SpringApplication.java:318)
	at org.springframework.boot.test.context.SpringBootContextLoader.lambda$loadContext$3(SpringBootContextLoader.java:144)
	at org.springframework.util.function.ThrowingSupplier.get(ThrowingSupplier.java:58)
	at org.springframework.util.function.ThrowingSupplier.get(ThrowingSupplier.java:46)
	at org.springframework.boot.SpringApplication.withHook(SpringApplication.java:1462)
	at org.springframework.boot.test.context.SpringBootContextLoader$ContextLoaderHook.run(SpringBootContextLoader.java:563)
	at org.springframework.boot.test.context.SpringBootContextLoader.loadContext(SpringBootContextLoader.java:144)
	at org.springframework.boot.test.context.SpringBootContextLoader.loadContext(SpringBootContextLoader.java:110)
	at org.springframework.test.context.cache.DefaultCacheAwareContextLoaderDelegate.loadContextInternal(DefaultCacheAwareContextLoaderDelegate.java:225)
	at org.springframework.test.context.cache.DefaultCacheAwareContextLoaderDelegate.loadContext(DefaultCacheAwareContextLoaderDelegate.java:152)
	... 74 common frames omitted
Caused by: org.springframework.util.PlaceholderResolutionException: Could not resolve placeholder 'olama-host' in value "${olama-host}"
	at org.springframework.util.PlaceholderResolutionException.withValue(PlaceholderResolutionException.java:81)
	at org.springframework.util.PlaceholderParser$ParsedValue.resolve(PlaceholderParser.java:423)
	at org.springframework.util.PlaceholderParser.replacePlaceholders(PlaceholderParser.java:128)
	at org.springframework.util.PropertyPlaceholderHelper.parseStringValue(PropertyPlaceholderHelper.java:118)
	at org.springframework.util.PropertyPlaceholderHelper.replacePlaceholders(PropertyPlaceholderHelper.java:114)
	at org.springframework.core.env.AbstractPropertyResolver.doResolvePlaceholders(AbstractPropertyResolver.java:255)
	at org.springframework.core.env.AbstractPropertyResolver.resolveRequiredPlaceholders(AbstractPropertyResolver.java:226)
	at org.springframework.context.support.PropertySourcesPlaceholderConfigurer.lambda$processProperties$0(PropertySourcesPlaceholderConfigurer.java:201)
	at org.springframework.beans.factory.support.AbstractBeanFactory.resolveEmbeddedValue(AbstractBeanFactory.java:971)
	at org.springframework.beans.factory.support.DefaultListableBeanFactory.doResolveDependency(DefaultListableBeanFactory.java:1649)
	at org.springframework.beans.factory.support.DefaultListableBeanFactory.resolveDependency(DefaultListableBeanFactory.java:1627)
	at org.springframework.beans.factory.annotation.AutowiredAnnotationBeanPostProcessor$AutowiredFieldElement.resolveFieldValue(AutowiredAnnotationBeanPostProcessor.java:785)
	at org.springframework.beans.factory.annotation.AutowiredAnnotationBeanPostProcessor$AutowiredFieldElement.inject(AutowiredAnnotationBeanPostProcessor.java:768)
	at org.springframework.beans.factory.annotation.InjectionMetadata.inject(InjectionMetadata.java:146)
	at org.springframework.beans.factory.annotation.AutowiredAnnotationBeanPostProcessor.postProcessProperties(AutowiredAnnotationBeanPostProcessor.java:509)
	... 98 common frames omitted
2025-08-25 21:23:52 WARN  [main] o.s.test.context.TestContextManager - Caught exception while allowing TestExecutionListener [org.springframework.test.context.support.DependencyInjectionTestExecutionListener] to prepare test instance [DatabaseTest@2d7b117]
java.lang.IllegalStateException: ApplicationContext failure threshold (1) exceeded: skipping repeated attempt to load context for [MergedContextConfiguration@49a46f29 testClass = DatabaseTest, locations = [], classes = [ru.bmstu.iu7.impl.SpringQuestionnaireRepository, ru.bmstu.iu7.impl.SpringExtendedAnswerRepository, ru.bmstu.iu7.impl.SpringInformationRepository, ru.bmstu.iu7.impl.SpringQuestionRepository, ru.bmstu.iu7.impl.SpringReqCacheRepository, ru.bmstu.iu7.impl.SpringTagRepository, ru.bmstu.iu7.impl.SpringUserRepository, ru.bmstu.iu7.impl.SpringVariantAnswerRepository], contextInitializerClasses = [], activeProfiles = [], propertySourceDescriptors = [], propertySourceProperties = ["org.springframework.boot.test.context.SpringBootTestContextBootstrapper=true", "spring.main.web-application-type=none"], contextCustomizers = [org.springframework.boot.test.autoconfigure.OnFailureConditionReportContextCustomizerFactory$OnFailureConditionReportContextCustomizer@16eb3ea3, org.springframework.boot.test.autoconfigure.actuate.observability.ObservabilityContextCustomizerFactory$DisableObservabilityContextCustomizer@1f, org.springframework.boot.test.autoconfigure.properties.PropertyMappingContextCustomizer@1eb2903d, org.springframework.boot.test.autoconfigure.web.servlet.WebDriverContextCustomizer@247310d0, [ImportsContextCustomizer@7356ec91 key = [@org.springframework.boot.test.autoconfigure.data.jdbc.AutoConfigureDataJdbc(), @org.springframework.boot.test.autoconfigure.properties.PropertyMapping(skip=NO, value="spring.test.database"), @jakarta.transaction.Transactional(value=REQUIRED, dontRollbackOn={}, rollbackOn={}), @org.springframework.context.annotation.Import(value={org.springframework.boot.autoconfigure.ImportAutoConfigurationImportSelector.class}), @org.apiguardian.api.API(consumers={"*"}, since="5.0", status=STABLE), @org.springframework.boot.test.autoconfigure.jdbc.AutoConfigureTestDatabase(replace=NONE, connection=NONE), @org.springframework.test.context.TestExecutionListeners(inheritListeners=true, listeners={org.springframework.test.context.support.DependencyInjectionTestExecutionListener.class, com.github.springtestdbunit.DbUnitTestExecutionListener.class}, mergeMode=REPLACE_DEFAULTS, value={org.springframework.test.context.support.DependencyInjectionTestExecutionListener.class, com.github.springtestdbunit.DbUnitTestExecutionListener.class}), @org.springframework.boot.test.context.SpringBootTest(args={}, classes={}, properties={}, useMainMethod=NEVER, value={}, webEnvironment=NONE), @org.springframework.context.annotation.Import(value={org.springframework.data.jdbc.repository.config.JdbcRepositoriesRegistrar.class}), @org.springframework.boot.autoconfigure.ImportAutoConfiguration(classes={}, exclude={}, value={}), @org.springframework.test.context.ContextConfiguration(classes={ru.bmstu.iu7.impl.SpringQuestionnaireRepository.class, ru.bmstu.iu7.impl.SpringExtendedAnswerRepository.class, ru.bmstu.iu7.impl.SpringInformationRepository.class, ru.bmstu.iu7.impl.SpringQuestionRepository.class, ru.bmstu.iu7.impl.SpringReqCacheRepository.class, ru.bmstu.iu7.impl.SpringTagRepository.class, ru.bmstu.iu7.impl.SpringUserRepository.class, ru.bmstu.iu7.impl.SpringVariantAnswerRepository.class}, inheritInitializers=true, inheritLocations=true, initializers={}, loader=org.springframework.test.context.ContextLoader.class, locations={}, name="", value={}), @org.springframework.data.jdbc.repository.config.EnableJdbcRepositories(basePackageClasses={}, basePackages={"ru.bmstu.iu7"}, considerNestedRepositories=false, dataAccessStrategyRef="", excludeFilters={}, includeFilters={}, jdbcOperationsRef="", nameGenerator=org.springframework.beans.factory.support.BeanNameGenerator.class, namedQueriesLocation="", queryLookupStrategy=CREATE_IF_NOT_FOUND, repositoryBaseClass=org.springframework.data.repository.config.DefaultRepositoryBaseClass.class, repositoryFactoryBeanClass=org.springframework.data.jdbc.repository.support.JdbcRepositoryFactoryBean.class, repositoryImplementationPostfix="Impl", transactionManagerRef="transactionManager", value={}), @org.springframework.context.annotation.ComponentScan(basePackageClasses={}, basePackages={"ru.bmstu.iu7"}, excludeFilters={}, includeFilters={}, lazyInit=false, nameGenerator=org.springframework.beans.factory.support.BeanNameGenerator.class, resourcePattern="**/*.class", scopeResolver=org.springframework.context.annotation.AnnotationScopeMetadataResolver.class, scopedProxy=DEFAULT, useDefaultFilters=true, value={"ru.bmstu.iu7"}), @org.springframework.test.context.BootstrapWith(value=org.springframework.boot.test.context.SpringBootTestContextBootstrapper.class)]], org.springframework.boot.test.context.filter.ExcludeFilterContextCustomizer@c430e6c, org.springframework.boot.test.json.DuplicateJsonObjectContextCustomizerFactory$DuplicateJsonObjectContextCustomizer@70cf32e3, org.springframework.boot.test.mock.mockito.MockitoContextCustomizer@0, org.springframework.boot.test.web.client.TestRestTemplateContextCustomizer@239a307b, org.springframework.boot.test.web.reactor.netty.DisableReactorResourceFactoryGlobalResourcesContextCustomizerFactory$DisableReactorResourceFactoryGlobalResourcesContextCustomizerCustomizer@194fad1, org.springframework.test.context.support.DynamicPropertiesContextCustomizer@0, org.springframework.boot.test.context.SpringBootTestAnnotation@d272ae43], contextLoader = org.springframework.boot.test.context.SpringBootContextLoader, parent = null]
	at org.springframework.test.context.cache.DefaultCacheAwareContextLoaderDelegate.loadContext(DefaultCacheAwareContextLoaderDelegate.java:145)
	at org.springframework.test.context.support.DefaultTestContext.getApplicationContext(DefaultTestContext.java:130)
	at org.springframework.test.context.support.DependencyInjectionTestExecutionListener.injectDependencies(DependencyInjectionTestExecutionListener.java:155)
	at org.springframework.test.context.support.DependencyInjectionTestExecutionListener.prepareTestInstance(DependencyInjectionTestExecutionListener.java:111)
	at org.springframework.test.context.TestContextManager.prepareTestInstance(TestContextManager.java:260)
	at org.springframework.test.context.junit.jupiter.SpringExtension.postProcessTestInstance(SpringExtension.java:159)
	at org.junit.jupiter.engine.descriptor.ClassBasedTestDescriptor.lambda$invokeTestInstancePostProcessors$11(ClassBasedTestDescriptor.java:378)
	at org.junit.jupiter.engine.descriptor.ClassBasedTestDescriptor.executeAndMaskThrowable(ClassBasedTestDescriptor.java:383)
	at org.junit.jupiter.engine.descriptor.ClassBasedTestDescriptor.lambda$invokeTestInstancePostProcessors$12(ClassBasedTestDescriptor.java:378)
	at java.base/java.util.stream.ForEachOps$ForEachOp$OfRef.accept(ForEachOps.java:184)
	at java.base/java.util.stream.ReferencePipeline$3$1.accept(ReferencePipeline.java:215)
	at java.base/java.util.stream.ReferencePipeline$2$1.accept(ReferencePipeline.java:197)
	at java.base/java.util.stream.ReferencePipeline$3$1.accept(ReferencePipeline.java:215)
	at java.base/java.util.ArrayList$ArrayListSpliterator.forEachRemaining(ArrayList.java:1709)
	at java.base/java.util.stream.AbstractPipeline.copyInto(AbstractPipeline.java:570)
	at java.base/java.util.stream.AbstractPipeline.wrapAndCopyInto(AbstractPipeline.java:560)
	at java.base/java.util.stream.ForEachOps$ForEachOp.evaluateSequential(ForEachOps.java:151)
	at java.base/java.util.stream.ForEachOps$ForEachOp$OfRef.evaluateSequential(ForEachOps.java:174)
	at java.base/java.util.stream.AbstractPipeline.evaluate(AbstractPipeline.java:265)
	at java.base/java.util.stream.ReferencePipeline.forEach(ReferencePipeline.java:636)
	at org.junit.jupiter.engine.descriptor.ClassBasedTestDescriptor.invokeTestInstancePostProcessors(ClassBasedTestDescriptor.java:377)
	at org.junit.jupiter.engine.descriptor.ClassBasedTestDescriptor.lambda$instantiateAndPostProcessTestInstance$7(ClassBasedTestDescriptor.java:290)
	at org.junit.platform.engine.support.hierarchical.ThrowableCollector.execute(ThrowableCollector.java:73)
	at org.junit.jupiter.engine.descriptor.ClassBasedTestDescriptor.instantiateAndPostProcessTestInstance(ClassBasedTestDescriptor.java:289)
	at org.junit.jupiter.engine.descriptor.ClassBasedTestDescriptor.lambda$testInstancesProvider$5(ClassBasedTestDescriptor.java:279)
	at java.base/java.util.Optional.orElseGet(Optional.java:364)
	at org.junit.jupiter.engine.descriptor.ClassBasedTestDescriptor.lambda$testInstancesProvider$6(ClassBasedTestDescriptor.java:278)
	at org.junit.jupiter.engine.execution.TestInstancesProvider.getTestInstances(TestInstancesProvider.java:31)
	at org.junit.jupiter.engine.descriptor.TestMethodTestDescriptor.lambda$prepare$1(TestMethodTestDescriptor.java:105)
	at org.junit.platform.engine.support.hierarchical.ThrowableCollector.execute(ThrowableCollector.java:73)
	at org.junit.jupiter.engine.descriptor.TestMethodTestDescriptor.prepare(TestMethodTestDescriptor.java:104)
	at org.junit.jupiter.engine.descriptor.TestMethodTestDescriptor.prepare(TestMethodTestDescriptor.java:68)
	at org.junit.platform.engine.support.hierarchical.NodeTestTask.lambda$prepare$2(NodeTestTask.java:128)
	at org.junit.platform.engine.support.hierarchical.ThrowableCollector.execute(ThrowableCollector.java:73)
	at org.junit.platform.engine.support.hierarchical.NodeTestTask.prepare(NodeTestTask.java:128)
	at org.junit.platform.engine.support.hierarchical.NodeTestTask.execute(NodeTestTask.java:95)
	at java.base/java.util.ArrayList.forEach(ArrayList.java:1597)
	at org.junit.platform.engine.support.hierarchical.SameThreadHierarchicalTestExecutorService.invokeAll(SameThreadHierarchicalTestExecutorService.java:41)
	at org.junit.platform.engine.support.hierarchical.NodeTestTask.lambda$executeRecursively$6(NodeTestTask.java:160)
	at org.junit.platform.engine.support.hierarchical.ThrowableCollector.execute(ThrowableCollector.java:73)
	at org.junit.platform.engine.support.hierarchical.NodeTestTask.lambda$executeRecursively$8(NodeTestTask.java:146)
	at org.junit.platform.engine.support.hierarchical.Node.around(Node.java:137)
	at org.junit.platform.engine.support.hierarchical.NodeTestTask.lambda$executeRecursively$9(NodeTestTask.java:144)
	at org.junit.platform.engine.support.hierarchical.ThrowableCollector.execute(ThrowableCollector.java:73)
	at org.junit.platform.engine.support.hierarchical.NodeTestTask.executeRecursively(NodeTestTask.java:143)
	at org.junit.platform.engine.support.hierarchical.NodeTestTask.execute(NodeTestTask.java:100)
	at java.base/java.util.ArrayList.forEach(ArrayList.java:1597)
	at org.junit.platform.engine.support.hierarchical.SameThreadHierarchicalTestExecutorService.invokeAll(SameThreadHierarchicalTestExecutorService.java:41)
	at org.junit.platform.engine.support.hierarchical.NodeTestTask.lambda$executeRecursively$6(NodeTestTask.java:160)
	at org.junit.platform.engine.support.hierarchical.ThrowableCollector.execute(ThrowableCollector.java:73)
	at org.junit.platform.engine.support.hierarchical.NodeTestTask.lambda$executeRecursively$8(NodeTestTask.java:146)
	at org.junit.platform.engine.support.hierarchical.Node.around(Node.java:137)
	at org.junit.platform.engine.support.hierarchical.NodeTestTask.lambda$executeRecursively$9(NodeTestTask.java:144)
	at org.junit.platform.engine.support.hierarchical.ThrowableCollector.execute(ThrowableCollector.java:73)
	at org.junit.platform.engine.support.hierarchical.NodeTestTask.executeRecursively(NodeTestTask.java:143)
	at org.junit.platform.engine.support.hierarchical.NodeTestTask.execute(NodeTestTask.java:100)
	at org.junit.platform.engine.support.hierarchical.SameThreadHierarchicalTestExecutorService.submit(SameThreadHierarchicalTestExecutorService.java:35)
	at org.junit.platform.engine.support.hierarchical.HierarchicalTestExecutor.execute(HierarchicalTestExecutor.java:57)
	at org.junit.platform.engine.support.hierarchical.HierarchicalTestEngine.execute(HierarchicalTestEngine.java:54)
	at org.junit.platform.launcher.core.EngineExecutionOrchestrator.execute(EngineExecutionOrchestrator.java:198)
	at org.junit.platform.launcher.core.EngineExecutionOrchestrator.execute(EngineExecutionOrchestrator.java:169)
	at org.junit.platform.launcher.core.EngineExecutionOrchestrator.execute(EngineExecutionOrchestrator.java:93)
	at org.junit.platform.launcher.core.EngineExecutionOrchestrator.lambda$execute$0(EngineExecutionOrchestrator.java:58)
	at org.junit.platform.launcher.core.EngineExecutionOrchestrator.withInterceptedStreams(EngineExecutionOrchestrator.java:141)
	at org.junit.platform.launcher.core.EngineExecutionOrchestrator.execute(EngineExecutionOrchestrator.java:57)
	at org.junit.platform.launcher.core.DefaultLauncher.execute(DefaultLauncher.java:103)
	at org.junit.platform.launcher.core.DefaultLauncher.execute(DefaultLauncher.java:85)
	at org.junit.platform.launcher.core.DelegatingLauncher.execute(DelegatingLauncher.java:47)
	at org.junit.platform.launcher.core.SessionPerRequestLauncher.execute(SessionPerRequestLauncher.java:63)
	at com.intellij.junit5.JUnit5IdeaTestRunner.startRunnerWithArgs(JUnit5IdeaTestRunner.java:57)
	at com.intellij.rt.junit.IdeaTestRunner$Repeater$1.execute(IdeaTestRunner.java:38)
	at com.intellij.rt.execution.junit.TestsRepeater.repeat(TestsRepeater.java:11)
	at com.intellij.rt.junit.IdeaTestRunner$Repeater.startRunnerWithArgs(IdeaTestRunner.java:35)
	at com.intellij.rt.junit.JUnitStarter.prepareStreamsAndStart(JUnitStarter.java:232)
	at com.intellij.rt.junit.JUnitStarter.main(JUnitStarter.java:55)
2025-08-25 21:23:52 WARN  [main] o.s.test.context.TestContextManager - Caught exception while allowing TestExecutionListener [org.springframework.test.context.support.DependencyInjectionTestExecutionListener] to prepare test instance [DatabaseTest@56ed9270]
java.lang.IllegalStateException: ApplicationContext failure threshold (1) exceeded: skipping repeated attempt to load context for [MergedContextConfiguration@49a46f29 testClass = DatabaseTest, locations = [], classes = [ru.bmstu.iu7.impl.SpringQuestionnaireRepository, ru.bmstu.iu7.impl.SpringExtendedAnswerRepository, ru.bmstu.iu7.impl.SpringInformationRepository, ru.bmstu.iu7.impl.SpringQuestionRepository, ru.bmstu.iu7.impl.SpringReqCacheRepository, ru.bmstu.iu7.impl.SpringTagRepository, ru.bmstu.iu7.impl.SpringUserRepository, ru.bmstu.iu7.impl.SpringVariantAnswerRepository], contextInitializerClasses = [], activeProfiles = [], propertySourceDescriptors = [], propertySourceProperties = ["org.springframework.boot.test.context.SpringBootTestContextBootstrapper=true", "spring.main.web-application-type=none"], contextCustomizers = [org.springframework.boot.test.autoconfigure.OnFailureConditionReportContextCustomizerFactory$OnFailureConditionReportContextCustomizer@16eb3ea3, org.springframework.boot.test.autoconfigure.actuate.observability.ObservabilityContextCustomizerFactory$DisableObservabilityContextCustomizer@1f, org.springframework.boot.test.autoconfigure.properties.PropertyMappingContextCustomizer@1eb2903d, org.springframework.boot.test.autoconfigure.web.servlet.WebDriverContextCustomizer@247310d0, [ImportsContextCustomizer@7356ec91 key = [@org.springframework.boot.test.autoconfigure.data.jdbc.AutoConfigureDataJdbc(), @org.springframework.boot.test.autoconfigure.properties.PropertyMapping(skip=NO, value="spring.test.database"), @jakarta.transaction.Transactional(value=REQUIRED, dontRollbackOn={}, rollbackOn={}), @org.springframework.context.annotation.Import(value={org.springframework.boot.autoconfigure.ImportAutoConfigurationImportSelector.class}), @org.apiguardian.api.API(consumers={"*"}, since="5.0", status=STABLE), @org.springframework.boot.test.autoconfigure.jdbc.AutoConfigureTestDatabase(replace=NONE, connection=NONE), @org.springframework.test.context.TestExecutionListeners(inheritListeners=true, listeners={org.springframework.test.context.support.DependencyInjectionTestExecutionListener.class, com.github.springtestdbunit.DbUnitTestExecutionListener.class}, mergeMode=REPLACE_DEFAULTS, value={org.springframework.test.context.support.DependencyInjectionTestExecutionListener.class, com.github.springtestdbunit.DbUnitTestExecutionListener.class}), @org.springframework.boot.test.context.SpringBootTest(args={}, classes={}, properties={}, useMainMethod=NEVER, value={}, webEnvironment=NONE), @org.springframework.context.annotation.Import(value={org.springframework.data.jdbc.repository.config.JdbcRepositoriesRegistrar.class}), @org.springframework.boot.autoconfigure.ImportAutoConfiguration(classes={}, exclude={}, value={}), @org.springframework.test.context.ContextConfiguration(classes={ru.bmstu.iu7.impl.SpringQuestionnaireRepository.class, ru.bmstu.iu7.impl.SpringExtendedAnswerRepository.class, ru.bmstu.iu7.impl.SpringInformationRepository.class, ru.bmstu.iu7.impl.SpringQuestionRepository.class, ru.bmstu.iu7.impl.SpringReqCacheRepository.class, ru.bmstu.iu7.impl.SpringTagRepository.class, ru.bmstu.iu7.impl.SpringUserRepository.class, ru.bmstu.iu7.impl.SpringVariantAnswerRepository.class}, inheritInitializers=true, inheritLocations=true, initializers={}, loader=org.springframework.test.context.ContextLoader.class, locations={}, name="", value={}), @org.springframework.data.jdbc.repository.config.EnableJdbcRepositories(basePackageClasses={}, basePackages={"ru.bmstu.iu7"}, considerNestedRepositories=false, dataAccessStrategyRef="", excludeFilters={}, includeFilters={}, jdbcOperationsRef="", nameGenerator=org.springframework.beans.factory.support.BeanNameGenerator.class, namedQueriesLocation="", queryLookupStrategy=CREATE_IF_NOT_FOUND, repositoryBaseClass=org.springframework.data.repository.config.DefaultRepositoryBaseClass.class, repositoryFactoryBeanClass=org.springframework.data.jdbc.repository.support.JdbcRepositoryFactoryBean.class, repositoryImplementationPostfix="Impl", transactionManagerRef="transactionManager", value={}), @org.springframework.context.annotation.ComponentScan(basePackageClasses={}, basePackages={"ru.bmstu.iu7"}, excludeFilters={}, includeFilters={}, lazyInit=false, nameGenerator=org.springframework.beans.factory.support.BeanNameGenerator.class, resourcePattern="**/*.class", scopeResolver=org.springframework.context.annotation.AnnotationScopeMetadataResolver.class, scopedProxy=DEFAULT, useDefaultFilters=true, value={"ru.bmstu.iu7"}), @org.springframework.test.context.BootstrapWith(value=org.springframework.boot.test.context.SpringBootTestContextBootstrapper.class)]], org.springframework.boot.test.context.filter.ExcludeFilterContextCustomizer@c430e6c, org.springframework.boot.test.json.DuplicateJsonObjectContextCustomizerFactory$DuplicateJsonObjectContextCustomizer@70cf32e3, org.springframework.boot.test.mock.mockito.MockitoContextCustomizer@0, org.springframework.boot.test.web.client.TestRestTemplateContextCustomizer@239a307b, org.springframework.boot.test.web.reactor.netty.DisableReactorResourceFactoryGlobalResourcesContextCustomizerFactory$DisableReactorResourceFactoryGlobalResourcesContextCustomizerCustomizer@194fad1, org.springframework.test.context.support.DynamicPropertiesContextCustomizer@0, org.springframework.boot.test.context.SpringBootTestAnnotation@d272ae43], contextLoader = org.springframework.boot.test.context.SpringBootContextLoader, parent = null]
	at org.springframework.test.context.cache.DefaultCacheAwareContextLoaderDelegate.loadContext(DefaultCacheAwareContextLoaderDelegate.java:145)
	at org.springframework.test.context.support.DefaultTestContext.getApplicationContext(DefaultTestContext.java:130)
	at org.springframework.test.context.support.DependencyInjectionTestExecutionListener.injectDependencies(DependencyInjectionTestExecutionListener.java:155)
	at org.springframework.test.context.support.DependencyInjectionTestExecutionListener.prepareTestInstance(DependencyInjectionTestExecutionListener.java:111)
	at org.springframework.test.context.TestContextManager.prepareTestInstance(TestContextManager.java:260)
	at org.springframework.test.context.junit.jupiter.SpringExtension.postProcessTestInstance(SpringExtension.java:159)
	at org.junit.jupiter.engine.descriptor.ClassBasedTestDescriptor.lambda$invokeTestInstancePostProcessors$11(ClassBasedTestDescriptor.java:378)
	at org.junit.jupiter.engine.descriptor.ClassBasedTestDescriptor.executeAndMaskThrowable(ClassBasedTestDescriptor.java:383)
	at org.junit.jupiter.engine.descriptor.ClassBasedTestDescriptor.lambda$invokeTestInstancePostProcessors$12(ClassBasedTestDescriptor.java:378)
	at java.base/java.util.stream.ForEachOps$ForEachOp$OfRef.accept(ForEachOps.java:184)
	at java.base/java.util.stream.ReferencePipeline$3$1.accept(ReferencePipeline.java:215)
	at java.base/java.util.stream.ReferencePipeline$2$1.accept(ReferencePipeline.java:197)
	at java.base/java.util.stream.ReferencePipeline$3$1.accept(ReferencePipeline.java:215)
	at java.base/java.util.ArrayList$ArrayListSpliterator.forEachRemaining(ArrayList.java:1709)
	at java.base/java.util.stream.AbstractPipeline.copyInto(AbstractPipeline.java:570)
	at java.base/java.util.stream.AbstractPipeline.wrapAndCopyInto(AbstractPipeline.java:560)
	at java.base/java.util.stream.ForEachOps$ForEachOp.evaluateSequential(ForEachOps.java:151)
	at java.base/java.util.stream.ForEachOps$ForEachOp$OfRef.evaluateSequential(ForEachOps.java:174)
	at java.base/java.util.stream.AbstractPipeline.evaluate(AbstractPipeline.java:265)
	at java.base/java.util.stream.ReferencePipeline.forEach(ReferencePipeline.java:636)
	at org.junit.jupiter.engine.descriptor.ClassBasedTestDescriptor.invokeTestInstancePostProcessors(ClassBasedTestDescriptor.java:377)
	at org.junit.jupiter.engine.descriptor.ClassBasedTestDescriptor.lambda$instantiateAndPostProcessTestInstance$7(ClassBasedTestDescriptor.java:290)
	at org.junit.platform.engine.support.hierarchical.ThrowableCollector.execute(ThrowableCollector.java:73)
	at org.junit.jupiter.engine.descriptor.ClassBasedTestDescriptor.instantiateAndPostProcessTestInstance(ClassBasedTestDescriptor.java:289)
	at org.junit.jupiter.engine.descriptor.ClassBasedTestDescriptor.lambda$testInstancesProvider$5(ClassBasedTestDescriptor.java:279)
	at java.base/java.util.Optional.orElseGet(Optional.java:364)
	at org.junit.jupiter.engine.descriptor.ClassBasedTestDescriptor.lambda$testInstancesProvider$6(ClassBasedTestDescriptor.java:278)
	at org.junit.jupiter.engine.execution.TestInstancesProvider.getTestInstances(TestInstancesProvider.java:31)
	at org.junit.jupiter.engine.descriptor.TestMethodTestDescriptor.lambda$prepare$1(TestMethodTestDescriptor.java:105)
	at org.junit.platform.engine.support.hierarchical.ThrowableCollector.execute(ThrowableCollector.java:73)
	at org.junit.jupiter.engine.descriptor.TestMethodTestDescriptor.prepare(TestMethodTestDescriptor.java:104)
	at org.junit.jupiter.engine.descriptor.TestMethodTestDescriptor.prepare(TestMethodTestDescriptor.java:68)
	at org.junit.platform.engine.support.hierarchical.NodeTestTask.lambda$prepare$2(NodeTestTask.java:128)
	at org.junit.platform.engine.support.hierarchical.ThrowableCollector.execute(ThrowableCollector.java:73)
	at org.junit.platform.engine.support.hierarchical.NodeTestTask.prepare(NodeTestTask.java:128)
	at org.junit.platform.engine.support.hierarchical.NodeTestTask.execute(NodeTestTask.java:95)
	at java.base/java.util.ArrayList.forEach(ArrayList.java:1597)
	at org.junit.platform.engine.support.hierarchical.SameThreadHierarchicalTestExecutorService.invokeAll(SameThreadHierarchicalTestExecutorService.java:41)
	at org.junit.platform.engine.support.hierarchical.NodeTestTask.lambda$executeRecursively$6(NodeTestTask.java:160)
	at org.junit.platform.engine.support.hierarchical.ThrowableCollector.execute(ThrowableCollector.java:73)
	at org.junit.platform.engine.support.hierarchical.NodeTestTask.lambda$executeRecursively$8(NodeTestTask.java:146)
	at org.junit.platform.engine.support.hierarchical.Node.around(Node.java:137)
	at org.junit.platform.engine.support.hierarchical.NodeTestTask.lambda$executeRecursively$9(NodeTestTask.java:144)
	at org.junit.platform.engine.support.hierarchical.ThrowableCollector.execute(ThrowableCollector.java:73)
	at org.junit.platform.engine.support.hierarchical.NodeTestTask.executeRecursively(NodeTestTask.java:143)
	at org.junit.platform.engine.support.hierarchical.NodeTestTask.execute(NodeTestTask.java:100)
	at java.base/java.util.ArrayList.forEach(ArrayList.java:1597)
	at org.junit.platform.engine.support.hierarchical.SameThreadHierarchicalTestExecutorService.invokeAll(SameThreadHierarchicalTestExecutorService.java:41)
	at org.junit.platform.engine.support.hierarchical.NodeTestTask.lambda$executeRecursively$6(NodeTestTask.java:160)
	at org.junit.platform.engine.support.hierarchical.ThrowableCollector.execute(ThrowableCollector.java:73)
	at org.junit.platform.engine.support.hierarchical.NodeTestTask.lambda$executeRecursively$8(NodeTestTask.java:146)
	at org.junit.platform.engine.support.hierarchical.Node.around(Node.java:137)
	at org.junit.platform.engine.support.hierarchical.NodeTestTask.lambda$executeRecursively$9(NodeTestTask.java:144)
	at org.junit.platform.engine.support.hierarchical.ThrowableCollector.execute(ThrowableCollector.java:73)
	at org.junit.platform.engine.support.hierarchical.NodeTestTask.executeRecursively(NodeTestTask.java:143)
	at org.junit.platform.engine.support.hierarchical.NodeTestTask.execute(NodeTestTask.java:100)
	at org.junit.platform.engine.support.hierarchical.SameThreadHierarchicalTestExecutorService.submit(SameThreadHierarchicalTestExecutorService.java:35)
	at org.junit.platform.engine.support.hierarchical.HierarchicalTestExecutor.execute(HierarchicalTestExecutor.java:57)
	at org.junit.platform.engine.support.hierarchical.HierarchicalTestEngine.execute(HierarchicalTestEngine.java:54)
	at org.junit.platform.launcher.core.EngineExecutionOrchestrator.execute(EngineExecutionOrchestrator.java:198)
	at org.junit.platform.launcher.core.EngineExecutionOrchestrator.execute(EngineExecutionOrchestrator.java:169)
	at org.junit.platform.launcher.core.EngineExecutionOrchestrator.execute(EngineExecutionOrchestrator.java:93)
	at org.junit.platform.launcher.core.EngineExecutionOrchestrator.lambda$execute$0(EngineExecutionOrchestrator.java:58)
	at org.junit.platform.launcher.core.EngineExecutionOrchestrator.withInterceptedStreams(EngineExecutionOrchestrator.java:141)
	at org.junit.platform.launcher.core.EngineExecutionOrchestrator.execute(EngineExecutionOrchestrator.java:57)
	at org.junit.platform.launcher.core.DefaultLauncher.execute(DefaultLauncher.java:103)
	at org.junit.platform.launcher.core.DefaultLauncher.execute(DefaultLauncher.java:85)
	at org.junit.platform.launcher.core.DelegatingLauncher.execute(DelegatingLauncher.java:47)
	at org.junit.platform.launcher.core.SessionPerRequestLauncher.execute(SessionPerRequestLauncher.java:63)
	at com.intellij.junit5.JUnit5IdeaTestRunner.startRunnerWithArgs(JUnit5IdeaTestRunner.java:57)
	at com.intellij.rt.junit.IdeaTestRunner$Repeater$1.execute(IdeaTestRunner.java:38)
	at com.intellij.rt.execution.junit.TestsRepeater.repeat(TestsRepeater.java:11)
	at com.intellij.rt.junit.IdeaTestRunner$Repeater.startRunnerWithArgs(IdeaTestRunner.java:35)
	at com.intellij.rt.junit.JUnitStarter.prepareStreamsAndStart(JUnitStarter.java:232)
	at com.intellij.rt.junit.JUnitStarter.main(JUnitStarter.java:55)
2025-08-25 21:23:52 WARN  [main] o.s.test.context.TestContextManager - Caught exception while allowing TestExecutionListener [org.springframework.test.context.support.DependencyInjectionTestExecutionListener] to prepare test instance [DatabaseTest@6affa355]
java.lang.IllegalStateException: ApplicationContext failure threshold (1) exceeded: skipping repeated attempt to load context for [MergedContextConfiguration@49a46f29 testClass = DatabaseTest, locations = [], classes = [ru.bmstu.iu7.impl.SpringQuestionnaireRepository, ru.bmstu.iu7.impl.SpringExtendedAnswerRepository, ru.bmstu.iu7.impl.SpringInformationRepository, ru.bmstu.iu7.impl.SpringQuestionRepository, ru.bmstu.iu7.impl.SpringReqCacheRepository, ru.bmstu.iu7.impl.SpringTagRepository, ru.bmstu.iu7.impl.SpringUserRepository, ru.bmstu.iu7.impl.SpringVariantAnswerRepository], contextInitializerClasses = [], activeProfiles = [], propertySourceDescriptors = [], propertySourceProperties = ["org.springframework.boot.test.context.SpringBootTestContextBootstrapper=true", "spring.main.web-application-type=none"], contextCustomizers = [org.springframework.boot.test.autoconfigure.OnFailureConditionReportContextCustomizerFactory$OnFailureConditionReportContextCustomizer@16eb3ea3, org.springframework.boot.test.autoconfigure.actuate.observability.ObservabilityContextCustomizerFactory$DisableObservabilityContextCustomizer@1f, org.springframework.boot.test.autoconfigure.properties.PropertyMappingContextCustomizer@1eb2903d, org.springframework.boot.test.autoconfigure.web.servlet.WebDriverContextCustomizer@247310d0, [ImportsContextCustomizer@7356ec91 key = [@org.springframework.boot.test.autoconfigure.data.jdbc.AutoConfigureDataJdbc(), @org.springframework.boot.test.autoconfigure.properties.PropertyMapping(skip=NO, value="spring.test.database"), @jakarta.transaction.Transactional(value=REQUIRED, dontRollbackOn={}, rollbackOn={}), @org.springframework.context.annotation.Import(value={org.springframework.boot.autoconfigure.ImportAutoConfigurationImportSelector.class}), @org.apiguardian.api.API(consumers={"*"}, since="5.0", status=STABLE), @org.springframework.boot.test.autoconfigure.jdbc.AutoConfigureTestDatabase(replace=NONE, connection=NONE), @org.springframework.test.context.TestExecutionListeners(inheritListeners=true, listeners={org.springframework.test.context.support.DependencyInjectionTestExecutionListener.class, com.github.springtestdbunit.DbUnitTestExecutionListener.class}, mergeMode=REPLACE_DEFAULTS, value={org.springframework.test.context.support.DependencyInjectionTestExecutionListener.class, com.github.springtestdbunit.DbUnitTestExecutionListener.class}), @org.springframework.boot.test.context.SpringBootTest(args={}, classes={}, properties={}, useMainMethod=NEVER, value={}, webEnvironment=NONE), @org.springframework.context.annotation.Import(value={org.springframework.data.jdbc.repository.config.JdbcRepositoriesRegistrar.class}), @org.springframework.boot.autoconfigure.ImportAutoConfiguration(classes={}, exclude={}, value={}), @org.springframework.test.context.ContextConfiguration(classes={ru.bmstu.iu7.impl.SpringQuestionnaireRepository.class, ru.bmstu.iu7.impl.SpringExtendedAnswerRepository.class, ru.bmstu.iu7.impl.SpringInformationRepository.class, ru.bmstu.iu7.impl.SpringQuestionRepository.class, ru.bmstu.iu7.impl.SpringReqCacheRepository.class, ru.bmstu.iu7.impl.SpringTagRepository.class, ru.bmstu.iu7.impl.SpringUserRepository.class, ru.bmstu.iu7.impl.SpringVariantAnswerRepository.class}, inheritInitializers=true, inheritLocations=true, initializers={}, loader=org.springframework.test.context.ContextLoader.class, locations={}, name="", value={}), @org.springframework.data.jdbc.repository.config.EnableJdbcRepositories(basePackageClasses={}, basePackages={"ru.bmstu.iu7"}, considerNestedRepositories=false, dataAccessStrategyRef="", excludeFilters={}, includeFilters={}, jdbcOperationsRef="", nameGenerator=org.springframework.beans.factory.support.BeanNameGenerator.class, namedQueriesLocation="", queryLookupStrategy=CREATE_IF_NOT_FOUND, repositoryBaseClass=org.springframework.data.repository.config.DefaultRepositoryBaseClass.class, repositoryFactoryBeanClass=org.springframework.data.jdbc.repository.support.JdbcRepositoryFactoryBean.class, repositoryImplementationPostfix="Impl", transactionManagerRef="transactionManager", value={}), @org.springframework.context.annotation.ComponentScan(basePackageClasses={}, basePackages={"ru.bmstu.iu7"}, excludeFilters={}, includeFilters={}, lazyInit=false, nameGenerator=org.springframework.beans.factory.support.BeanNameGenerator.class, resourcePattern="**/*.class", scopeResolver=org.springframework.context.annotation.AnnotationScopeMetadataResolver.class, scopedProxy=DEFAULT, useDefaultFilters=true, value={"ru.bmstu.iu7"}), @org.springframework.test.context.BootstrapWith(value=org.springframework.boot.test.context.SpringBootTestContextBootstrapper.class)]], org.springframework.boot.test.context.filter.ExcludeFilterContextCustomizer@c430e6c, org.springframework.boot.test.json.DuplicateJsonObjectContextCustomizerFactory$DuplicateJsonObjectContextCustomizer@70cf32e3, org.springframework.boot.test.mock.mockito.MockitoContextCustomizer@0, org.springframework.boot.test.web.client.TestRestTemplateContextCustomizer@239a307b, org.springframework.boot.test.web.reactor.netty.DisableReactorResourceFactoryGlobalResourcesContextCustomizerFactory$DisableReactorResourceFactoryGlobalResourcesContextCustomizerCustomizer@194fad1, org.springframework.test.context.support.DynamicPropertiesContextCustomizer@0, org.springframework.boot.test.context.SpringBootTestAnnotation@d272ae43], contextLoader = org.springframework.boot.test.context.SpringBootContextLoader, parent = null]
	at org.springframework.test.context.cache.DefaultCacheAwareContextLoaderDelegate.loadContext(DefaultCacheAwareContextLoaderDelegate.java:145)
	at org.springframework.test.context.support.DefaultTestContext.getApplicationContext(DefaultTestContext.java:130)
	at org.springframework.test.context.support.DependencyInjectionTestExecutionListener.injectDependencies(DependencyInjectionTestExecutionListener.java:155)
	at org.springframework.test.context.support.DependencyInjectionTestExecutionListener.prepareTestInstance(DependencyInjectionTestExecutionListener.java:111)
	at org.springframework.test.context.TestContextManager.prepareTestInstance(TestContextManager.java:260)
	at org.springframework.test.context.junit.jupiter.SpringExtension.postProcessTestInstance(SpringExtension.java:159)
	at org.junit.jupiter.engine.descriptor.ClassBasedTestDescriptor.lambda$invokeTestInstancePostProcessors$11(ClassBasedTestDescriptor.java:378)
	at org.junit.jupiter.engine.descriptor.ClassBasedTestDescriptor.executeAndMaskThrowable(ClassBasedTestDescriptor.java:383)
	at org.junit.jupiter.engine.descriptor.ClassBasedTestDescriptor.lambda$invokeTestInstancePostProcessors$12(ClassBasedTestDescriptor.java:378)
	at java.base/java.util.stream.ForEachOps$ForEachOp$OfRef.accept(ForEachOps.java:184)
	at java.base/java.util.stream.ReferencePipeline$3$1.accept(ReferencePipeline.java:215)
	at java.base/java.util.stream.ReferencePipeline$2$1.accept(ReferencePipeline.java:197)
	at java.base/java.util.stream.ReferencePipeline$3$1.accept(ReferencePipeline.java:215)
	at java.base/java.util.ArrayList$ArrayListSpliterator.forEachRemaining(ArrayList.java:1709)
	at java.base/java.util.stream.AbstractPipeline.copyInto(AbstractPipeline.java:570)
	at java.base/java.util.stream.AbstractPipeline.wrapAndCopyInto(AbstractPipeline.java:560)
	at java.base/java.util.stream.ForEachOps$ForEachOp.evaluateSequential(ForEachOps.java:151)
	at java.base/java.util.stream.ForEachOps$ForEachOp$OfRef.evaluateSequential(ForEachOps.java:174)
	at java.base/java.util.stream.AbstractPipeline.evaluate(AbstractPipeline.java:265)
	at java.base/java.util.stream.ReferencePipeline.forEach(ReferencePipeline.java:636)
	at org.junit.jupiter.engine.descriptor.ClassBasedTestDescriptor.invokeTestInstancePostProcessors(ClassBasedTestDescriptor.java:377)
	at org.junit.jupiter.engine.descriptor.ClassBasedTestDescriptor.lambda$instantiateAndPostProcessTestInstance$7(ClassBasedTestDescriptor.java:290)
	at org.junit.platform.engine.support.hierarchical.ThrowableCollector.execute(ThrowableCollector.java:73)
	at org.junit.jupiter.engine.descriptor.ClassBasedTestDescriptor.instantiateAndPostProcessTestInstance(ClassBasedTestDescriptor.java:289)
	at org.junit.jupiter.engine.descriptor.ClassBasedTestDescriptor.lambda$testInstancesProvider$5(ClassBasedTestDescriptor.java:279)
	at java.base/java.util.Optional.orElseGet(Optional.java:364)
	at org.junit.jupiter.engine.descriptor.ClassBasedTestDescriptor.lambda$testInstancesProvider$6(ClassBasedTestDescriptor.java:278)
	at org.junit.jupiter.engine.execution.TestInstancesProvider.getTestInstances(TestInstancesProvider.java:31)
	at org.junit.jupiter.engine.descriptor.TestMethodTestDescriptor.lambda$prepare$1(TestMethodTestDescriptor.java:105)
	at org.junit.platform.engine.support.hierarchical.ThrowableCollector.execute(ThrowableCollector.java:73)
	at org.junit.jupiter.engine.descriptor.TestMethodTestDescriptor.prepare(TestMethodTestDescriptor.java:104)
	at org.junit.jupiter.engine.descriptor.TestMethodTestDescriptor.prepare(TestMethodTestDescriptor.java:68)
	at org.junit.platform.engine.support.hierarchical.NodeTestTask.lambda$prepare$2(NodeTestTask.java:128)
	at org.junit.platform.engine.support.hierarchical.ThrowableCollector.execute(ThrowableCollector.java:73)
	at org.junit.platform.engine.support.hierarchical.NodeTestTask.prepare(NodeTestTask.java:128)
	at org.junit.platform.engine.support.hierarchical.NodeTestTask.execute(NodeTestTask.java:95)
	at java.base/java.util.ArrayList.forEach(ArrayList.java:1597)
	at org.junit.platform.engine.support.hierarchical.SameThreadHierarchicalTestExecutorService.invokeAll(SameThreadHierarchicalTestExecutorService.java:41)
	at org.junit.platform.engine.support.hierarchical.NodeTestTask.lambda$executeRecursively$6(NodeTestTask.java:160)
	at org.junit.platform.engine.support.hierarchical.ThrowableCollector.execute(ThrowableCollector.java:73)
	at org.junit.platform.engine.support.hierarchical.NodeTestTask.lambda$executeRecursively$8(NodeTestTask.java:146)
	at org.junit.platform.engine.support.hierarchical.Node.around(Node.java:137)
	at org.junit.platform.engine.support.hierarchical.NodeTestTask.lambda$executeRecursively$9(NodeTestTask.java:144)
	at org.junit.platform.engine.support.hierarchical.ThrowableCollector.execute(ThrowableCollector.java:73)
	at org.junit.platform.engine.support.hierarchical.NodeTestTask.executeRecursively(NodeTestTask.java:143)
	at org.junit.platform.engine.support.hierarchical.NodeTestTask.execute(NodeTestTask.java:100)
	at java.base/java.util.ArrayList.forEach(ArrayList.java:1597)
	at org.junit.platform.engine.support.hierarchical.SameThreadHierarchicalTestExecutorService.invokeAll(SameThreadHierarchicalTestExecutorService.java:41)
	at org.junit.platform.engine.support.hierarchical.NodeTestTask.lambda$executeRecursively$6(NodeTestTask.java:160)
	at org.junit.platform.engine.support.hierarchical.ThrowableCollector.execute(ThrowableCollector.java:73)
	at org.junit.platform.engine.support.hierarchical.NodeTestTask.lambda$executeRecursively$8(NodeTestTask.java:146)
	at org.junit.platform.engine.support.hierarchical.Node.around(Node.java:137)
	at org.junit.platform.engine.support.hierarchical.NodeTestTask.lambda$executeRecursively$9(NodeTestTask.java:144)
	at org.junit.platform.engine.support.hierarchical.ThrowableCollector.execute(ThrowableCollector.java:73)
	at org.junit.platform.engine.support.hierarchical.NodeTestTask.executeRecursively(NodeTestTask.java:143)
	at org.junit.platform.engine.support.hierarchical.NodeTestTask.execute(NodeTestTask.java:100)
	at org.junit.platform.engine.support.hierarchical.SameThreadHierarchicalTestExecutorService.submit(SameThreadHierarchicalTestExecutorService.java:35)
	at org.junit.platform.engine.support.hierarchical.HierarchicalTestExecutor.execute(HierarchicalTestExecutor.java:57)
	at org.junit.platform.engine.support.hierarchical.HierarchicalTestEngine.execute(HierarchicalTestEngine.java:54)
	at org.junit.platform.launcher.core.EngineExecutionOrchestrator.execute(EngineExecutionOrchestrator.java:198)
	at org.junit.platform.launcher.core.EngineExecutionOrchestrator.execute(EngineExecutionOrchestrator.java:169)
	at org.junit.platform.launcher.core.EngineExecutionOrchestrator.execute(EngineExecutionOrchestrator.java:93)
	at org.junit.platform.launcher.core.EngineExecutionOrchestrator.lambda$execute$0(EngineExecutionOrchestrator.java:58)
	at org.junit.platform.launcher.core.EngineExecutionOrchestrator.withInterceptedStreams(EngineExecutionOrchestrator.java:141)
	at org.junit.platform.launcher.core.EngineExecutionOrchestrator.execute(EngineExecutionOrchestrator.java:57)
	at org.junit.platform.launcher.core.DefaultLauncher.execute(DefaultLauncher.java:103)
	at org.junit.platform.launcher.core.DefaultLauncher.execute(DefaultLauncher.java:85)
	at org.junit.platform.launcher.core.DelegatingLauncher.execute(DelegatingLauncher.java:47)
	at org.junit.platform.launcher.core.SessionPerRequestLauncher.execute(SessionPerRequestLauncher.java:63)
	at com.intellij.junit5.JUnit5IdeaTestRunner.startRunnerWithArgs(JUnit5IdeaTestRunner.java:57)
	at com.intellij.rt.junit.IdeaTestRunner$Repeater$1.execute(IdeaTestRunner.java:38)
	at com.intellij.rt.execution.junit.TestsRepeater.repeat(TestsRepeater.java:11)
	at com.intellij.rt.junit.IdeaTestRunner$Repeater.startRunnerWithArgs(IdeaTestRunner.java:35)
	at com.intellij.rt.junit.JUnitStarter.prepareStreamsAndStart(JUnitStarter.java:232)
	at com.intellij.rt.junit.JUnitStarter.main(JUnitStarter.java:55)
2025-08-25 21:29:16 INFO  [main] DatabaseTest - Starting DatabaseTest using Java 23.0.1 with PID 6308 (started by sidya in D:\Projects\PPO_f\PPO_f\app_cli)
2025-08-25 21:29:16 INFO  [main] DatabaseTest - No active profile set, falling back to 1 default profile: "default"
2025-08-25 21:29:17 INFO  [main] o.s.d.r.c.RepositoryConfigurationDelegate - Multiple Spring Data modules found, entering strict repository configuration mode
2025-08-25 21:29:17 INFO  [main] o.s.d.r.c.RepositoryConfigurationDelegate - Bootstrapping Spring Data JDBC repositories in DEFAULT mode.
2025-08-25 21:29:17 INFO  [main] o.s.d.r.c.RepositoryConfigurationExtensionSupport - Spring Data JDBC - Could not safely identify store assignment for repository candidate interface ru.bmstu.iu7.impl.SpringExtendedAnswerRepository; If you want this repository to be a JDBC repository, consider annotating your entities with one of these annotations: org.springframework.data.relational.core.mapping.Table.
2025-08-25 21:29:17 INFO  [main] o.s.d.r.c.RepositoryConfigurationExtensionSupport - Spring Data JDBC - Could not safely identify store assignment for repository candidate interface ru.bmstu.iu7.impl.SpringInformationRepository; If you want this repository to be a JDBC repository, consider annotating your entities with one of these annotations: org.springframework.data.relational.core.mapping.Table.
2025-08-25 21:29:17 INFO  [main] o.s.d.r.c.RepositoryConfigurationExtensionSupport - Spring Data JDBC - Could not safely identify store assignment for repository candidate interface ru.bmstu.iu7.impl.SpringQuestionnaireRepository; If you want this repository to be a JDBC repository, consider annotating your entities with one of these annotations: org.springframework.data.relational.core.mapping.Table.
2025-08-25 21:29:17 INFO  [main] o.s.d.r.c.RepositoryConfigurationExtensionSupport - Spring Data JDBC - Could not safely identify store assignment for repository candidate interface ru.bmstu.iu7.impl.SpringQuestionRepository; If you want this repository to be a JDBC repository, consider annotating your entities with one of these annotations: org.springframework.data.relational.core.mapping.Table.
2025-08-25 21:29:17 INFO  [main] o.s.d.r.c.RepositoryConfigurationExtensionSupport - Spring Data JDBC - Could not safely identify store assignment for repository candidate interface ru.bmstu.iu7.impl.SpringReqCacheRepository; If you want this repository to be a JDBC repository, consider annotating your entities with one of these annotations: org.springframework.data.relational.core.mapping.Table.
2025-08-25 21:29:17 INFO  [main] o.s.d.r.c.RepositoryConfigurationExtensionSupport - Spring Data JDBC - Could not safely identify store assignment for repository candidate interface ru.bmstu.iu7.impl.SpringTagRepository; If you want this repository to be a JDBC repository, consider annotating your entities with one of these annotations: org.springframework.data.relational.core.mapping.Table.
2025-08-25 21:29:17 INFO  [main] o.s.d.r.c.RepositoryConfigurationExtensionSupport - Spring Data JDBC - Could not safely identify store assignment for repository candidate interface ru.bmstu.iu7.impl.SpringUserRepository; If you want this repository to be a JDBC repository, consider annotating your entities with one of these annotations: org.springframework.data.relational.core.mapping.Table.
2025-08-25 21:29:17 INFO  [main] o.s.d.r.c.RepositoryConfigurationExtensionSupport - Spring Data JDBC - Could not safely identify store assignment for repository candidate interface ru.bmstu.iu7.impl.SpringVariantAnswerRepository; If you want this repository to be a JDBC repository, consider annotating your entities with one of these annotations: org.springframework.data.relational.core.mapping.Table.
2025-08-25 21:29:17 INFO  [main] o.s.d.r.c.RepositoryConfigurationDelegate - Finished Spring Data repository scanning in 33 ms. Found 0 JDBC repository interfaces.
2025-08-25 21:29:17 INFO  [main] o.s.d.r.c.RepositoryConfigurationDelegate - Multiple Spring Data modules found, entering strict repository configuration mode
2025-08-25 21:29:17 INFO  [main] o.s.d.r.c.RepositoryConfigurationDelegate - Bootstrapping Spring Data JPA repositories in DEFAULT mode.
2025-08-25 21:29:17 INFO  [main] o.s.d.r.c.RepositoryConfigurationDelegate - Finished Spring Data repository scanning in 47 ms. Found 8 JPA repository interfaces.
2025-08-25 21:29:18 INFO  [main] com.zaxxer.hikari.HikariDataSource - HikariPool-1 - Starting...
2025-08-25 21:29:18 INFO  [main] o.testcontainers.images.PullPolicy - Image pull policy will be performed by: DefaultPullPolicy()
2025-08-25 21:29:18 INFO  [main] o.t.utility.ImageNameSubstitutor - Image name substitution will be performed by: DefaultImageNameSubstitutor (composite of 'ConfigurationFileImageNameSubstitutor' and 'PrefixingImageNameSubstitutor')
2025-08-25 21:29:18 INFO  [main] o.testcontainers.DockerClientFactory - Testcontainers version: 1.20.6
2025-08-25 21:29:18 INFO  [main] o.t.d.DockerClientProviderStrategy - Loaded org.testcontainers.dockerclient.NpipeSocketClientProviderStrategy from ~/.testcontainers.properties, will try it first
2025-08-25 21:29:19 INFO  [main] o.t.d.DockerClientProviderStrategy - Found Docker environment with local Npipe socket (npipe:////./pipe/docker_engine)
2025-08-25 21:29:19 INFO  [main] o.testcontainers.DockerClientFactory - Docker host IP address is localhost
2025-08-25 21:29:19 INFO  [main] o.testcontainers.DockerClientFactory - Connected to docker: 
  Server Version: 28.0.4
  API Version: 1.48
  Operating System: Docker Desktop
  Total Memory: 7806 MB
  Labels: 
    com.docker.desktop.address=npipe://\\.\pipe\docker_cli
2025-08-25 21:29:19 INFO  [main] tc.testcontainers/ryuk:0.11.0 - Creating container for image: testcontainers/ryuk:0.11.0
2025-08-25 21:29:19 INFO  [main] o.t.utility.RegistryAuthLocator - Credential helper/store (docker-credential-desktop) does not have credentials for https://index.docker.io/v1/
2025-08-25 21:29:19 INFO  [main] tc.testcontainers/ryuk:0.11.0 - Container testcontainers/ryuk:0.11.0 is starting: 722ed0081eee55e2692887bb482764daee3f0c918a956ad1249fbc6543992524
2025-08-25 21:29:19 INFO  [main] tc.testcontainers/ryuk:0.11.0 - Container testcontainers/ryuk:0.11.0 started in PT0.6836252S
2025-08-25 21:29:19 INFO  [main] o.t.utility.RyukResourceReaper - Ryuk started - will monitor and terminate Testcontainers containers on JVM exit
2025-08-25 21:29:19 INFO  [main] o.testcontainers.DockerClientFactory - Checking the system...
2025-08-25 21:29:19 INFO  [main] o.testcontainers.DockerClientFactory - ✔︎ Docker server version should be at least 1.6.0
2025-08-25 21:29:19 INFO  [main] tc.postgres:15 - Creating container for image: postgres:15
2025-08-25 21:29:19 INFO  [main] tc.postgres:15 - Container postgres:15 is starting: 60284a56a0032d9cf77495f5368cc34d648553297f3c8e801f24f653ae769d92
2025-08-25 21:29:22 INFO  [main] tc.postgres:15 - Container postgres:15 started in PT2.437522S
2025-08-25 21:29:22 INFO  [main] tc.postgres:15 - Container is started (JDBC URL: jdbc:postgresql://localhost:9497/test?loggerLevel=OFF)
2025-08-25 21:29:22 INFO  [main] com.zaxxer.hikari.pool.HikariPool - HikariPool-1 - Added connection org.testcontainers.jdbc.ConnectionWrapper@8d29719
2025-08-25 21:29:22 INFO  [main] com.zaxxer.hikari.HikariDataSource - HikariPool-1 - Start completed.
2025-08-25 21:29:22 INFO  [main] liquibase.database - Set default schema name to public
2025-08-25 21:29:23 INFO  [main] liquibase.changelog - Creating database history table with name: public.databasechangelog
2025-08-25 21:29:23 INFO  [main] liquibase.changelog - Reading from public.databasechangelog
2025-08-25 21:29:23 INFO  [main] liquibase.lockservice - Successfully acquired change log lock
2025-08-25 21:29:23 INFO  [main] liquibase.command - Using deploymentId: 6146563382
2025-08-25 21:29:23 INFO  [main] liquibase.changelog - Reading from public.databasechangelog
2025-08-25 21:29:23 INFO  [main] liquibase.ui - Running Changeset: db/changelog/test-1.0.0/object/user.sql::user-1::lena
2025-08-25 21:29:23 INFO  [main] liquibase.changelog - Custom SQL executed
2025-08-25 21:29:23 INFO  [main] liquibase.changelog - ChangeSet db/changelog/test-1.0.0/object/user.sql::user-1::lena ran successfully in 25ms
2025-08-25 21:29:23 INFO  [main] liquibase.ui - Running Changeset: db/changelog/test-1.0.0/object/tags.sql::raw::includeAll
2025-08-25 21:29:23 INFO  [main] liquibase.changelog - Custom SQL executed
2025-08-25 21:29:23 INFO  [main] liquibase.changelog - ChangeSet db/changelog/test-1.0.0/object/tags.sql::raw::includeAll ran successfully in 5ms
2025-08-25 21:29:23 INFO  [main] liquibase.ui - Running Changeset: db/changelog/test-1.0.0/object/question.sql::raw::includeAll
2025-08-25 21:29:23 INFO  [main] liquibase.changelog - Custom SQL executed
2025-08-25 21:29:23 INFO  [main] liquibase.changelog - ChangeSet db/changelog/test-1.0.0/object/question.sql::raw::includeAll ran successfully in 5ms
2025-08-25 21:29:23 INFO  [main] liquibase.ui - Running Changeset: db/changelog/test-1.0.0/object/question_tags.sql::raw::includeAll
2025-08-25 21:29:23 INFO  [main] liquibase.changelog - Custom SQL executed
2025-08-25 21:29:23 INFO  [main] liquibase.changelog - ChangeSet db/changelog/test-1.0.0/object/question_tags.sql::raw::includeAll ran successfully in 9ms
2025-08-25 21:29:23 INFO  [main] liquibase.ui - Running Changeset: db/changelog/test-1.0.0/object/information.sql::raw::includeAll
2025-08-25 21:29:23 INFO  [main] liquibase.changelog - Custom SQL executed
2025-08-25 21:29:23 INFO  [main] liquibase.changelog - ChangeSet db/changelog/test-1.0.0/object/information.sql::raw::includeAll ran successfully in 6ms
2025-08-25 21:29:23 INFO  [main] liquibase.ui - Running Changeset: db/changelog/test-1.0.0/object/extended_answer.sql::raw::includeAll
2025-08-25 21:29:23 INFO  [main] liquibase.changelog - Custom SQL executed
2025-08-25 21:29:23 INFO  [main] liquibase.changelog - ChangeSet db/changelog/test-1.0.0/object/extended_answer.sql::raw::includeAll ran successfully in 11ms
2025-08-25 21:29:23 INFO  [main] liquibase.ui - Running Changeset: db/changelog/test-1.0.0/object/variant_answer.sql::raw::includeAll
2025-08-25 21:29:23 INFO  [main] liquibase.changelog - Custom SQL executed
2025-08-25 21:29:23 INFO  [main] liquibase.changelog - ChangeSet db/changelog/test-1.0.0/object/variant_answer.sql::raw::includeAll ran successfully in 7ms
2025-08-25 21:29:23 INFO  [main] liquibase.ui - Running Changeset: db/changelog/test-1.0.0/object/quest.sql::raw::includeAll
2025-08-25 21:29:23 INFO  [main] liquibase.changelog - Custom SQL executed
2025-08-25 21:29:23 INFO  [main] liquibase.changelog - ChangeSet db/changelog/test-1.0.0/object/quest.sql::raw::includeAll ran successfully in 8ms
2025-08-25 21:29:23 INFO  [main] liquibase.ui - Running Changeset: db/changelog/test-1.0.0/object/quest_b_l.sql::raw::includeAll
2025-08-25 21:29:23 INFO  [main] liquibase.changelog - Custom SQL executed
2025-08-25 21:29:23 INFO  [main] liquibase.changelog - ChangeSet db/changelog/test-1.0.0/object/quest_b_l.sql::raw::includeAll ran successfully in 5ms
2025-08-25 21:29:23 INFO  [main] liquibase.ui - Running Changeset: db/changelog/test-1.0.0/object/quest_f_l.sql::raw::includeAll
2025-08-25 21:29:23 INFO  [main] liquibase.changelog - Custom SQL executed
2025-08-25 21:29:23 INFO  [main] liquibase.changelog - ChangeSet db/changelog/test-1.0.0/object/quest_f_l.sql::raw::includeAll ran successfully in 5ms
2025-08-25 21:29:23 INFO  [main] liquibase.ui - Running Changeset: db/changelog/test-1.0.0/object/extended_answer_tags.sql::raw::includeAll
2025-08-25 21:29:23 INFO  [main] liquibase.changelog - Custom SQL executed
2025-08-25 21:29:23 INFO  [main] liquibase.changelog - ChangeSet db/changelog/test-1.0.0/object/extended_answer_tags.sql::raw::includeAll ran successfully in 7ms
2025-08-25 21:29:23 INFO  [main] liquibase.ui - Running Changeset: db/changelog/test-1.0.0/object/inform_variant_answer.sql::raw::includeAll
2025-08-25 21:29:23 INFO  [main] liquibase.changelog - Custom SQL executed
2025-08-25 21:29:23 INFO  [main] liquibase.changelog - ChangeSet db/changelog/test-1.0.0/object/inform_variant_answer.sql::raw::includeAll ran successfully in 6ms
2025-08-25 21:29:23 INFO  [main] liquibase.ui - Running Changeset: db/changelog/test-1.0.0/object/inform_extended_answer.sql::raw::includeAll
2025-08-25 21:29:23 INFO  [main] liquibase.changelog - Custom SQL executed
2025-08-25 21:29:23 INFO  [main] liquibase.changelog - ChangeSet db/changelog/test-1.0.0/object/inform_extended_answer.sql::raw::includeAll ran successfully in 5ms
2025-08-25 21:29:23 INFO  [main] liquibase.ui - Running Changeset: db/changelog/test-1.0.0/object/req_cache.sql::raw::includeAll
2025-08-25 21:29:23 INFO  [main] liquibase.changelog - Custom SQL executed
2025-08-25 21:29:23 INFO  [main] liquibase.changelog - ChangeSet db/changelog/test-1.0.0/object/req_cache.sql::raw::includeAll ran successfully in 7ms
2025-08-25 21:29:23 INFO  [main] liquibase.util - UPDATE SUMMARY
2025-08-25 21:29:23 INFO  [main] liquibase.util - Run:                         14
2025-08-25 21:29:23 INFO  [main] liquibase.util - Previously run:               0
2025-08-25 21:29:23 INFO  [main] liquibase.util - Filtered out:                 0
2025-08-25 21:29:23 INFO  [main] liquibase.util - -------------------------------
2025-08-25 21:29:23 INFO  [main] liquibase.util - Total change sets:           14
2025-08-25 21:29:23 INFO  [main] liquibase.util - Update summary generated
2025-08-25 21:29:23 INFO  [main] liquibase.command - Update command completed successfully.
2025-08-25 21:29:23 INFO  [main] liquibase.ui - Liquibase: Update has been successful. Rows affected: 14
2025-08-25 21:29:23 INFO  [main] liquibase.lockservice - Successfully released change log lock
2025-08-25 21:29:23 INFO  [main] liquibase.command - Command execution complete
2025-08-25 21:29:23 INFO  [main] o.h.jpa.internal.util.LogHelper - HHH000204: Processing PersistenceUnitInfo [name: default]
2025-08-25 21:29:23 INFO  [main] org.hibernate.Version - HHH000412: Hibernate ORM core version 6.6.13.Final
2025-08-25 21:29:23 INFO  [main] o.h.c.i.RegionFactoryInitiator - HHH000026: Second-level cache disabled
2025-08-25 21:29:24 INFO  [main] o.s.o.j.p.SpringPersistenceUnitInfo - No LoadTimeWeaver setup: ignoring JPA class transformer
2025-08-25 21:29:24 INFO  [main] o.hibernate.orm.connections.pooling - HHH10001005: Database info:
	Database JDBC URL [Connecting through datasource 'HikariDataSource (HikariPool-1)']
	Database driver: undefined/unknown
	Database version: 15.13
	Autocommit mode: undefined/unknown
	Isolation level: undefined/unknown
	Minimum pool size: undefined/unknown
	Maximum pool size: undefined/unknown
2025-08-25 21:29:25 INFO  [main] o.h.e.t.j.p.i.JtaPlatformInitiator - HHH000489: No JTA platform available (set 'hibernate.transaction.jta.platform' to enable JTA platform integration)
2025-08-25 21:29:25 INFO  [main] o.s.o.j.LocalContainerEntityManagerFactoryBean - Initialized JPA EntityManagerFactory for persistence unit 'default'
2025-08-25 21:29:25 INFO  [main] o.s.b.f.a.AutowiredAnnotationBeanPostProcessor - Autowired annotation is not supported on static fields: private static java.lang.String ru.bmstu.iu7.Main.mlApiUrl
2025-08-25 21:29:25 INFO  [main] o.s.b.f.a.AutowiredAnnotationBeanPostProcessor - Autowired annotation is not supported on static fields: static java.io.Console ru.bmstu.iu7.Main.con
2025-08-25 21:29:26 WARN  [main] o.s.d.repository.query.ReturnedType - No constructor parameter names discovered. Compile the affected code with '-parameters' instead or avoid its introspection: ru.bmstu.iu7.impl.QuestionTagDto
2025-08-25 21:29:26 INFO  [main] o.s.d.j.r.query.QueryEnhancerFactory - Hibernate is in classpath; If applicable, HQL parser will be used.
2025-08-25 21:29:26 INFO  [main] DatabaseTest - Started DatabaseTest in 10.406 seconds (process running for 11.773)
2025-08-25 21:29:26 WARN  [main] o.d.dataset.AbstractTableMetaData - Potential problem found: The configured data type factory 'class org.dbunit.dataset.datatype.DefaultDataTypeFactory' might cause problems with the current database 'PostgreSQL' (e.g. some datatypes may not be supported properly). In rare cases you might see this message because the list of supported database products is incomplete (list=[derby]). If so please request a java-class update via the forums.If you are using your own IDataTypeFactory extending DefaultDataTypeFactory, ensure that you override getValidDbProducts() to specify the supported database products.
2025-08-25 21:29:26 WARN  [main] o.d.dataset.AbstractTableMetaData - Potential problem found: The configured data type factory 'class org.dbunit.dataset.datatype.DefaultDataTypeFactory' might cause problems with the current database 'PostgreSQL' (e.g. some datatypes may not be supported properly). In rare cases you might see this message because the list of supported database products is incomplete (list=[derby]). If so please request a java-class update via the forums.If you are using your own IDataTypeFactory extending DefaultDataTypeFactory, ensure that you override getValidDbProducts() to specify the supported database products.
2025-08-25 21:29:26 WARN  [main] o.d.dataset.AbstractTableMetaData - Potential problem found: The configured data type factory 'class org.dbunit.dataset.datatype.DefaultDataTypeFactory' might cause problems with the current database 'PostgreSQL' (e.g. some datatypes may not be supported properly). In rare cases you might see this message because the list of supported database products is incomplete (list=[derby]). If so please request a java-class update via the forums.If you are using your own IDataTypeFactory extending DefaultDataTypeFactory, ensure that you override getValidDbProducts() to specify the supported database products.
2025-08-25 21:29:26 INFO  [main] ru.bmstu.iu7.ML_port - OLAMA HOST ishttp://localhost:11434/api/generate
2025-08-25 21:29:47 INFO  [main] ru.bmstu.iu7.ML_port - OLAMA HOST ishttp://localhost:11434/api/generate
2025-08-25 21:29:56 INFO  [SpringApplicationShutdownHook] o.s.o.j.LocalContainerEntityManagerFactoryBean - Closing JPA EntityManagerFactory for persistence unit 'default'
2025-08-25 21:29:56 INFO  [SpringApplicationShutdownHook] com.zaxxer.hikari.HikariDataSource - HikariPool-1 - Shutdown initiated...
2025-08-25 21:29:57 INFO  [SpringApplicationShutdownHook] com.zaxxer.hikari.HikariDataSource - HikariPool-1 - Shutdown completed.
2025-08-25 21:36:59 INFO  [Test worker] DatabaseTest - Starting DatabaseTest using Java 23.0.1 with PID 26376 (started by sidya in D:\Projects\PPO_f\PPO_f\app_cli)
2025-08-25 21:36:59 INFO  [Test worker] DatabaseTest - No active profile set, falling back to 1 default profile: "default"
2025-08-25 21:37:00 INFO  [Test worker] o.s.d.r.c.RepositoryConfigurationDelegate - Multiple Spring Data modules found, entering strict repository configuration mode
2025-08-25 21:37:00 INFO  [Test worker] o.s.d.r.c.RepositoryConfigurationDelegate - Bootstrapping Spring Data JDBC repositories in DEFAULT mode.
2025-08-25 21:37:00 INFO  [Test worker] o.s.d.r.c.RepositoryConfigurationExtensionSupport - Spring Data JDBC - Could not safely identify store assignment for repository candidate interface ru.bmstu.iu7.impl.SpringExtendedAnswerRepository; If you want this repository to be a JDBC repository, consider annotating your entities with one of these annotations: org.springframework.data.relational.core.mapping.Table.
2025-08-25 21:37:00 INFO  [Test worker] o.s.d.r.c.RepositoryConfigurationExtensionSupport - Spring Data JDBC - Could not safely identify store assignment for repository candidate interface ru.bmstu.iu7.impl.SpringInformationRepository; If you want this repository to be a JDBC repository, consider annotating your entities with one of these annotations: org.springframework.data.relational.core.mapping.Table.
2025-08-25 21:37:00 INFO  [Test worker] o.s.d.r.c.RepositoryConfigurationExtensionSupport - Spring Data JDBC - Could not safely identify store assignment for repository candidate interface ru.bmstu.iu7.impl.SpringQuestionRepository; If you want this repository to be a JDBC repository, consider annotating your entities with one of these annotations: org.springframework.data.relational.core.mapping.Table.
2025-08-25 21:37:00 INFO  [Test worker] o.s.d.r.c.RepositoryConfigurationExtensionSupport - Spring Data JDBC - Could not safely identify store assignment for repository candidate interface ru.bmstu.iu7.impl.SpringQuestionnaireRepository; If you want this repository to be a JDBC repository, consider annotating your entities with one of these annotations: org.springframework.data.relational.core.mapping.Table.
2025-08-25 21:37:00 INFO  [Test worker] o.s.d.r.c.RepositoryConfigurationExtensionSupport - Spring Data JDBC - Could not safely identify store assignment for repository candidate interface ru.bmstu.iu7.impl.SpringReqCacheRepository; If you want this repository to be a JDBC repository, consider annotating your entities with one of these annotations: org.springframework.data.relational.core.mapping.Table.
2025-08-25 21:37:00 INFO  [Test worker] o.s.d.r.c.RepositoryConfigurationExtensionSupport - Spring Data JDBC - Could not safely identify store assignment for repository candidate interface ru.bmstu.iu7.impl.SpringTagRepository; If you want this repository to be a JDBC repository, consider annotating your entities with one of these annotations: org.springframework.data.relational.core.mapping.Table.
2025-08-25 21:37:00 INFO  [Test worker] o.s.d.r.c.RepositoryConfigurationExtensionSupport - Spring Data JDBC - Could not safely identify store assignment for repository candidate interface ru.bmstu.iu7.impl.SpringUserRepository; If you want this repository to be a JDBC repository, consider annotating your entities with one of these annotations: org.springframework.data.relational.core.mapping.Table.
2025-08-25 21:37:00 INFO  [Test worker] o.s.d.r.c.RepositoryConfigurationExtensionSupport - Spring Data JDBC - Could not safely identify store assignment for repository candidate interface ru.bmstu.iu7.impl.SpringVariantAnswerRepository; If you want this repository to be a JDBC repository, consider annotating your entities with one of these annotations: org.springframework.data.relational.core.mapping.Table.
2025-08-25 21:37:00 INFO  [Test worker] o.s.d.r.c.RepositoryConfigurationDelegate - Finished Spring Data repository scanning in 27 ms. Found 0 JDBC repository interfaces.
2025-08-25 21:37:00 INFO  [Test worker] o.s.d.r.c.RepositoryConfigurationDelegate - Multiple Spring Data modules found, entering strict repository configuration mode
2025-08-25 21:37:00 INFO  [Test worker] o.s.d.r.c.RepositoryConfigurationDelegate - Bootstrapping Spring Data JPA repositories in DEFAULT mode.
2025-08-25 21:37:00 INFO  [Test worker] o.s.d.r.c.RepositoryConfigurationDelegate - Finished Spring Data repository scanning in 37 ms. Found 8 JPA repository interfaces.
2025-08-25 21:37:00 INFO  [Test worker] com.zaxxer.hikari.HikariDataSource - HikariPool-1 - Starting...
2025-08-25 21:37:00 INFO  [Test worker] o.testcontainers.images.PullPolicy - Image pull policy will be performed by: DefaultPullPolicy()
2025-08-25 21:37:00 INFO  [Test worker] o.t.utility.ImageNameSubstitutor - Image name substitution will be performed by: DefaultImageNameSubstitutor (composite of 'ConfigurationFileImageNameSubstitutor' and 'PrefixingImageNameSubstitutor')
2025-08-25 21:37:00 INFO  [Test worker] o.testcontainers.DockerClientFactory - Testcontainers version: 1.20.6
2025-08-25 21:37:01 INFO  [Test worker] o.t.d.DockerClientProviderStrategy - Loaded org.testcontainers.dockerclient.NpipeSocketClientProviderStrategy from ~/.testcontainers.properties, will try it first
2025-08-25 21:37:01 INFO  [Test worker] o.t.d.DockerClientProviderStrategy - Found Docker environment with local Npipe socket (npipe:////./pipe/docker_engine)
2025-08-25 21:37:01 INFO  [Test worker] o.testcontainers.DockerClientFactory - Docker host IP address is localhost
2025-08-25 21:37:01 INFO  [Test worker] o.testcontainers.DockerClientFactory - Connected to docker: 
  Server Version: 28.0.4
  API Version: 1.48
  Operating System: Docker Desktop
  Total Memory: 7806 MB
  Labels: 
    com.docker.desktop.address=npipe://\\.\pipe\docker_cli
2025-08-25 21:37:01 INFO  [Test worker] tc.testcontainers/ryuk:0.11.0 - Creating container for image: testcontainers/ryuk:0.11.0
2025-08-25 21:37:01 INFO  [Test worker] o.t.utility.RegistryAuthLocator - Credential helper/store (docker-credential-desktop) does not have credentials for https://index.docker.io/v1/
2025-08-25 21:37:01 INFO  [Test worker] tc.testcontainers/ryuk:0.11.0 - Container testcontainers/ryuk:0.11.0 is starting: 2f8e2e3d7ce6c1c9282c1b8d5ed0505998c0fe6b1ff3f2845054c7e5b3759a7f
2025-08-25 21:37:02 INFO  [Test worker] tc.testcontainers/ryuk:0.11.0 - Container testcontainers/ryuk:0.11.0 started in PT0.8119268S
2025-08-25 21:37:02 INFO  [Test worker] o.t.utility.RyukResourceReaper - Ryuk started - will monitor and terminate Testcontainers containers on JVM exit
2025-08-25 21:37:02 INFO  [Test worker] o.testcontainers.DockerClientFactory - Checking the system...
2025-08-25 21:37:02 INFO  [Test worker] o.testcontainers.DockerClientFactory - ✔︎ Docker server version should be at least 1.6.0
2025-08-25 21:37:02 INFO  [Test worker] tc.postgres:15 - Creating container for image: postgres:15
2025-08-25 21:37:02 INFO  [Test worker] tc.postgres:15 - Container postgres:15 is starting: 8a622e4eccb7455b9932607551184034179b5cf911c949f57c805b8ea11d656e
2025-08-25 21:37:05 INFO  [Test worker] tc.postgres:15 - Container postgres:15 started in PT2.8390805S
2025-08-25 21:37:05 INFO  [Test worker] tc.postgres:15 - Container is started (JDBC URL: jdbc:postgresql://localhost:43915/test?loggerLevel=OFF)
2025-08-25 21:37:05 INFO  [Test worker] com.zaxxer.hikari.pool.HikariPool - HikariPool-1 - Added connection org.testcontainers.jdbc.ConnectionWrapper@7ef60c02
2025-08-25 21:37:05 INFO  [Test worker] com.zaxxer.hikari.HikariDataSource - HikariPool-1 - Start completed.
2025-08-25 21:37:05 INFO  [Test worker] liquibase.database - Set default schema name to public
2025-08-25 21:37:06 INFO  [Test worker] liquibase.changelog - Creating database history table with name: public.databasechangelog
2025-08-25 21:37:06 INFO  [Test worker] liquibase.changelog - Reading from public.databasechangelog
2025-08-25 21:37:06 INFO  [Test worker] liquibase.lockservice - Successfully acquired change log lock
2025-08-25 21:37:06 INFO  [Test worker] liquibase.command - Using deploymentId: 6147026297
2025-08-25 21:37:06 INFO  [Test worker] liquibase.changelog - Reading from public.databasechangelog
2025-08-25 21:37:06 INFO  [Test worker] liquibase.ui - Running Changeset: db/changelog/test-1.0.0/object/user.sql::user-1::lena
2025-08-25 21:37:06 INFO  [Test worker] liquibase.changelog - Custom SQL executed
2025-08-25 21:37:06 INFO  [Test worker] liquibase.changelog - ChangeSet db/changelog/test-1.0.0/object/user.sql::user-1::lena ran successfully in 20ms
2025-08-25 21:37:06 INFO  [Test worker] liquibase.ui - Running Changeset: db/changelog/test-1.0.0/object/tags.sql::raw::includeAll
2025-08-25 21:37:06 INFO  [Test worker] liquibase.changelog - Custom SQL executed
2025-08-25 21:37:06 INFO  [Test worker] liquibase.changelog - ChangeSet db/changelog/test-1.0.0/object/tags.sql::raw::includeAll ran successfully in 7ms
2025-08-25 21:37:06 INFO  [Test worker] liquibase.ui - Running Changeset: db/changelog/test-1.0.0/object/question.sql::raw::includeAll
2025-08-25 21:37:06 INFO  [Test worker] liquibase.changelog - Custom SQL executed
2025-08-25 21:37:06 INFO  [Test worker] liquibase.changelog - ChangeSet db/changelog/test-1.0.0/object/question.sql::raw::includeAll ran successfully in 6ms
2025-08-25 21:37:06 INFO  [Test worker] liquibase.ui - Running Changeset: db/changelog/test-1.0.0/object/question_tags.sql::raw::includeAll
2025-08-25 21:37:06 INFO  [Test worker] liquibase.changelog - Custom SQL executed
2025-08-25 21:37:06 INFO  [Test worker] liquibase.changelog - ChangeSet db/changelog/test-1.0.0/object/question_tags.sql::raw::includeAll ran successfully in 6ms
2025-08-25 21:37:06 INFO  [Test worker] liquibase.ui - Running Changeset: db/changelog/test-1.0.0/object/information.sql::raw::includeAll
2025-08-25 21:37:06 INFO  [Test worker] liquibase.changelog - Custom SQL executed
2025-08-25 21:37:06 INFO  [Test worker] liquibase.changelog - ChangeSet db/changelog/test-1.0.0/object/information.sql::raw::includeAll ran successfully in 6ms
2025-08-25 21:37:06 INFO  [Test worker] liquibase.ui - Running Changeset: db/changelog/test-1.0.0/object/extended_answer.sql::raw::includeAll
2025-08-25 21:37:06 INFO  [Test worker] liquibase.changelog - Custom SQL executed
2025-08-25 21:37:06 INFO  [Test worker] liquibase.changelog - ChangeSet db/changelog/test-1.0.0/object/extended_answer.sql::raw::includeAll ran successfully in 8ms
2025-08-25 21:37:06 INFO  [Test worker] liquibase.ui - Running Changeset: db/changelog/test-1.0.0/object/variant_answer.sql::raw::includeAll
2025-08-25 21:37:06 INFO  [Test worker] liquibase.changelog - Custom SQL executed
2025-08-25 21:37:06 INFO  [Test worker] liquibase.changelog - ChangeSet db/changelog/test-1.0.0/object/variant_answer.sql::raw::includeAll ran successfully in 8ms
2025-08-25 21:37:06 INFO  [Test worker] liquibase.ui - Running Changeset: db/changelog/test-1.0.0/object/quest.sql::raw::includeAll
2025-08-25 21:37:06 INFO  [Test worker] liquibase.changelog - Custom SQL executed
2025-08-25 21:37:06 INFO  [Test worker] liquibase.changelog - ChangeSet db/changelog/test-1.0.0/object/quest.sql::raw::includeAll ran successfully in 5ms
2025-08-25 21:37:06 INFO  [Test worker] liquibase.ui - Running Changeset: db/changelog/test-1.0.0/object/quest_b_l.sql::raw::includeAll
2025-08-25 21:37:06 INFO  [Test worker] liquibase.changelog - Custom SQL executed
2025-08-25 21:37:06 INFO  [Test worker] liquibase.changelog - ChangeSet db/changelog/test-1.0.0/object/quest_b_l.sql::raw::includeAll ran successfully in 6ms
2025-08-25 21:37:06 INFO  [Test worker] liquibase.ui - Running Changeset: db/changelog/test-1.0.0/object/quest_f_l.sql::raw::includeAll
2025-08-25 21:37:06 INFO  [Test worker] liquibase.changelog - Custom SQL executed
2025-08-25 21:37:06 INFO  [Test worker] liquibase.changelog - ChangeSet db/changelog/test-1.0.0/object/quest_f_l.sql::raw::includeAll ran successfully in 5ms
2025-08-25 21:37:06 INFO  [Test worker] liquibase.ui - Running Changeset: db/changelog/test-1.0.0/object/extended_answer_tags.sql::raw::includeAll
2025-08-25 21:37:06 INFO  [Test worker] liquibase.changelog - Custom SQL executed
2025-08-25 21:37:06 INFO  [Test worker] liquibase.changelog - ChangeSet db/changelog/test-1.0.0/object/extended_answer_tags.sql::raw::includeAll ran successfully in 6ms
2025-08-25 21:37:06 INFO  [Test worker] liquibase.ui - Running Changeset: db/changelog/test-1.0.0/object/inform_variant_answer.sql::raw::includeAll
2025-08-25 21:37:06 INFO  [Test worker] liquibase.changelog - Custom SQL executed
2025-08-25 21:37:06 INFO  [Test worker] liquibase.changelog - ChangeSet db/changelog/test-1.0.0/object/inform_variant_answer.sql::raw::includeAll ran successfully in 6ms
2025-08-25 21:37:06 INFO  [Test worker] liquibase.ui - Running Changeset: db/changelog/test-1.0.0/object/inform_extended_answer.sql::raw::includeAll
2025-08-25 21:37:06 INFO  [Test worker] liquibase.changelog - Custom SQL executed
2025-08-25 21:37:06 INFO  [Test worker] liquibase.changelog - ChangeSet db/changelog/test-1.0.0/object/inform_extended_answer.sql::raw::includeAll ran successfully in 9ms
2025-08-25 21:37:06 INFO  [Test worker] liquibase.ui - Running Changeset: db/changelog/test-1.0.0/object/req_cache.sql::raw::includeAll
2025-08-25 21:37:06 INFO  [Test worker] liquibase.changelog - Custom SQL executed
2025-08-25 21:37:06 INFO  [Test worker] liquibase.changelog - ChangeSet db/changelog/test-1.0.0/object/req_cache.sql::raw::includeAll ran successfully in 3ms
2025-08-25 21:37:06 INFO  [Test worker] liquibase.util - UPDATE SUMMARY
2025-08-25 21:37:06 INFO  [Test worker] liquibase.util - Run:                         14
2025-08-25 21:37:06 INFO  [Test worker] liquibase.util - Previously run:               0
2025-08-25 21:37:06 INFO  [Test worker] liquibase.util - Filtered out:                 0
2025-08-25 21:37:06 INFO  [Test worker] liquibase.util - -------------------------------
2025-08-25 21:37:06 INFO  [Test worker] liquibase.util - Total change sets:           14
2025-08-25 21:37:06 INFO  [Test worker] liquibase.util - Update summary generated
2025-08-25 21:37:06 INFO  [Test worker] liquibase.command - Update command completed successfully.
2025-08-25 21:37:06 INFO  [Test worker] liquibase.ui - Liquibase: Update has been successful. Rows affected: 14
2025-08-25 21:37:06 INFO  [Test worker] liquibase.lockservice - Successfully released change log lock
2025-08-25 21:37:06 INFO  [Test worker] liquibase.command - Command execution complete
2025-08-25 21:37:06 INFO  [Test worker] o.h.jpa.internal.util.LogHelper - HHH000204: Processing PersistenceUnitInfo [name: default]
2025-08-25 21:37:06 INFO  [Test worker] org.hibernate.Version - HHH000412: Hibernate ORM core version 6.6.13.Final
2025-08-25 21:37:06 INFO  [Test worker] o.h.c.i.RegionFactoryInitiator - HHH000026: Second-level cache disabled
2025-08-25 21:37:06 INFO  [Test worker] o.s.o.j.p.SpringPersistenceUnitInfo - No LoadTimeWeaver setup: ignoring JPA class transformer
2025-08-25 21:37:07 INFO  [Test worker] o.hibernate.orm.connections.pooling - HHH10001005: Database info:
	Database JDBC URL [Connecting through datasource 'HikariDataSource (HikariPool-1)']
	Database driver: undefined/unknown
	Database version: 15.13
	Autocommit mode: undefined/unknown
	Isolation level: undefined/unknown
	Minimum pool size: undefined/unknown
	Maximum pool size: undefined/unknown
2025-08-25 21:37:08 INFO  [Test worker] o.h.e.t.j.p.i.JtaPlatformInitiator - HHH000489: No JTA platform available (set 'hibernate.transaction.jta.platform' to enable JTA platform integration)
2025-08-25 21:37:08 INFO  [Test worker] o.s.o.j.LocalContainerEntityManagerFactoryBean - Initialized JPA EntityManagerFactory for persistence unit 'default'
2025-08-25 21:37:08 INFO  [Test worker] o.s.b.f.a.AutowiredAnnotationBeanPostProcessor - Autowired annotation is not supported on static fields: private static java.lang.String ru.bmstu.iu7.Main.mlApiUrl
2025-08-25 21:37:08 INFO  [Test worker] o.s.b.f.a.AutowiredAnnotationBeanPostProcessor - Autowired annotation is not supported on static fields: static java.io.Console ru.bmstu.iu7.Main.con
2025-08-25 21:37:09 INFO  [Test worker] o.s.d.j.r.query.QueryEnhancerFactory - Hibernate is in classpath; If applicable, HQL parser will be used.
2025-08-25 21:37:09 WARN  [Test worker] o.s.d.repository.query.ReturnedType - No constructor parameter names discovered. Compile the affected code with '-parameters' instead or avoid its introspection: ru.bmstu.iu7.impl.QuestionTagDto
2025-08-25 21:37:09 INFO  [Test worker] DatabaseTest - Started DatabaseTest in 10.346 seconds (process running for 12.185)
2025-08-25 21:37:09 WARN  [Test worker] o.d.dataset.AbstractTableMetaData - Potential problem found: The configured data type factory 'class org.dbunit.dataset.datatype.DefaultDataTypeFactory' might cause problems with the current database 'PostgreSQL' (e.g. some datatypes may not be supported properly). In rare cases you might see this message because the list of supported database products is incomplete (list=[derby]). If so please request a java-class update via the forums.If you are using your own IDataTypeFactory extending DefaultDataTypeFactory, ensure that you override getValidDbProducts() to specify the supported database products.
2025-08-25 21:37:09 WARN  [Test worker] o.d.dataset.AbstractTableMetaData - Potential problem found: The configured data type factory 'class org.dbunit.dataset.datatype.DefaultDataTypeFactory' might cause problems with the current database 'PostgreSQL' (e.g. some datatypes may not be supported properly). In rare cases you might see this message because the list of supported database products is incomplete (list=[derby]). If so please request a java-class update via the forums.If you are using your own IDataTypeFactory extending DefaultDataTypeFactory, ensure that you override getValidDbProducts() to specify the supported database products.
2025-08-25 21:37:09 WARN  [Test worker] o.d.dataset.AbstractTableMetaData - Potential problem found: The configured data type factory 'class org.dbunit.dataset.datatype.DefaultDataTypeFactory' might cause problems with the current database 'PostgreSQL' (e.g. some datatypes may not be supported properly). In rare cases you might see this message because the list of supported database products is incomplete (list=[derby]). If so please request a java-class update via the forums.If you are using your own IDataTypeFactory extending DefaultDataTypeFactory, ensure that you override getValidDbProducts() to specify the supported database products.
2025-08-25 21:37:09 INFO  [Test worker] ru.bmstu.iu7.ML_port - OLAMA HOST ishttp://localhost:11434/api/generate
2025-08-25 21:37:21 INFO  [Test worker] ru.bmstu.iu7.ML_port - OLAMA HOST ishttp://localhost:11434/api/generate
2025-08-25 21:37:28 INFO  [SpringApplicationShutdownHook] o.s.o.j.LocalContainerEntityManagerFactoryBean - Closing JPA EntityManagerFactory for persistence unit 'default'
2025-08-25 21:37:28 INFO  [SpringApplicationShutdownHook] com.zaxxer.hikari.HikariDataSource - HikariPool-1 - Shutdown initiated...
2025-08-25 21:37:29 INFO  [SpringApplicationShutdownHook] com.zaxxer.hikari.HikariDataSource - HikariPool-1 - Shutdown completed.
